{"level":"info","message":"External knowledge base loaded successfully","timestamp":"2025-09-08T08:46:36.209Z"}
{"level":"info","message":"External knowledge base loaded successfully","timestamp":"2025-09-08T08:47:33.773Z"}
{"level":"info","message":"External knowledge base loaded successfully","timestamp":"2025-09-11T04:47:53.113Z"}
{"level":"info","message":"External knowledge base loaded successfully","timestamp":"2025-09-11T04:59:11.439Z"}
{"level":"info","message":"External knowledge base loaded successfully","timestamp":"2025-09-11T05:51:19.565Z"}
{"level":"info","message":"External knowledge base loaded successfully","timestamp":"2025-09-16T02:23:06.092Z"}
{"level":"info","message":"[AuctionLogMonitor] Starting auction log monitoring...","timestamp":"2025-09-16T02:23:08.125Z"}
{"level":"info","message":"[AuctionLogMonitor] Starting from position: 0","timestamp":"2025-09-16T02:23:08.125Z"}
{"level":"info","message":"[AuctionLogMonitor] Monitoring started with 30s interval","timestamp":"2025-09-16T02:23:08.125Z"}
{"level":"info","message":"[AuctionLogMonitor] Found 1 new auction entries","timestamp":"2025-09-16T02:23:39.122Z"}
{"level":"info","message":"[AuctionLogMonitor] Processing SYSTEM_TEST at 2025-09-16T00:44:24Z","timestamp":"2025-09-16T02:23:39.122Z"}
{"level":"info","message":"[AuctionLogMonitor] System test entry received: Auction logging system test","server":"pzserver","test":true,"timestamp":"2025-09-16T02:23:39.123Z"}
{"level":"info","message":"[AuctionLogMonitor] Successfully processed all entries; auction log truncated.","timestamp":"2025-09-16T02:23:39.975Z"}
{"level":"info","message":"External knowledge base loaded successfully","timestamp":"2025-09-16T02:31:17.160Z"}
{"level":"info","message":"[AuctionLogMonitor] Starting auction log monitoring...","timestamp":"2025-09-16T02:31:18.951Z"}
{"level":"info","message":"[AuctionLogMonitor] Starting from position: 0","timestamp":"2025-09-16T02:31:18.951Z"}
{"level":"info","message":"[AuctionLogMonitor] Monitoring started with 30s interval","timestamp":"2025-09-16T02:31:18.952Z"}
{"level":"info","message":"External knowledge base loaded successfully","timestamp":"2025-09-16T02:32:45.638Z"}
{"level":"info","message":"[AuctionLogMonitor] Starting auction log monitoring...","timestamp":"2025-09-16T02:32:47.310Z"}
{"level":"info","message":"[AuctionLogMonitor] Starting from position: 0","timestamp":"2025-09-16T02:32:47.310Z"}
{"level":"info","message":"[AuctionLogMonitor] Monitoring started with 30s interval","timestamp":"2025-09-16T02:32:47.310Z"}
{"level":"info","message":"External knowledge base loaded successfully","timestamp":"2025-09-16T02:33:02.147Z"}
{"level":"info","message":"[AuctionLogMonitor] Starting auction log monitoring...","timestamp":"2025-09-16T02:33:03.936Z"}
{"level":"info","message":"[AuctionLogMonitor] Starting from position: 0","timestamp":"2025-09-16T02:33:03.936Z"}
{"level":"info","message":"[AuctionLogMonitor] Monitoring started with 30s interval","timestamp":"2025-09-16T02:33:03.936Z"}
{"level":"info","message":"External knowledge base loaded successfully","timestamp":"2025-09-16T02:33:25.654Z"}
{"level":"info","message":"[AuctionLogMonitor] Starting auction log monitoring...","timestamp":"2025-09-16T02:33:27.616Z"}
{"level":"info","message":"[AuctionLogMonitor] Starting from position: 0","timestamp":"2025-09-16T02:33:27.617Z"}
{"level":"info","message":"[AuctionLogMonitor] Monitoring started with 30s interval","timestamp":"2025-09-16T02:33:27.617Z"}
{"level":"info","message":"External knowledge base loaded successfully","timestamp":"2025-09-16T02:33:59.446Z"}
{"level":"info","message":"[AuctionLogMonitor] Starting auction log monitoring...","timestamp":"2025-09-16T02:34:01.265Z"}
{"level":"info","message":"[AuctionLogMonitor] Starting from position: 0","timestamp":"2025-09-16T02:34:01.265Z"}
{"level":"info","message":"[AuctionLogMonitor] Monitoring started with 30s interval","timestamp":"2025-09-16T02:34:01.266Z"}
{"level":"info","message":"External knowledge base loaded successfully","timestamp":"2025-09-16T02:35:34.875Z"}
{"level":"info","message":"[AuctionLogMonitor] Starting auction log monitoring...","timestamp":"2025-09-16T02:35:36.347Z"}
{"level":"info","message":"[AuctionLogMonitor] Starting from position: 0","timestamp":"2025-09-16T02:35:36.347Z"}
{"level":"info","message":"[AuctionLogMonitor] Monitoring started with 30s interval","timestamp":"2025-09-16T02:35:36.347Z"}
{"level":"info","message":"External knowledge base loaded successfully","timestamp":"2025-09-16T02:35:47.267Z"}
{"level":"info","message":"[AuctionLogMonitor] Starting auction log monitoring...","timestamp":"2025-09-16T02:35:50.504Z"}
{"level":"info","message":"[AuctionLogMonitor] Starting from position: 0","timestamp":"2025-09-16T02:35:50.504Z"}
{"level":"info","message":"[AuctionLogMonitor] Monitoring started with 30s interval","timestamp":"2025-09-16T02:35:50.505Z"}
{"level":"info","message":"External knowledge base loaded successfully","timestamp":"2025-09-16T02:35:54.361Z"}
{"level":"info","message":"[AuctionLogMonitor] Starting auction log monitoring...","timestamp":"2025-09-16T02:35:55.863Z"}
{"level":"info","message":"[AuctionLogMonitor] Starting from position: 0","timestamp":"2025-09-16T02:35:55.864Z"}
{"level":"info","message":"[AuctionLogMonitor] Monitoring started with 30s interval","timestamp":"2025-09-16T02:35:55.864Z"}
{"level":"info","message":"External knowledge base loaded successfully","timestamp":"2025-09-16T02:36:03.489Z"}
{"level":"info","message":"[AuctionLogMonitor] Starting auction log monitoring...","timestamp":"2025-09-16T02:36:05.036Z"}
{"level":"info","message":"[AuctionLogMonitor] Starting from position: 0","timestamp":"2025-09-16T02:36:05.036Z"}
{"level":"info","message":"[AuctionLogMonitor] Monitoring started with 30s interval","timestamp":"2025-09-16T02:36:05.036Z"}
{"level":"info","message":"External knowledge base loaded successfully","timestamp":"2025-09-16T02:36:38.001Z"}
{"level":"info","message":"[AuctionLogMonitor] Starting auction log monitoring...","timestamp":"2025-09-16T02:36:39.786Z"}
{"level":"info","message":"[AuctionLogMonitor] Starting from position: 0","timestamp":"2025-09-16T02:36:39.786Z"}
{"level":"info","message":"[AuctionLogMonitor] Monitoring started with 30s interval","timestamp":"2025-09-16T02:36:39.787Z"}
{"level":"info","message":"[AuctionLogMonitor] Stopping auction log monitoring...","timestamp":"2025-09-16T02:37:09.935Z"}
{"level":"info","message":"External knowledge base loaded successfully","timestamp":"2025-09-16T02:37:12.622Z"}
{"level":"info","message":"[AuctionLogMonitor] Starting auction log monitoring...","timestamp":"2025-09-16T02:37:14.074Z"}
{"level":"info","message":"[AuctionLogMonitor] Starting from position: 0","timestamp":"2025-09-16T02:37:14.075Z"}
{"level":"info","message":"[AuctionLogMonitor] Monitoring started with 30s interval","timestamp":"2025-09-16T02:37:14.075Z"}
{"level":"info","message":"External knowledge base loaded successfully","timestamp":"2025-09-16T02:39:29.414Z"}
{"level":"info","message":"[AuctionLogMonitor] Starting auction log monitoring...","timestamp":"2025-09-16T02:39:31.025Z"}
{"level":"info","message":"[AuctionLogMonitor] Starting from position: 0","timestamp":"2025-09-16T02:39:31.025Z"}
{"level":"info","message":"[AuctionLogMonitor] Monitoring started with 30s interval","timestamp":"2025-09-16T02:39:31.025Z"}
{"level":"info","message":"External knowledge base loaded successfully","timestamp":"2025-09-16T02:39:55.762Z"}
{"level":"info","message":"[AuctionLogMonitor] Starting auction log monitoring...","timestamp":"2025-09-16T02:39:57.254Z"}
{"level":"info","message":"[AuctionLogMonitor] Starting from position: 0","timestamp":"2025-09-16T02:39:57.254Z"}
{"level":"info","message":"[AuctionLogMonitor] Monitoring started with 30s interval","timestamp":"2025-09-16T02:39:57.254Z"}
{"level":"info","message":"External knowledge base loaded successfully","timestamp":"2025-09-16T02:40:35.549Z"}
{"level":"info","message":"[AuctionLogMonitor] Starting auction log monitoring...","timestamp":"2025-09-16T02:40:37.219Z"}
{"level":"info","message":"[AuctionLogMonitor] Starting from position: 0","timestamp":"2025-09-16T02:40:37.219Z"}
{"level":"info","message":"[AuctionLogMonitor] Monitoring started with 30s interval","timestamp":"2025-09-16T02:40:37.219Z"}
{"level":"info","message":"External knowledge base loaded successfully","timestamp":"2025-09-16T02:43:13.576Z"}
{"level":"info","message":"[AuctionLogMonitor] Starting auction log monitoring...","timestamp":"2025-09-16T02:43:15.115Z"}
{"level":"info","message":"[AuctionLogMonitor] Starting from position: 0","timestamp":"2025-09-16T02:43:15.115Z"}
{"level":"info","message":"[AuctionLogMonitor] Monitoring started with 30s interval","timestamp":"2025-09-16T02:43:15.115Z"}
{"level":"info","message":"External knowledge base loaded successfully","timestamp":"2025-09-16T02:44:02.448Z"}
{"level":"info","message":"[AuctionLogMonitor] Starting auction log monitoring...","timestamp":"2025-09-16T02:44:04.078Z"}
{"level":"info","message":"[AuctionLogMonitor] Starting from position: 0","timestamp":"2025-09-16T02:44:04.079Z"}
{"level":"info","message":"[AuctionLogMonitor] Monitoring started with 30s interval","timestamp":"2025-09-16T02:44:04.079Z"}
{"level":"info","message":"External knowledge base loaded successfully","timestamp":"2025-09-16T02:44:21.796Z"}
{"level":"info","message":"[AuctionLogMonitor] Starting auction log monitoring...","timestamp":"2025-09-16T02:44:23.275Z"}
{"level":"info","message":"[AuctionLogMonitor] Starting from position: 0","timestamp":"2025-09-16T02:44:23.276Z"}
{"level":"info","message":"[AuctionLogMonitor] Monitoring started with 30s interval","timestamp":"2025-09-16T02:44:23.276Z"}
{"level":"info","message":"External knowledge base loaded successfully","timestamp":"2025-09-16T02:44:33.708Z"}
{"level":"info","message":"[AuctionLogMonitor] Starting auction log monitoring...","timestamp":"2025-09-16T02:44:44.229Z"}
{"level":"info","message":"[AuctionLogMonitor] Starting from position: 0","timestamp":"2025-09-16T02:44:44.229Z"}
{"level":"info","message":"[AuctionLogMonitor] Monitoring started with 30s interval","timestamp":"2025-09-16T02:44:44.230Z"}
{"level":"info","message":"External knowledge base loaded successfully","timestamp":"2025-09-16T02:44:45.856Z"}
{"level":"info","message":"[AuctionLogMonitor] Starting auction log monitoring...","timestamp":"2025-09-16T02:44:47.249Z"}
{"level":"info","message":"[AuctionLogMonitor] Starting from position: 0","timestamp":"2025-09-16T02:44:47.249Z"}
{"level":"info","message":"[AuctionLogMonitor] Monitoring started with 30s interval","timestamp":"2025-09-16T02:44:47.250Z"}
{"level":"info","message":"External knowledge base loaded successfully","timestamp":"2025-09-16T02:45:38.765Z"}
{"level":"info","message":"[AuctionLogMonitor] Starting auction log monitoring...","timestamp":"2025-09-16T02:45:40.276Z"}
{"level":"info","message":"[AuctionLogMonitor] Starting from position: 0","timestamp":"2025-09-16T02:45:40.276Z"}
{"level":"info","message":"[AuctionLogMonitor] Monitoring started with 30s interval","timestamp":"2025-09-16T02:45:40.276Z"}
{"level":"info","message":"External knowledge base loaded successfully","timestamp":"2025-09-16T02:47:18.725Z"}
{"level":"info","message":"[AuctionLogMonitor] Starting auction log monitoring...","timestamp":"2025-09-16T02:47:20.305Z"}
{"level":"info","message":"[AuctionLogMonitor] Starting from position: 0","timestamp":"2025-09-16T02:47:20.305Z"}
{"level":"info","message":"[AuctionLogMonitor] Monitoring started with 30s interval","timestamp":"2025-09-16T02:47:20.305Z"}
{"level":"info","message":"External knowledge base loaded successfully","timestamp":"2025-09-16T02:47:23.341Z"}
{"level":"info","message":"[AuctionLogMonitor] Starting auction log monitoring...","timestamp":"2025-09-16T02:47:24.902Z"}
{"level":"info","message":"[AuctionLogMonitor] Starting from position: 0","timestamp":"2025-09-16T02:47:24.902Z"}
{"level":"info","message":"[AuctionLogMonitor] Monitoring started with 30s interval","timestamp":"2025-09-16T02:47:24.902Z"}
{"level":"info","message":"External knowledge base loaded successfully","timestamp":"2025-09-16T02:47:31.320Z"}
{"level":"info","message":"[AuctionLogMonitor] Starting auction log monitoring...","timestamp":"2025-09-16T02:47:33.027Z"}
{"level":"info","message":"[AuctionLogMonitor] Starting from position: 0","timestamp":"2025-09-16T02:47:33.027Z"}
{"level":"info","message":"[AuctionLogMonitor] Monitoring started with 30s interval","timestamp":"2025-09-16T02:47:33.027Z"}
{"level":"info","message":"External knowledge base loaded successfully","timestamp":"2025-09-16T02:48:28.516Z"}
{"level":"info","message":"[AuctionLogMonitor] Starting auction log monitoring...","timestamp":"2025-09-16T02:48:30.064Z"}
{"level":"info","message":"[AuctionLogMonitor] Starting from position: 0","timestamp":"2025-09-16T02:48:30.064Z"}
{"level":"info","message":"[AuctionLogMonitor] Monitoring started with 30s interval","timestamp":"2025-09-16T02:48:30.064Z"}
{"level":"info","message":"External knowledge base loaded successfully","timestamp":"2025-09-16T02:48:43.403Z"}
{"level":"info","message":"[AuctionLogMonitor] Starting auction log monitoring...","timestamp":"2025-09-16T02:48:44.905Z"}
{"level":"info","message":"[AuctionLogMonitor] Starting from position: 0","timestamp":"2025-09-16T02:48:44.906Z"}
{"level":"info","message":"[AuctionLogMonitor] Monitoring started with 30s interval","timestamp":"2025-09-16T02:48:44.906Z"}
{"level":"info","message":"External knowledge base loaded successfully","timestamp":"2025-09-16T02:48:53.911Z"}
{"level":"info","message":"[AuctionLogMonitor] Starting auction log monitoring...","timestamp":"2025-09-16T02:48:55.344Z"}
{"level":"info","message":"[AuctionLogMonitor] Starting from position: 0","timestamp":"2025-09-16T02:48:55.345Z"}
{"level":"info","message":"[AuctionLogMonitor] Monitoring started with 30s interval","timestamp":"2025-09-16T02:48:55.345Z"}
{"level":"info","message":"External knowledge base loaded successfully","timestamp":"2025-09-16T02:53:47.313Z"}
{"level":"info","message":"[AuctionLogMonitor] Starting auction log monitoring...","timestamp":"2025-09-16T02:53:48.872Z"}
{"level":"info","message":"[AuctionLogMonitor] Starting from position: 0","timestamp":"2025-09-16T02:53:48.873Z"}
{"level":"info","message":"[AuctionLogMonitor] Monitoring started with 30s interval","timestamp":"2025-09-16T02:53:48.873Z"}
{"level":"info","message":"External knowledge base loaded successfully","timestamp":"2025-09-16T02:54:14.600Z"}
{"level":"info","message":"[AuctionLogMonitor] Starting auction log monitoring...","timestamp":"2025-09-16T02:54:16.215Z"}
{"level":"info","message":"[AuctionLogMonitor] Starting from position: 0","timestamp":"2025-09-16T02:54:16.215Z"}
{"level":"info","message":"[AuctionLogMonitor] Monitoring started with 30s interval","timestamp":"2025-09-16T02:54:16.215Z"}
{"level":"info","message":"External knowledge base loaded successfully","timestamp":"2025-09-16T02:54:29.791Z"}
{"level":"info","message":"[AuctionLogMonitor] Starting auction log monitoring...","timestamp":"2025-09-16T02:54:31.557Z"}
{"level":"info","message":"[AuctionLogMonitor] Starting from position: 0","timestamp":"2025-09-16T02:54:31.557Z"}
{"level":"info","message":"[AuctionLogMonitor] Monitoring started with 30s interval","timestamp":"2025-09-16T02:54:31.557Z"}
{"level":"info","message":"External knowledge base loaded successfully","timestamp":"2025-09-16T02:55:32.027Z"}
{"level":"info","message":"[AuctionLogMonitor] Starting auction log monitoring...","timestamp":"2025-09-16T02:55:33.453Z"}
{"level":"info","message":"[AuctionLogMonitor] Starting from position: 0","timestamp":"2025-09-16T02:55:33.453Z"}
{"level":"info","message":"[AuctionLogMonitor] Monitoring started with 30s interval","timestamp":"2025-09-16T02:55:33.453Z"}
{"level":"info","message":"External knowledge base loaded successfully","timestamp":"2025-09-16T02:55:41.765Z"}
{"level":"info","message":"External knowledge base loaded successfully","timestamp":"2025-09-16T02:55:43.724Z"}
{"level":"info","message":"[AuctionLogMonitor] Starting auction log monitoring...","timestamp":"2025-09-16T02:55:45.345Z"}
{"level":"info","message":"[AuctionLogMonitor] Starting from position: 0","timestamp":"2025-09-16T02:55:45.345Z"}
{"level":"info","message":"[AuctionLogMonitor] Monitoring started with 30s interval","timestamp":"2025-09-16T02:55:45.345Z"}
{"level":"info","message":"External knowledge base loaded successfully","timestamp":"2025-09-16T03:00:05.918Z"}
{"level":"info","message":"[AuctionLogMonitor] Starting auction log monitoring...","timestamp":"2025-09-16T03:00:07.544Z"}
{"level":"info","message":"[AuctionLogMonitor] Starting from position: 0","timestamp":"2025-09-16T03:00:07.545Z"}
{"level":"info","message":"[AuctionLogMonitor] Monitoring started with 30s interval","timestamp":"2025-09-16T03:00:07.545Z"}
{"level":"info","message":"External knowledge base loaded successfully","timestamp":"2025-09-16T03:06:21.090Z"}
{"level":"info","message":"[AuctionLogMonitor] Starting auction log monitoring...","timestamp":"2025-09-16T03:06:22.630Z"}
{"level":"info","message":"[AuctionLogMonitor] Starting from position: 0","timestamp":"2025-09-16T03:06:22.631Z"}
{"level":"info","message":"[AuctionLogMonitor] Monitoring started with 30s interval","timestamp":"2025-09-16T03:06:22.631Z"}
{"level":"info","message":"External knowledge base loaded successfully","timestamp":"2025-09-16T03:06:31.915Z"}
{"level":"info","message":"[AuctionLogMonitor] Starting auction log monitoring...","timestamp":"2025-09-16T03:06:33.525Z"}
{"level":"info","message":"[AuctionLogMonitor] Starting from position: 0","timestamp":"2025-09-16T03:06:33.525Z"}
{"level":"info","message":"[AuctionLogMonitor] Monitoring started with 30s interval","timestamp":"2025-09-16T03:06:33.525Z"}
{"level":"info","message":"External knowledge base loaded successfully","timestamp":"2025-09-16T03:06:45.641Z"}
{"level":"info","message":"[AuctionLogMonitor] Starting auction log monitoring...","timestamp":"2025-09-16T03:06:47.112Z"}
{"level":"info","message":"[AuctionLogMonitor] Starting from position: 0","timestamp":"2025-09-16T03:06:47.112Z"}
{"level":"info","message":"[AuctionLogMonitor] Monitoring started with 30s interval","timestamp":"2025-09-16T03:06:47.112Z"}
{"level":"info","message":"External knowledge base loaded successfully","timestamp":"2025-09-16T03:08:09.354Z"}
{"level":"info","message":"[AuctionLogMonitor] Starting auction log monitoring...","timestamp":"2025-09-16T03:08:10.760Z"}
{"level":"info","message":"[AuctionLogMonitor] Starting from position: 0","timestamp":"2025-09-16T03:08:10.760Z"}
{"level":"info","message":"[AuctionLogMonitor] Monitoring started with 30s interval","timestamp":"2025-09-16T03:08:10.761Z"}
{"level":"info","message":"External knowledge base loaded successfully","timestamp":"2025-09-16T03:08:38.464Z"}
{"level":"info","message":"[AuctionLogMonitor] Starting auction log monitoring...","timestamp":"2025-09-16T03:08:39.855Z"}
{"level":"info","message":"[AuctionLogMonitor] Starting from position: 0","timestamp":"2025-09-16T03:08:39.855Z"}
{"level":"info","message":"[AuctionLogMonitor] Monitoring started with 30s interval","timestamp":"2025-09-16T03:08:39.855Z"}
{"level":"info","message":"External knowledge base loaded successfully","timestamp":"2025-09-16T03:08:49.261Z"}
{"level":"info","message":"[AuctionLogMonitor] Starting auction log monitoring...","timestamp":"2025-09-16T03:08:50.912Z"}
{"level":"info","message":"[AuctionLogMonitor] Starting from position: 0","timestamp":"2025-09-16T03:08:50.912Z"}
{"level":"info","message":"[AuctionLogMonitor] Monitoring started with 30s interval","timestamp":"2025-09-16T03:08:50.912Z"}
{"level":"info","message":"External knowledge base loaded successfully","timestamp":"2025-09-16T03:10:57.542Z"}
{"level":"info","message":"External knowledge base loaded successfully","timestamp":"2025-09-16T03:11:00.024Z"}
{"level":"info","message":"[AuctionLogMonitor] Starting auction log monitoring...","timestamp":"2025-09-16T03:11:01.614Z"}
{"level":"info","message":"[AuctionLogMonitor] Starting from position: 0","timestamp":"2025-09-16T03:11:01.615Z"}
{"level":"info","message":"[AuctionLogMonitor] Monitoring started with 30s interval","timestamp":"2025-09-16T03:11:01.615Z"}
{"level":"info","message":"External knowledge base loaded successfully","timestamp":"2025-09-16T03:11:05.686Z"}
{"level":"info","message":"[AuctionLogMonitor] Starting auction log monitoring...","timestamp":"2025-09-16T03:11:07.303Z"}
{"level":"info","message":"[AuctionLogMonitor] Starting from position: 0","timestamp":"2025-09-16T03:11:07.303Z"}
{"level":"info","message":"[AuctionLogMonitor] Monitoring started with 30s interval","timestamp":"2025-09-16T03:11:07.304Z"}
{"level":"info","message":"External knowledge base loaded successfully","timestamp":"2025-09-16T03:13:57.846Z"}
{"level":"info","message":"[AuctionLogMonitor] Starting auction log monitoring...","timestamp":"2025-09-16T03:13:59.469Z"}
{"level":"info","message":"[AuctionLogMonitor] Starting from position: 0","timestamp":"2025-09-16T03:13:59.469Z"}
{"level":"info","message":"[AuctionLogMonitor] Monitoring started with 30s interval","timestamp":"2025-09-16T03:13:59.470Z"}
{"level":"info","message":"External knowledge base loaded successfully","timestamp":"2025-09-16T03:14:20.537Z"}
{"level":"info","message":"[AuctionLogMonitor] Starting auction log monitoring...","timestamp":"2025-09-16T03:14:22.141Z"}
{"level":"info","message":"[AuctionLogMonitor] Starting from position: 0","timestamp":"2025-09-16T03:14:22.142Z"}
{"level":"info","message":"[AuctionLogMonitor] Monitoring started with 30s interval","timestamp":"2025-09-16T03:14:22.142Z"}
{"level":"info","message":"External knowledge base loaded successfully","timestamp":"2025-09-16T03:15:35.120Z"}
{"level":"info","message":"[AuctionLogMonitor] Starting auction log monitoring...","timestamp":"2025-09-16T03:15:36.783Z"}
{"level":"info","message":"[AuctionLogMonitor] Starting from position: 0","timestamp":"2025-09-16T03:15:36.784Z"}
{"level":"info","message":"[AuctionLogMonitor] Monitoring started with 30s interval","timestamp":"2025-09-16T03:15:36.784Z"}
{"level":"info","message":"External knowledge base loaded successfully","timestamp":"2025-09-16T03:15:43.503Z"}
{"level":"info","message":"[AuctionLogMonitor] Starting auction log monitoring...","timestamp":"2025-09-16T03:15:44.976Z"}
{"level":"info","message":"[AuctionLogMonitor] Starting from position: 0","timestamp":"2025-09-16T03:15:44.976Z"}
{"level":"info","message":"[AuctionLogMonitor] Monitoring started with 30s interval","timestamp":"2025-09-16T03:15:44.976Z"}
{"level":"info","message":"External knowledge base loaded successfully","timestamp":"2025-09-16T03:15:52.974Z"}
{"level":"info","message":"[AuctionLogMonitor] Starting auction log monitoring...","timestamp":"2025-09-16T03:15:54.460Z"}
{"level":"info","message":"[AuctionLogMonitor] Starting from position: 0","timestamp":"2025-09-16T03:15:54.460Z"}
{"level":"info","message":"[AuctionLogMonitor] Monitoring started with 30s interval","timestamp":"2025-09-16T03:15:54.461Z"}
{"level":"info","message":"External knowledge base loaded successfully","timestamp":"2025-09-16T03:17:50.903Z"}
{"level":"info","message":"[AuctionLogMonitor] Starting auction log monitoring...","timestamp":"2025-09-16T03:17:52.355Z"}
{"level":"info","message":"[AuctionLogMonitor] Starting from position: 0","timestamp":"2025-09-16T03:17:52.355Z"}
{"level":"info","message":"[AuctionLogMonitor] Monitoring started with 30s interval","timestamp":"2025-09-16T03:17:52.356Z"}
{"level":"info","message":"External knowledge base loaded successfully","timestamp":"2025-09-16T03:20:19.339Z"}
{"level":"info","message":"[AuctionLogMonitor] Starting auction log monitoring...","timestamp":"2025-09-16T03:20:20.844Z"}
{"level":"info","message":"[AuctionLogMonitor] Starting from position: 0","timestamp":"2025-09-16T03:20:20.844Z"}
{"level":"info","message":"[AuctionLogMonitor] Monitoring started with 30s interval","timestamp":"2025-09-16T03:20:20.844Z"}
{"level":"info","message":"External knowledge base loaded successfully","timestamp":"2025-09-16T03:22:13.527Z"}
{"level":"info","message":"[AuctionLogMonitor] Starting auction log monitoring...","timestamp":"2025-09-16T03:22:15.075Z"}
{"level":"info","message":"[AuctionLogMonitor] Starting from position: 0","timestamp":"2025-09-16T03:22:15.075Z"}
{"level":"info","message":"[AuctionLogMonitor] Monitoring started with 30s interval","timestamp":"2025-09-16T03:22:15.075Z"}
{"level":"info","message":"External knowledge base loaded successfully","timestamp":"2025-09-16T03:23:14.700Z"}
{"level":"info","message":"[AuctionLogMonitor] Starting auction log monitoring...","timestamp":"2025-09-16T03:23:16.406Z"}
{"level":"info","message":"[AuctionLogMonitor] Starting from position: 0","timestamp":"2025-09-16T03:23:16.407Z"}
{"level":"info","message":"[AuctionLogMonitor] Monitoring started with 30s interval","timestamp":"2025-09-16T03:23:16.407Z"}
{"level":"info","message":"[AuctionLogMonitor] Found 1 new auction entries","timestamp":"2025-09-16T03:29:17.482Z"}
{"level":"info","message":"[AuctionLogMonitor] Processing CREATE_AUCTION at 2025-09-16T03:28:59Z","timestamp":"2025-09-16T03:29:17.486Z"}
{"level":"error","message":"[AuctionLogMonitor] Error handling CREATE_AUCTION: numeric field overflow","name":"SequelizeDatabaseError","original":{"code":"22003","detail":"A field with precision 3, scale 2 must round to an absolute value less than 10^1.","file":"numeric.c","length":164,"line":"7560","name":"error","parameters":["319","AK47 Assault Rifle_admin_+9 (Enhanced)","Type: Base.RF_AK47 | Condition: 5000.0% | Buyout: 200 | Duration: 24h | Server: pzserver",190,190,"tester2",200,"Base.RF_AK47",50,"{\"IPPJRecoilDelay\":9.849999904632568,\"IPPJHitChance\":80,\"IPPJRecoilDelayParts\":-0.8499999046325684,\"IPPJHitChanceParts\":0,\"IPPJMinAngleParts\":0,\"IPPJAimingTime\":15,\"IPPJAimingTimeTotal\":15,\"IPPJAimingTimeParts\":0,\"IPPJRepaired\":1,\"AimingPerkHitChanceModifier\":5,\"AimingPerkCritModifier\":0,\"AimingPerkRangeModifier\":0,\"AimingTime\":15,\"Name\":\"AK47 Assault Rifle\",\"enchantmentStats\":{\"enchantCounter\":9,\"originalName\":\"AK47 Assault Rifle\"},\"enchantments\":{\"minDamage\":true,\"maxDamage\":true},\"enchanted\":true,\"savedDamageValues\":{\"minDamage\":10,\"maxDamage\":12},\"weaponID\":\"1136092555\",\"origMinDamage\":10,\"origMaxDamage\":12,\"hasDamageBoost\":true}",null,"{\"action\":\"CREATE_AUCTION\",\"timestamp\":\"2025-09-16T03:28:59Z\",\"unixTime\":1757993339.546,\"data\":{\"sellerUsername\":\"admin\",\"sellerSteamID\":76561198139202300,\"itemType\":\"Base.RF_AK47\",\"itemName\":\"AK47 Assault Rifle_admin_+9 (Enhanced)\",\"itemID\":\"1136092555\",\"condition\":50,\"weight\":4.300000190734863,\"category\":\"Weapon\",\"customName\":\"AK47 Assault Rifle_admin_+9 (Enhanced)\",\"tooltip\":\"Tooltip_762x39\",\"startingPrice\":190,\"buyoutPrice\":200,\"currentBid\":190,\"duration\":24,\"timestamp\":1757993337.3270001,\"description\":\"\",\"isActive\":true,\"serverName\":\"pzserver\",\"modData\":{\"IPPJRecoilDelay\":9.849999904632568,\"IPPJHitChance\":80,\"IPPJRecoilDelayParts\":-0.8499999046325684,\"IPPJHitChanceParts\":0,\"IPPJMinAngleParts\":0,\"IPPJAimingTime\":15,\"IPPJAimingTimeTotal\":15,\"IPPJAimingTimeParts\":0,\"IPPJRepaired\":1,\"AimingPerkHitChanceModifier\":5,\"AimingPerkCritModifier\":0,\"AimingPerkRangeModifier\":0,\"AimingTime\":15,\"Name\":\"AK47 Assault Rifle\",\"enchantmentStats\":{\"enchantCounter\":9,\"originalName\":\"AK47 Assault Rifle\"},\"enchantments\":{\"minDamage\":true,\"maxDamage\":true},\"enchanted\":true,\"savedDamageValues\":{\"minDamage\":10,\"maxDamage\":12},\"weaponID\":\"1136092555\",\"origMinDamage\":10,\"origMaxDamage\":12,\"hasDamageBoost\":true},\"enchantMinDamage\":10,\"enchantMaxDamage\":12,\"originalMinDamage\":10,\"originalMaxDamage\":12,\"hasDamageBoost\":true,\"enchantmentLevel\":9}}","active","2025-09-16 03:29:17.780 +00:00","2025-09-16 03:29:17.780 +00:00"],"routine":"apply_typmod","severity":"ERROR","sql":"INSERT INTO \"player_auctions\" (\"itemid\",\"sellerid\",\"itemname\",\"itemdesc\",\"itemprice\",\"lastbid\",\"sellername\",\"buyoutprice\",\"itemtype\",\"itemcondition\",\"moddata\",\"itemdata\",\"originalsource\",\"status\",\"createdAt\",\"updatedAt\") VALUES (DEFAULT,$1,$2,$3,$4,$5,$6,$7,$8,$9,$10,$11,$12,$13,$14,$15) RETURNING \"itemid\",\"sellerid\",\"itemname\",\"itemdesc\",\"itemprice\",\"lastbid\",\"sellername\",\"buyername\",\"buyerid\",\"buyerUsername\",\"buyoutprice\",\"itemtype\",\"itemcondition\",\"moddata\",\"itemdata\",\"originalsource\",\"status\",\"createdAt\",\"updatedAt\";"},"parameters":["319","AK47 Assault Rifle_admin_+9 (Enhanced)","Type: Base.RF_AK47 | Condition: 5000.0% | Buyout: 200 | Duration: 24h | Server: pzserver",190,190,"tester2",200,"Base.RF_AK47",50,"{\"IPPJRecoilDelay\":9.849999904632568,\"IPPJHitChance\":80,\"IPPJRecoilDelayParts\":-0.8499999046325684,\"IPPJHitChanceParts\":0,\"IPPJMinAngleParts\":0,\"IPPJAimingTime\":15,\"IPPJAimingTimeTotal\":15,\"IPPJAimingTimeParts\":0,\"IPPJRepaired\":1,\"AimingPerkHitChanceModifier\":5,\"AimingPerkCritModifier\":0,\"AimingPerkRangeModifier\":0,\"AimingTime\":15,\"Name\":\"AK47 Assault Rifle\",\"enchantmentStats\":{\"enchantCounter\":9,\"originalName\":\"AK47 Assault Rifle\"},\"enchantments\":{\"minDamage\":true,\"maxDamage\":true},\"enchanted\":true,\"savedDamageValues\":{\"minDamage\":10,\"maxDamage\":12},\"weaponID\":\"1136092555\",\"origMinDamage\":10,\"origMaxDamage\":12,\"hasDamageBoost\":true}",null,"{\"action\":\"CREATE_AUCTION\",\"timestamp\":\"2025-09-16T03:28:59Z\",\"unixTime\":1757993339.546,\"data\":{\"sellerUsername\":\"admin\",\"sellerSteamID\":76561198139202300,\"itemType\":\"Base.RF_AK47\",\"itemName\":\"AK47 Assault Rifle_admin_+9 (Enhanced)\",\"itemID\":\"1136092555\",\"condition\":50,\"weight\":4.300000190734863,\"category\":\"Weapon\",\"customName\":\"AK47 Assault Rifle_admin_+9 (Enhanced)\",\"tooltip\":\"Tooltip_762x39\",\"startingPrice\":190,\"buyoutPrice\":200,\"currentBid\":190,\"duration\":24,\"timestamp\":1757993337.3270001,\"description\":\"\",\"isActive\":true,\"serverName\":\"pzserver\",\"modData\":{\"IPPJRecoilDelay\":9.849999904632568,\"IPPJHitChance\":80,\"IPPJRecoilDelayParts\":-0.8499999046325684,\"IPPJHitChanceParts\":0,\"IPPJMinAngleParts\":0,\"IPPJAimingTime\":15,\"IPPJAimingTimeTotal\":15,\"IPPJAimingTimeParts\":0,\"IPPJRepaired\":1,\"AimingPerkHitChanceModifier\":5,\"AimingPerkCritModifier\":0,\"AimingPerkRangeModifier\":0,\"AimingTime\":15,\"Name\":\"AK47 Assault Rifle\",\"enchantmentStats\":{\"enchantCounter\":9,\"originalName\":\"AK47 Assault Rifle\"},\"enchantments\":{\"minDamage\":true,\"maxDamage\":true},\"enchanted\":true,\"savedDamageValues\":{\"minDamage\":10,\"maxDamage\":12},\"weaponID\":\"1136092555\",\"origMinDamage\":10,\"origMaxDamage\":12,\"hasDamageBoost\":true},\"enchantMinDamage\":10,\"enchantMaxDamage\":12,\"originalMinDamage\":10,\"originalMaxDamage\":12,\"hasDamageBoost\":true,\"enchantmentLevel\":9}}","active","2025-09-16 03:29:17.780 +00:00","2025-09-16 03:29:17.780 +00:00"],"parent":{"code":"22003","detail":"A field with precision 3, scale 2 must round to an absolute value less than 10^1.","file":"numeric.c","length":164,"line":"7560","name":"error","parameters":["319","AK47 Assault Rifle_admin_+9 (Enhanced)","Type: Base.RF_AK47 | Condition: 5000.0% | Buyout: 200 | Duration: 24h | Server: pzserver",190,190,"tester2",200,"Base.RF_AK47",50,"{\"IPPJRecoilDelay\":9.849999904632568,\"IPPJHitChance\":80,\"IPPJRecoilDelayParts\":-0.8499999046325684,\"IPPJHitChanceParts\":0,\"IPPJMinAngleParts\":0,\"IPPJAimingTime\":15,\"IPPJAimingTimeTotal\":15,\"IPPJAimingTimeParts\":0,\"IPPJRepaired\":1,\"AimingPerkHitChanceModifier\":5,\"AimingPerkCritModifier\":0,\"AimingPerkRangeModifier\":0,\"AimingTime\":15,\"Name\":\"AK47 Assault Rifle\",\"enchantmentStats\":{\"enchantCounter\":9,\"originalName\":\"AK47 Assault Rifle\"},\"enchantments\":{\"minDamage\":true,\"maxDamage\":true},\"enchanted\":true,\"savedDamageValues\":{\"minDamage\":10,\"maxDamage\":12},\"weaponID\":\"1136092555\",\"origMinDamage\":10,\"origMaxDamage\":12,\"hasDamageBoost\":true}",null,"{\"action\":\"CREATE_AUCTION\",\"timestamp\":\"2025-09-16T03:28:59Z\",\"unixTime\":1757993339.546,\"data\":{\"sellerUsername\":\"admin\",\"sellerSteamID\":76561198139202300,\"itemType\":\"Base.RF_AK47\",\"itemName\":\"AK47 Assault Rifle_admin_+9 (Enhanced)\",\"itemID\":\"1136092555\",\"condition\":50,\"weight\":4.300000190734863,\"category\":\"Weapon\",\"customName\":\"AK47 Assault Rifle_admin_+9 (Enhanced)\",\"tooltip\":\"Tooltip_762x39\",\"startingPrice\":190,\"buyoutPrice\":200,\"currentBid\":190,\"duration\":24,\"timestamp\":1757993337.3270001,\"description\":\"\",\"isActive\":true,\"serverName\":\"pzserver\",\"modData\":{\"IPPJRecoilDelay\":9.849999904632568,\"IPPJHitChance\":80,\"IPPJRecoilDelayParts\":-0.8499999046325684,\"IPPJHitChanceParts\":0,\"IPPJMinAngleParts\":0,\"IPPJAimingTime\":15,\"IPPJAimingTimeTotal\":15,\"IPPJAimingTimeParts\":0,\"IPPJRepaired\":1,\"AimingPerkHitChanceModifier\":5,\"AimingPerkCritModifier\":0,\"AimingPerkRangeModifier\":0,\"AimingTime\":15,\"Name\":\"AK47 Assault Rifle\",\"enchantmentStats\":{\"enchantCounter\":9,\"originalName\":\"AK47 Assault Rifle\"},\"enchantments\":{\"minDamage\":true,\"maxDamage\":true},\"enchanted\":true,\"savedDamageValues\":{\"minDamage\":10,\"maxDamage\":12},\"weaponID\":\"1136092555\",\"origMinDamage\":10,\"origMaxDamage\":12,\"hasDamageBoost\":true},\"enchantMinDamage\":10,\"enchantMaxDamage\":12,\"originalMinDamage\":10,\"originalMaxDamage\":12,\"hasDamageBoost\":true,\"enchantmentLevel\":9}}","active","2025-09-16 03:29:17.780 +00:00","2025-09-16 03:29:17.780 +00:00"],"routine":"apply_typmod","severity":"ERROR","sql":"INSERT INTO \"player_auctions\" (\"itemid\",\"sellerid\",\"itemname\",\"itemdesc\",\"itemprice\",\"lastbid\",\"sellername\",\"buyoutprice\",\"itemtype\",\"itemcondition\",\"moddata\",\"itemdata\",\"originalsource\",\"status\",\"createdAt\",\"updatedAt\") VALUES (DEFAULT,$1,$2,$3,$4,$5,$6,$7,$8,$9,$10,$11,$12,$13,$14,$15) RETURNING \"itemid\",\"sellerid\",\"itemname\",\"itemdesc\",\"itemprice\",\"lastbid\",\"sellername\",\"buyername\",\"buyerid\",\"buyerUsername\",\"buyoutprice\",\"itemtype\",\"itemcondition\",\"moddata\",\"itemdata\",\"originalsource\",\"status\",\"createdAt\",\"updatedAt\";"},"sql":"INSERT INTO \"player_auctions\" (\"itemid\",\"sellerid\",\"itemname\",\"itemdesc\",\"itemprice\",\"lastbid\",\"sellername\",\"buyoutprice\",\"itemtype\",\"itemcondition\",\"moddata\",\"itemdata\",\"originalsource\",\"status\",\"createdAt\",\"updatedAt\") VALUES (DEFAULT,$1,$2,$3,$4,$5,$6,$7,$8,$9,$10,$11,$12,$13,$14,$15) RETURNING \"itemid\",\"sellerid\",\"itemname\",\"itemdesc\",\"itemprice\",\"lastbid\",\"sellername\",\"buyername\",\"buyerid\",\"buyerUsername\",\"buyoutprice\",\"itemtype\",\"itemcondition\",\"moddata\",\"itemdata\",\"originalsource\",\"status\",\"createdAt\",\"updatedAt\";","stack":"Error\n    at Query.run (C:\\Users\\Michael\\Zomboid\\Workshop\\ZonaNyamanBotZ\\zomboid-discord-rcon\\node_modules\\sequelize\\lib\\dialects\\postgres\\query.js:50:25)\n    at C:\\Users\\Michael\\Zomboid\\Workshop\\ZonaNyamanBotZ\\zomboid-discord-rcon\\node_modules\\sequelize\\lib\\sequelize.js:315:28\n    at process.processTicksAndRejections (node:internal/process/task_queues:95:5)\n    at async PostgresQueryInterface.insert (C:\\Users\\Michael\\Zomboid\\Workshop\\ZonaNyamanBotZ\\zomboid-discord-rcon\\node_modules\\sequelize\\lib\\dialects\\abstract\\query-interface.js:308:21)\n    at async model.save (C:\\Users\\Michael\\Zomboid\\Workshop\\ZonaNyamanBotZ\\zomboid-discord-rcon\\node_modules\\sequelize\\lib\\model.js:2490:35)\n    at async PlayerAuction.create (C:\\Users\\Michael\\Zomboid\\Workshop\\ZonaNyamanBotZ\\zomboid-discord-rcon\\node_modules\\sequelize\\lib\\model.js:1362:12)\n    at async AuctionLogMonitor.handleCreateAuction (file:///C:/Users/Michael/Zomboid/Workshop/ZonaNyamanBotZ/zomboid-discord-rcon/src/services/auctionLogMonitor.js:205:23)\n    at async AuctionLogMonitor.processAuctionEntry (file:///C:/Users/Michael/Zomboid/Workshop/ZonaNyamanBotZ/zomboid-discord-rcon/src/services/auctionLogMonitor.js:121:11)\n    at async AuctionLogMonitor.scanAndProcessAuctions (file:///C:/Users/Michael/Zomboid/Workshop/ZonaNyamanBotZ/zomboid-discord-rcon/src/services/auctionLogMonitor.js:80:22)\n    at async Timeout._onTimeout (file:///C:/Users/Michael/Zomboid/Workshop/ZonaNyamanBotZ/zomboid-discord-rcon/src/services/auctionLogMonitor.js:36:7)","timestamp":"2025-09-16T03:29:17.813Z"}
{"level":"error","message":"[AuctionLogMonitor] Error processing auction entry: numeric field overflow","name":"SequelizeDatabaseError","original":{"code":"22003","detail":"A field with precision 3, scale 2 must round to an absolute value less than 10^1.","file":"numeric.c","length":164,"line":"7560","name":"error","parameters":["319","AK47 Assault Rifle_admin_+9 (Enhanced)","Type: Base.RF_AK47 | Condition: 5000.0% | Buyout: 200 | Duration: 24h | Server: pzserver",190,190,"tester2",200,"Base.RF_AK47",50,"{\"IPPJRecoilDelay\":9.849999904632568,\"IPPJHitChance\":80,\"IPPJRecoilDelayParts\":-0.8499999046325684,\"IPPJHitChanceParts\":0,\"IPPJMinAngleParts\":0,\"IPPJAimingTime\":15,\"IPPJAimingTimeTotal\":15,\"IPPJAimingTimeParts\":0,\"IPPJRepaired\":1,\"AimingPerkHitChanceModifier\":5,\"AimingPerkCritModifier\":0,\"AimingPerkRangeModifier\":0,\"AimingTime\":15,\"Name\":\"AK47 Assault Rifle\",\"enchantmentStats\":{\"enchantCounter\":9,\"originalName\":\"AK47 Assault Rifle\"},\"enchantments\":{\"minDamage\":true,\"maxDamage\":true},\"enchanted\":true,\"savedDamageValues\":{\"minDamage\":10,\"maxDamage\":12},\"weaponID\":\"1136092555\",\"origMinDamage\":10,\"origMaxDamage\":12,\"hasDamageBoost\":true}",null,"{\"action\":\"CREATE_AUCTION\",\"timestamp\":\"2025-09-16T03:28:59Z\",\"unixTime\":1757993339.546,\"data\":{\"sellerUsername\":\"admin\",\"sellerSteamID\":76561198139202300,\"itemType\":\"Base.RF_AK47\",\"itemName\":\"AK47 Assault Rifle_admin_+9 (Enhanced)\",\"itemID\":\"1136092555\",\"condition\":50,\"weight\":4.300000190734863,\"category\":\"Weapon\",\"customName\":\"AK47 Assault Rifle_admin_+9 (Enhanced)\",\"tooltip\":\"Tooltip_762x39\",\"startingPrice\":190,\"buyoutPrice\":200,\"currentBid\":190,\"duration\":24,\"timestamp\":1757993337.3270001,\"description\":\"\",\"isActive\":true,\"serverName\":\"pzserver\",\"modData\":{\"IPPJRecoilDelay\":9.849999904632568,\"IPPJHitChance\":80,\"IPPJRecoilDelayParts\":-0.8499999046325684,\"IPPJHitChanceParts\":0,\"IPPJMinAngleParts\":0,\"IPPJAimingTime\":15,\"IPPJAimingTimeTotal\":15,\"IPPJAimingTimeParts\":0,\"IPPJRepaired\":1,\"AimingPerkHitChanceModifier\":5,\"AimingPerkCritModifier\":0,\"AimingPerkRangeModifier\":0,\"AimingTime\":15,\"Name\":\"AK47 Assault Rifle\",\"enchantmentStats\":{\"enchantCounter\":9,\"originalName\":\"AK47 Assault Rifle\"},\"enchantments\":{\"minDamage\":true,\"maxDamage\":true},\"enchanted\":true,\"savedDamageValues\":{\"minDamage\":10,\"maxDamage\":12},\"weaponID\":\"1136092555\",\"origMinDamage\":10,\"origMaxDamage\":12,\"hasDamageBoost\":true},\"enchantMinDamage\":10,\"enchantMaxDamage\":12,\"originalMinDamage\":10,\"originalMaxDamage\":12,\"hasDamageBoost\":true,\"enchantmentLevel\":9}}","active","2025-09-16 03:29:17.780 +00:00","2025-09-16 03:29:17.780 +00:00"],"routine":"apply_typmod","severity":"ERROR","sql":"INSERT INTO \"player_auctions\" (\"itemid\",\"sellerid\",\"itemname\",\"itemdesc\",\"itemprice\",\"lastbid\",\"sellername\",\"buyoutprice\",\"itemtype\",\"itemcondition\",\"moddata\",\"itemdata\",\"originalsource\",\"status\",\"createdAt\",\"updatedAt\") VALUES (DEFAULT,$1,$2,$3,$4,$5,$6,$7,$8,$9,$10,$11,$12,$13,$14,$15) RETURNING \"itemid\",\"sellerid\",\"itemname\",\"itemdesc\",\"itemprice\",\"lastbid\",\"sellername\",\"buyername\",\"buyerid\",\"buyerUsername\",\"buyoutprice\",\"itemtype\",\"itemcondition\",\"moddata\",\"itemdata\",\"originalsource\",\"status\",\"createdAt\",\"updatedAt\";"},"parameters":["319","AK47 Assault Rifle_admin_+9 (Enhanced)","Type: Base.RF_AK47 | Condition: 5000.0% | Buyout: 200 | Duration: 24h | Server: pzserver",190,190,"tester2",200,"Base.RF_AK47",50,"{\"IPPJRecoilDelay\":9.849999904632568,\"IPPJHitChance\":80,\"IPPJRecoilDelayParts\":-0.8499999046325684,\"IPPJHitChanceParts\":0,\"IPPJMinAngleParts\":0,\"IPPJAimingTime\":15,\"IPPJAimingTimeTotal\":15,\"IPPJAimingTimeParts\":0,\"IPPJRepaired\":1,\"AimingPerkHitChanceModifier\":5,\"AimingPerkCritModifier\":0,\"AimingPerkRangeModifier\":0,\"AimingTime\":15,\"Name\":\"AK47 Assault Rifle\",\"enchantmentStats\":{\"enchantCounter\":9,\"originalName\":\"AK47 Assault Rifle\"},\"enchantments\":{\"minDamage\":true,\"maxDamage\":true},\"enchanted\":true,\"savedDamageValues\":{\"minDamage\":10,\"maxDamage\":12},\"weaponID\":\"1136092555\",\"origMinDamage\":10,\"origMaxDamage\":12,\"hasDamageBoost\":true}",null,"{\"action\":\"CREATE_AUCTION\",\"timestamp\":\"2025-09-16T03:28:59Z\",\"unixTime\":1757993339.546,\"data\":{\"sellerUsername\":\"admin\",\"sellerSteamID\":76561198139202300,\"itemType\":\"Base.RF_AK47\",\"itemName\":\"AK47 Assault Rifle_admin_+9 (Enhanced)\",\"itemID\":\"1136092555\",\"condition\":50,\"weight\":4.300000190734863,\"category\":\"Weapon\",\"customName\":\"AK47 Assault Rifle_admin_+9 (Enhanced)\",\"tooltip\":\"Tooltip_762x39\",\"startingPrice\":190,\"buyoutPrice\":200,\"currentBid\":190,\"duration\":24,\"timestamp\":1757993337.3270001,\"description\":\"\",\"isActive\":true,\"serverName\":\"pzserver\",\"modData\":{\"IPPJRecoilDelay\":9.849999904632568,\"IPPJHitChance\":80,\"IPPJRecoilDelayParts\":-0.8499999046325684,\"IPPJHitChanceParts\":0,\"IPPJMinAngleParts\":0,\"IPPJAimingTime\":15,\"IPPJAimingTimeTotal\":15,\"IPPJAimingTimeParts\":0,\"IPPJRepaired\":1,\"AimingPerkHitChanceModifier\":5,\"AimingPerkCritModifier\":0,\"AimingPerkRangeModifier\":0,\"AimingTime\":15,\"Name\":\"AK47 Assault Rifle\",\"enchantmentStats\":{\"enchantCounter\":9,\"originalName\":\"AK47 Assault Rifle\"},\"enchantments\":{\"minDamage\":true,\"maxDamage\":true},\"enchanted\":true,\"savedDamageValues\":{\"minDamage\":10,\"maxDamage\":12},\"weaponID\":\"1136092555\",\"origMinDamage\":10,\"origMaxDamage\":12,\"hasDamageBoost\":true},\"enchantMinDamage\":10,\"enchantMaxDamage\":12,\"originalMinDamage\":10,\"originalMaxDamage\":12,\"hasDamageBoost\":true,\"enchantmentLevel\":9}}","active","2025-09-16 03:29:17.780 +00:00","2025-09-16 03:29:17.780 +00:00"],"parent":{"code":"22003","detail":"A field with precision 3, scale 2 must round to an absolute value less than 10^1.","file":"numeric.c","length":164,"line":"7560","name":"error","parameters":["319","AK47 Assault Rifle_admin_+9 (Enhanced)","Type: Base.RF_AK47 | Condition: 5000.0% | Buyout: 200 | Duration: 24h | Server: pzserver",190,190,"tester2",200,"Base.RF_AK47",50,"{\"IPPJRecoilDelay\":9.849999904632568,\"IPPJHitChance\":80,\"IPPJRecoilDelayParts\":-0.8499999046325684,\"IPPJHitChanceParts\":0,\"IPPJMinAngleParts\":0,\"IPPJAimingTime\":15,\"IPPJAimingTimeTotal\":15,\"IPPJAimingTimeParts\":0,\"IPPJRepaired\":1,\"AimingPerkHitChanceModifier\":5,\"AimingPerkCritModifier\":0,\"AimingPerkRangeModifier\":0,\"AimingTime\":15,\"Name\":\"AK47 Assault Rifle\",\"enchantmentStats\":{\"enchantCounter\":9,\"originalName\":\"AK47 Assault Rifle\"},\"enchantments\":{\"minDamage\":true,\"maxDamage\":true},\"enchanted\":true,\"savedDamageValues\":{\"minDamage\":10,\"maxDamage\":12},\"weaponID\":\"1136092555\",\"origMinDamage\":10,\"origMaxDamage\":12,\"hasDamageBoost\":true}",null,"{\"action\":\"CREATE_AUCTION\",\"timestamp\":\"2025-09-16T03:28:59Z\",\"unixTime\":1757993339.546,\"data\":{\"sellerUsername\":\"admin\",\"sellerSteamID\":76561198139202300,\"itemType\":\"Base.RF_AK47\",\"itemName\":\"AK47 Assault Rifle_admin_+9 (Enhanced)\",\"itemID\":\"1136092555\",\"condition\":50,\"weight\":4.300000190734863,\"category\":\"Weapon\",\"customName\":\"AK47 Assault Rifle_admin_+9 (Enhanced)\",\"tooltip\":\"Tooltip_762x39\",\"startingPrice\":190,\"buyoutPrice\":200,\"currentBid\":190,\"duration\":24,\"timestamp\":1757993337.3270001,\"description\":\"\",\"isActive\":true,\"serverName\":\"pzserver\",\"modData\":{\"IPPJRecoilDelay\":9.849999904632568,\"IPPJHitChance\":80,\"IPPJRecoilDelayParts\":-0.8499999046325684,\"IPPJHitChanceParts\":0,\"IPPJMinAngleParts\":0,\"IPPJAimingTime\":15,\"IPPJAimingTimeTotal\":15,\"IPPJAimingTimeParts\":0,\"IPPJRepaired\":1,\"AimingPerkHitChanceModifier\":5,\"AimingPerkCritModifier\":0,\"AimingPerkRangeModifier\":0,\"AimingTime\":15,\"Name\":\"AK47 Assault Rifle\",\"enchantmentStats\":{\"enchantCounter\":9,\"originalName\":\"AK47 Assault Rifle\"},\"enchantments\":{\"minDamage\":true,\"maxDamage\":true},\"enchanted\":true,\"savedDamageValues\":{\"minDamage\":10,\"maxDamage\":12},\"weaponID\":\"1136092555\",\"origMinDamage\":10,\"origMaxDamage\":12,\"hasDamageBoost\":true},\"enchantMinDamage\":10,\"enchantMaxDamage\":12,\"originalMinDamage\":10,\"originalMaxDamage\":12,\"hasDamageBoost\":true,\"enchantmentLevel\":9}}","active","2025-09-16 03:29:17.780 +00:00","2025-09-16 03:29:17.780 +00:00"],"routine":"apply_typmod","severity":"ERROR","sql":"INSERT INTO \"player_auctions\" (\"itemid\",\"sellerid\",\"itemname\",\"itemdesc\",\"itemprice\",\"lastbid\",\"sellername\",\"buyoutprice\",\"itemtype\",\"itemcondition\",\"moddata\",\"itemdata\",\"originalsource\",\"status\",\"createdAt\",\"updatedAt\") VALUES (DEFAULT,$1,$2,$3,$4,$5,$6,$7,$8,$9,$10,$11,$12,$13,$14,$15) RETURNING \"itemid\",\"sellerid\",\"itemname\",\"itemdesc\",\"itemprice\",\"lastbid\",\"sellername\",\"buyername\",\"buyerid\",\"buyerUsername\",\"buyoutprice\",\"itemtype\",\"itemcondition\",\"moddata\",\"itemdata\",\"originalsource\",\"status\",\"createdAt\",\"updatedAt\";"},"sql":"INSERT INTO \"player_auctions\" (\"itemid\",\"sellerid\",\"itemname\",\"itemdesc\",\"itemprice\",\"lastbid\",\"sellername\",\"buyoutprice\",\"itemtype\",\"itemcondition\",\"moddata\",\"itemdata\",\"originalsource\",\"status\",\"createdAt\",\"updatedAt\") VALUES (DEFAULT,$1,$2,$3,$4,$5,$6,$7,$8,$9,$10,$11,$12,$13,$14,$15) RETURNING \"itemid\",\"sellerid\",\"itemname\",\"itemdesc\",\"itemprice\",\"lastbid\",\"sellername\",\"buyername\",\"buyerid\",\"buyerUsername\",\"buyoutprice\",\"itemtype\",\"itemcondition\",\"moddata\",\"itemdata\",\"originalsource\",\"status\",\"createdAt\",\"updatedAt\";","stack":"Error\n    at Query.run (C:\\Users\\Michael\\Zomboid\\Workshop\\ZonaNyamanBotZ\\zomboid-discord-rcon\\node_modules\\sequelize\\lib\\dialects\\postgres\\query.js:50:25)\n    at C:\\Users\\Michael\\Zomboid\\Workshop\\ZonaNyamanBotZ\\zomboid-discord-rcon\\node_modules\\sequelize\\lib\\sequelize.js:315:28\n    at process.processTicksAndRejections (node:internal/process/task_queues:95:5)\n    at async PostgresQueryInterface.insert (C:\\Users\\Michael\\Zomboid\\Workshop\\ZonaNyamanBotZ\\zomboid-discord-rcon\\node_modules\\sequelize\\lib\\dialects\\abstract\\query-interface.js:308:21)\n    at async model.save (C:\\Users\\Michael\\Zomboid\\Workshop\\ZonaNyamanBotZ\\zomboid-discord-rcon\\node_modules\\sequelize\\lib\\model.js:2490:35)\n    at async PlayerAuction.create (C:\\Users\\Michael\\Zomboid\\Workshop\\ZonaNyamanBotZ\\zomboid-discord-rcon\\node_modules\\sequelize\\lib\\model.js:1362:12)\n    at async AuctionLogMonitor.handleCreateAuction (file:///C:/Users/Michael/Zomboid/Workshop/ZonaNyamanBotZ/zomboid-discord-rcon/src/services/auctionLogMonitor.js:205:23)\n    at async AuctionLogMonitor.processAuctionEntry (file:///C:/Users/Michael/Zomboid/Workshop/ZonaNyamanBotZ/zomboid-discord-rcon/src/services/auctionLogMonitor.js:121:11)\n    at async AuctionLogMonitor.scanAndProcessAuctions (file:///C:/Users/Michael/Zomboid/Workshop/ZonaNyamanBotZ/zomboid-discord-rcon/src/services/auctionLogMonitor.js:80:22)\n    at async Timeout._onTimeout (file:///C:/Users/Michael/Zomboid/Workshop/ZonaNyamanBotZ/zomboid-discord-rcon/src/services/auctionLogMonitor.js:36:7)","timestamp":"2025-09-16T03:29:17.814Z"}
{"action":"CREATE_AUCTION","data":{"buyoutPrice":200,"category":"Weapon","condition":50,"currentBid":190,"customName":"AK47 Assault Rifle_admin_+9 (Enhanced)","description":"","duration":24,"enchantMaxDamage":12,"enchantMinDamage":10,"enchantmentLevel":9,"hasDamageBoost":true,"isActive":true,"itemID":"1136092555","itemName":"AK47 Assault Rifle_admin_+9 (Enhanced)","itemType":"Base.RF_AK47","modData":{"AimingPerkCritModifier":0,"AimingPerkHitChanceModifier":5,"AimingPerkRangeModifier":0,"AimingTime":15,"IPPJAimingTime":15,"IPPJAimingTimeParts":0,"IPPJAimingTimeTotal":15,"IPPJHitChance":80,"IPPJHitChanceParts":0,"IPPJMinAngleParts":0,"IPPJRecoilDelay":9.849999904632568,"IPPJRecoilDelayParts":-0.8499999046325684,"IPPJRepaired":1,"Name":"AK47 Assault Rifle","enchanted":true,"enchantmentStats":{"enchantCounter":9,"originalName":"AK47 Assault Rifle"},"enchantments":{"maxDamage":true,"minDamage":true},"hasDamageBoost":true,"origMaxDamage":12,"origMinDamage":10,"savedDamageValues":{"maxDamage":12,"minDamage":10},"weaponID":"1136092555"},"originalMaxDamage":12,"originalMinDamage":10,"sellerSteamID":76561198139202300,"sellerUsername":"admin","serverName":"pzserver","startingPrice":190,"timestamp":1757993337.3270001,"tooltip":"Tooltip_762x39","weight":4.300000190734863},"level":"error","message":"[AuctionLogMonitor] Entry data:","timestamp":"2025-09-16T03:28:59Z","unixTime":1757993339.546}
{"level":"warn","message":"[AuctionLogMonitor] Some entries failed; auction log preserved for retry.","timestamp":"2025-09-16T03:29:17.815Z"}
{"level":"info","message":"[AuctionLogMonitor] Found 1 new auction entries","timestamp":"2025-09-16T03:29:47.465Z"}
{"level":"info","message":"[AuctionLogMonitor] Processing CREATE_AUCTION at 2025-09-16T03:28:59Z","timestamp":"2025-09-16T03:29:47.466Z"}
{"level":"error","message":"[AuctionLogMonitor] Error handling CREATE_AUCTION: numeric field overflow","name":"SequelizeDatabaseError","original":{"code":"22003","detail":"A field with precision 3, scale 2 must round to an absolute value less than 10^1.","file":"numeric.c","length":164,"line":"7560","name":"error","parameters":["319","AK47 Assault Rifle_admin_+9 (Enhanced)","Type: Base.RF_AK47 | Condition: 5000.0% | Buyout: 200 | Duration: 24h | Server: pzserver",190,190,"tester2",200,"Base.RF_AK47",50,"{\"IPPJRecoilDelay\":9.849999904632568,\"IPPJHitChance\":80,\"IPPJRecoilDelayParts\":-0.8499999046325684,\"IPPJHitChanceParts\":0,\"IPPJMinAngleParts\":0,\"IPPJAimingTime\":15,\"IPPJAimingTimeTotal\":15,\"IPPJAimingTimeParts\":0,\"IPPJRepaired\":1,\"AimingPerkHitChanceModifier\":5,\"AimingPerkCritModifier\":0,\"AimingPerkRangeModifier\":0,\"AimingTime\":15,\"Name\":\"AK47 Assault Rifle\",\"enchantmentStats\":{\"enchantCounter\":9,\"originalName\":\"AK47 Assault Rifle\"},\"enchantments\":{\"minDamage\":true,\"maxDamage\":true},\"enchanted\":true,\"savedDamageValues\":{\"minDamage\":10,\"maxDamage\":12},\"weaponID\":\"1136092555\",\"origMinDamage\":10,\"origMaxDamage\":12,\"hasDamageBoost\":true}",null,"{\"action\":\"CREATE_AUCTION\",\"timestamp\":\"2025-09-16T03:28:59Z\",\"unixTime\":1757993339.546,\"data\":{\"sellerUsername\":\"admin\",\"sellerSteamID\":76561198139202300,\"itemType\":\"Base.RF_AK47\",\"itemName\":\"AK47 Assault Rifle_admin_+9 (Enhanced)\",\"itemID\":\"1136092555\",\"condition\":50,\"weight\":4.300000190734863,\"category\":\"Weapon\",\"customName\":\"AK47 Assault Rifle_admin_+9 (Enhanced)\",\"tooltip\":\"Tooltip_762x39\",\"startingPrice\":190,\"buyoutPrice\":200,\"currentBid\":190,\"duration\":24,\"timestamp\":1757993337.3270001,\"description\":\"\",\"isActive\":true,\"serverName\":\"pzserver\",\"modData\":{\"IPPJRecoilDelay\":9.849999904632568,\"IPPJHitChance\":80,\"IPPJRecoilDelayParts\":-0.8499999046325684,\"IPPJHitChanceParts\":0,\"IPPJMinAngleParts\":0,\"IPPJAimingTime\":15,\"IPPJAimingTimeTotal\":15,\"IPPJAimingTimeParts\":0,\"IPPJRepaired\":1,\"AimingPerkHitChanceModifier\":5,\"AimingPerkCritModifier\":0,\"AimingPerkRangeModifier\":0,\"AimingTime\":15,\"Name\":\"AK47 Assault Rifle\",\"enchantmentStats\":{\"enchantCounter\":9,\"originalName\":\"AK47 Assault Rifle\"},\"enchantments\":{\"minDamage\":true,\"maxDamage\":true},\"enchanted\":true,\"savedDamageValues\":{\"minDamage\":10,\"maxDamage\":12},\"weaponID\":\"1136092555\",\"origMinDamage\":10,\"origMaxDamage\":12,\"hasDamageBoost\":true},\"enchantMinDamage\":10,\"enchantMaxDamage\":12,\"originalMinDamage\":10,\"originalMaxDamage\":12,\"hasDamageBoost\":true,\"enchantmentLevel\":9}}","active","2025-09-16 03:29:47.688 +00:00","2025-09-16 03:29:47.688 +00:00"],"routine":"apply_typmod","severity":"ERROR","sql":"INSERT INTO \"player_auctions\" (\"itemid\",\"sellerid\",\"itemname\",\"itemdesc\",\"itemprice\",\"lastbid\",\"sellername\",\"buyoutprice\",\"itemtype\",\"itemcondition\",\"moddata\",\"itemdata\",\"originalsource\",\"status\",\"createdAt\",\"updatedAt\") VALUES (DEFAULT,$1,$2,$3,$4,$5,$6,$7,$8,$9,$10,$11,$12,$13,$14,$15) RETURNING \"itemid\",\"sellerid\",\"itemname\",\"itemdesc\",\"itemprice\",\"lastbid\",\"sellername\",\"buyername\",\"buyerid\",\"buyerUsername\",\"buyoutprice\",\"itemtype\",\"itemcondition\",\"moddata\",\"itemdata\",\"originalsource\",\"status\",\"createdAt\",\"updatedAt\";"},"parameters":["319","AK47 Assault Rifle_admin_+9 (Enhanced)","Type: Base.RF_AK47 | Condition: 5000.0% | Buyout: 200 | Duration: 24h | Server: pzserver",190,190,"tester2",200,"Base.RF_AK47",50,"{\"IPPJRecoilDelay\":9.849999904632568,\"IPPJHitChance\":80,\"IPPJRecoilDelayParts\":-0.8499999046325684,\"IPPJHitChanceParts\":0,\"IPPJMinAngleParts\":0,\"IPPJAimingTime\":15,\"IPPJAimingTimeTotal\":15,\"IPPJAimingTimeParts\":0,\"IPPJRepaired\":1,\"AimingPerkHitChanceModifier\":5,\"AimingPerkCritModifier\":0,\"AimingPerkRangeModifier\":0,\"AimingTime\":15,\"Name\":\"AK47 Assault Rifle\",\"enchantmentStats\":{\"enchantCounter\":9,\"originalName\":\"AK47 Assault Rifle\"},\"enchantments\":{\"minDamage\":true,\"maxDamage\":true},\"enchanted\":true,\"savedDamageValues\":{\"minDamage\":10,\"maxDamage\":12},\"weaponID\":\"1136092555\",\"origMinDamage\":10,\"origMaxDamage\":12,\"hasDamageBoost\":true}",null,"{\"action\":\"CREATE_AUCTION\",\"timestamp\":\"2025-09-16T03:28:59Z\",\"unixTime\":1757993339.546,\"data\":{\"sellerUsername\":\"admin\",\"sellerSteamID\":76561198139202300,\"itemType\":\"Base.RF_AK47\",\"itemName\":\"AK47 Assault Rifle_admin_+9 (Enhanced)\",\"itemID\":\"1136092555\",\"condition\":50,\"weight\":4.300000190734863,\"category\":\"Weapon\",\"customName\":\"AK47 Assault Rifle_admin_+9 (Enhanced)\",\"tooltip\":\"Tooltip_762x39\",\"startingPrice\":190,\"buyoutPrice\":200,\"currentBid\":190,\"duration\":24,\"timestamp\":1757993337.3270001,\"description\":\"\",\"isActive\":true,\"serverName\":\"pzserver\",\"modData\":{\"IPPJRecoilDelay\":9.849999904632568,\"IPPJHitChance\":80,\"IPPJRecoilDelayParts\":-0.8499999046325684,\"IPPJHitChanceParts\":0,\"IPPJMinAngleParts\":0,\"IPPJAimingTime\":15,\"IPPJAimingTimeTotal\":15,\"IPPJAimingTimeParts\":0,\"IPPJRepaired\":1,\"AimingPerkHitChanceModifier\":5,\"AimingPerkCritModifier\":0,\"AimingPerkRangeModifier\":0,\"AimingTime\":15,\"Name\":\"AK47 Assault Rifle\",\"enchantmentStats\":{\"enchantCounter\":9,\"originalName\":\"AK47 Assault Rifle\"},\"enchantments\":{\"minDamage\":true,\"maxDamage\":true},\"enchanted\":true,\"savedDamageValues\":{\"minDamage\":10,\"maxDamage\":12},\"weaponID\":\"1136092555\",\"origMinDamage\":10,\"origMaxDamage\":12,\"hasDamageBoost\":true},\"enchantMinDamage\":10,\"enchantMaxDamage\":12,\"originalMinDamage\":10,\"originalMaxDamage\":12,\"hasDamageBoost\":true,\"enchantmentLevel\":9}}","active","2025-09-16 03:29:47.688 +00:00","2025-09-16 03:29:47.688 +00:00"],"parent":{"code":"22003","detail":"A field with precision 3, scale 2 must round to an absolute value less than 10^1.","file":"numeric.c","length":164,"line":"7560","name":"error","parameters":["319","AK47 Assault Rifle_admin_+9 (Enhanced)","Type: Base.RF_AK47 | Condition: 5000.0% | Buyout: 200 | Duration: 24h | Server: pzserver",190,190,"tester2",200,"Base.RF_AK47",50,"{\"IPPJRecoilDelay\":9.849999904632568,\"IPPJHitChance\":80,\"IPPJRecoilDelayParts\":-0.8499999046325684,\"IPPJHitChanceParts\":0,\"IPPJMinAngleParts\":0,\"IPPJAimingTime\":15,\"IPPJAimingTimeTotal\":15,\"IPPJAimingTimeParts\":0,\"IPPJRepaired\":1,\"AimingPerkHitChanceModifier\":5,\"AimingPerkCritModifier\":0,\"AimingPerkRangeModifier\":0,\"AimingTime\":15,\"Name\":\"AK47 Assault Rifle\",\"enchantmentStats\":{\"enchantCounter\":9,\"originalName\":\"AK47 Assault Rifle\"},\"enchantments\":{\"minDamage\":true,\"maxDamage\":true},\"enchanted\":true,\"savedDamageValues\":{\"minDamage\":10,\"maxDamage\":12},\"weaponID\":\"1136092555\",\"origMinDamage\":10,\"origMaxDamage\":12,\"hasDamageBoost\":true}",null,"{\"action\":\"CREATE_AUCTION\",\"timestamp\":\"2025-09-16T03:28:59Z\",\"unixTime\":1757993339.546,\"data\":{\"sellerUsername\":\"admin\",\"sellerSteamID\":76561198139202300,\"itemType\":\"Base.RF_AK47\",\"itemName\":\"AK47 Assault Rifle_admin_+9 (Enhanced)\",\"itemID\":\"1136092555\",\"condition\":50,\"weight\":4.300000190734863,\"category\":\"Weapon\",\"customName\":\"AK47 Assault Rifle_admin_+9 (Enhanced)\",\"tooltip\":\"Tooltip_762x39\",\"startingPrice\":190,\"buyoutPrice\":200,\"currentBid\":190,\"duration\":24,\"timestamp\":1757993337.3270001,\"description\":\"\",\"isActive\":true,\"serverName\":\"pzserver\",\"modData\":{\"IPPJRecoilDelay\":9.849999904632568,\"IPPJHitChance\":80,\"IPPJRecoilDelayParts\":-0.8499999046325684,\"IPPJHitChanceParts\":0,\"IPPJMinAngleParts\":0,\"IPPJAimingTime\":15,\"IPPJAimingTimeTotal\":15,\"IPPJAimingTimeParts\":0,\"IPPJRepaired\":1,\"AimingPerkHitChanceModifier\":5,\"AimingPerkCritModifier\":0,\"AimingPerkRangeModifier\":0,\"AimingTime\":15,\"Name\":\"AK47 Assault Rifle\",\"enchantmentStats\":{\"enchantCounter\":9,\"originalName\":\"AK47 Assault Rifle\"},\"enchantments\":{\"minDamage\":true,\"maxDamage\":true},\"enchanted\":true,\"savedDamageValues\":{\"minDamage\":10,\"maxDamage\":12},\"weaponID\":\"1136092555\",\"origMinDamage\":10,\"origMaxDamage\":12,\"hasDamageBoost\":true},\"enchantMinDamage\":10,\"enchantMaxDamage\":12,\"originalMinDamage\":10,\"originalMaxDamage\":12,\"hasDamageBoost\":true,\"enchantmentLevel\":9}}","active","2025-09-16 03:29:47.688 +00:00","2025-09-16 03:29:47.688 +00:00"],"routine":"apply_typmod","severity":"ERROR","sql":"INSERT INTO \"player_auctions\" (\"itemid\",\"sellerid\",\"itemname\",\"itemdesc\",\"itemprice\",\"lastbid\",\"sellername\",\"buyoutprice\",\"itemtype\",\"itemcondition\",\"moddata\",\"itemdata\",\"originalsource\",\"status\",\"createdAt\",\"updatedAt\") VALUES (DEFAULT,$1,$2,$3,$4,$5,$6,$7,$8,$9,$10,$11,$12,$13,$14,$15) RETURNING \"itemid\",\"sellerid\",\"itemname\",\"itemdesc\",\"itemprice\",\"lastbid\",\"sellername\",\"buyername\",\"buyerid\",\"buyerUsername\",\"buyoutprice\",\"itemtype\",\"itemcondition\",\"moddata\",\"itemdata\",\"originalsource\",\"status\",\"createdAt\",\"updatedAt\";"},"sql":"INSERT INTO \"player_auctions\" (\"itemid\",\"sellerid\",\"itemname\",\"itemdesc\",\"itemprice\",\"lastbid\",\"sellername\",\"buyoutprice\",\"itemtype\",\"itemcondition\",\"moddata\",\"itemdata\",\"originalsource\",\"status\",\"createdAt\",\"updatedAt\") VALUES (DEFAULT,$1,$2,$3,$4,$5,$6,$7,$8,$9,$10,$11,$12,$13,$14,$15) RETURNING \"itemid\",\"sellerid\",\"itemname\",\"itemdesc\",\"itemprice\",\"lastbid\",\"sellername\",\"buyername\",\"buyerid\",\"buyerUsername\",\"buyoutprice\",\"itemtype\",\"itemcondition\",\"moddata\",\"itemdata\",\"originalsource\",\"status\",\"createdAt\",\"updatedAt\";","stack":"Error\n    at Query.run (C:\\Users\\Michael\\Zomboid\\Workshop\\ZonaNyamanBotZ\\zomboid-discord-rcon\\node_modules\\sequelize\\lib\\dialects\\postgres\\query.js:50:25)\n    at C:\\Users\\Michael\\Zomboid\\Workshop\\ZonaNyamanBotZ\\zomboid-discord-rcon\\node_modules\\sequelize\\lib\\sequelize.js:315:28\n    at process.processTicksAndRejections (node:internal/process/task_queues:95:5)\n    at async PostgresQueryInterface.insert (C:\\Users\\Michael\\Zomboid\\Workshop\\ZonaNyamanBotZ\\zomboid-discord-rcon\\node_modules\\sequelize\\lib\\dialects\\abstract\\query-interface.js:308:21)\n    at async model.save (C:\\Users\\Michael\\Zomboid\\Workshop\\ZonaNyamanBotZ\\zomboid-discord-rcon\\node_modules\\sequelize\\lib\\model.js:2490:35)\n    at async PlayerAuction.create (C:\\Users\\Michael\\Zomboid\\Workshop\\ZonaNyamanBotZ\\zomboid-discord-rcon\\node_modules\\sequelize\\lib\\model.js:1362:12)\n    at async AuctionLogMonitor.handleCreateAuction (file:///C:/Users/Michael/Zomboid/Workshop/ZonaNyamanBotZ/zomboid-discord-rcon/src/services/auctionLogMonitor.js:205:23)\n    at async AuctionLogMonitor.processAuctionEntry (file:///C:/Users/Michael/Zomboid/Workshop/ZonaNyamanBotZ/zomboid-discord-rcon/src/services/auctionLogMonitor.js:121:11)\n    at async AuctionLogMonitor.scanAndProcessAuctions (file:///C:/Users/Michael/Zomboid/Workshop/ZonaNyamanBotZ/zomboid-discord-rcon/src/services/auctionLogMonitor.js:80:22)\n    at async Timeout._onTimeout (file:///C:/Users/Michael/Zomboid/Workshop/ZonaNyamanBotZ/zomboid-discord-rcon/src/services/auctionLogMonitor.js:36:7)","timestamp":"2025-09-16T03:29:47.706Z"}
{"level":"error","message":"[AuctionLogMonitor] Error processing auction entry: numeric field overflow","name":"SequelizeDatabaseError","original":{"code":"22003","detail":"A field with precision 3, scale 2 must round to an absolute value less than 10^1.","file":"numeric.c","length":164,"line":"7560","name":"error","parameters":["319","AK47 Assault Rifle_admin_+9 (Enhanced)","Type: Base.RF_AK47 | Condition: 5000.0% | Buyout: 200 | Duration: 24h | Server: pzserver",190,190,"tester2",200,"Base.RF_AK47",50,"{\"IPPJRecoilDelay\":9.849999904632568,\"IPPJHitChance\":80,\"IPPJRecoilDelayParts\":-0.8499999046325684,\"IPPJHitChanceParts\":0,\"IPPJMinAngleParts\":0,\"IPPJAimingTime\":15,\"IPPJAimingTimeTotal\":15,\"IPPJAimingTimeParts\":0,\"IPPJRepaired\":1,\"AimingPerkHitChanceModifier\":5,\"AimingPerkCritModifier\":0,\"AimingPerkRangeModifier\":0,\"AimingTime\":15,\"Name\":\"AK47 Assault Rifle\",\"enchantmentStats\":{\"enchantCounter\":9,\"originalName\":\"AK47 Assault Rifle\"},\"enchantments\":{\"minDamage\":true,\"maxDamage\":true},\"enchanted\":true,\"savedDamageValues\":{\"minDamage\":10,\"maxDamage\":12},\"weaponID\":\"1136092555\",\"origMinDamage\":10,\"origMaxDamage\":12,\"hasDamageBoost\":true}",null,"{\"action\":\"CREATE_AUCTION\",\"timestamp\":\"2025-09-16T03:28:59Z\",\"unixTime\":1757993339.546,\"data\":{\"sellerUsername\":\"admin\",\"sellerSteamID\":76561198139202300,\"itemType\":\"Base.RF_AK47\",\"itemName\":\"AK47 Assault Rifle_admin_+9 (Enhanced)\",\"itemID\":\"1136092555\",\"condition\":50,\"weight\":4.300000190734863,\"category\":\"Weapon\",\"customName\":\"AK47 Assault Rifle_admin_+9 (Enhanced)\",\"tooltip\":\"Tooltip_762x39\",\"startingPrice\":190,\"buyoutPrice\":200,\"currentBid\":190,\"duration\":24,\"timestamp\":1757993337.3270001,\"description\":\"\",\"isActive\":true,\"serverName\":\"pzserver\",\"modData\":{\"IPPJRecoilDelay\":9.849999904632568,\"IPPJHitChance\":80,\"IPPJRecoilDelayParts\":-0.8499999046325684,\"IPPJHitChanceParts\":0,\"IPPJMinAngleParts\":0,\"IPPJAimingTime\":15,\"IPPJAimingTimeTotal\":15,\"IPPJAimingTimeParts\":0,\"IPPJRepaired\":1,\"AimingPerkHitChanceModifier\":5,\"AimingPerkCritModifier\":0,\"AimingPerkRangeModifier\":0,\"AimingTime\":15,\"Name\":\"AK47 Assault Rifle\",\"enchantmentStats\":{\"enchantCounter\":9,\"originalName\":\"AK47 Assault Rifle\"},\"enchantments\":{\"minDamage\":true,\"maxDamage\":true},\"enchanted\":true,\"savedDamageValues\":{\"minDamage\":10,\"maxDamage\":12},\"weaponID\":\"1136092555\",\"origMinDamage\":10,\"origMaxDamage\":12,\"hasDamageBoost\":true},\"enchantMinDamage\":10,\"enchantMaxDamage\":12,\"originalMinDamage\":10,\"originalMaxDamage\":12,\"hasDamageBoost\":true,\"enchantmentLevel\":9}}","active","2025-09-16 03:29:47.688 +00:00","2025-09-16 03:29:47.688 +00:00"],"routine":"apply_typmod","severity":"ERROR","sql":"INSERT INTO \"player_auctions\" (\"itemid\",\"sellerid\",\"itemname\",\"itemdesc\",\"itemprice\",\"lastbid\",\"sellername\",\"buyoutprice\",\"itemtype\",\"itemcondition\",\"moddata\",\"itemdata\",\"originalsource\",\"status\",\"createdAt\",\"updatedAt\") VALUES (DEFAULT,$1,$2,$3,$4,$5,$6,$7,$8,$9,$10,$11,$12,$13,$14,$15) RETURNING \"itemid\",\"sellerid\",\"itemname\",\"itemdesc\",\"itemprice\",\"lastbid\",\"sellername\",\"buyername\",\"buyerid\",\"buyerUsername\",\"buyoutprice\",\"itemtype\",\"itemcondition\",\"moddata\",\"itemdata\",\"originalsource\",\"status\",\"createdAt\",\"updatedAt\";"},"parameters":["319","AK47 Assault Rifle_admin_+9 (Enhanced)","Type: Base.RF_AK47 | Condition: 5000.0% | Buyout: 200 | Duration: 24h | Server: pzserver",190,190,"tester2",200,"Base.RF_AK47",50,"{\"IPPJRecoilDelay\":9.849999904632568,\"IPPJHitChance\":80,\"IPPJRecoilDelayParts\":-0.8499999046325684,\"IPPJHitChanceParts\":0,\"IPPJMinAngleParts\":0,\"IPPJAimingTime\":15,\"IPPJAimingTimeTotal\":15,\"IPPJAimingTimeParts\":0,\"IPPJRepaired\":1,\"AimingPerkHitChanceModifier\":5,\"AimingPerkCritModifier\":0,\"AimingPerkRangeModifier\":0,\"AimingTime\":15,\"Name\":\"AK47 Assault Rifle\",\"enchantmentStats\":{\"enchantCounter\":9,\"originalName\":\"AK47 Assault Rifle\"},\"enchantments\":{\"minDamage\":true,\"maxDamage\":true},\"enchanted\":true,\"savedDamageValues\":{\"minDamage\":10,\"maxDamage\":12},\"weaponID\":\"1136092555\",\"origMinDamage\":10,\"origMaxDamage\":12,\"hasDamageBoost\":true}",null,"{\"action\":\"CREATE_AUCTION\",\"timestamp\":\"2025-09-16T03:28:59Z\",\"unixTime\":1757993339.546,\"data\":{\"sellerUsername\":\"admin\",\"sellerSteamID\":76561198139202300,\"itemType\":\"Base.RF_AK47\",\"itemName\":\"AK47 Assault Rifle_admin_+9 (Enhanced)\",\"itemID\":\"1136092555\",\"condition\":50,\"weight\":4.300000190734863,\"category\":\"Weapon\",\"customName\":\"AK47 Assault Rifle_admin_+9 (Enhanced)\",\"tooltip\":\"Tooltip_762x39\",\"startingPrice\":190,\"buyoutPrice\":200,\"currentBid\":190,\"duration\":24,\"timestamp\":1757993337.3270001,\"description\":\"\",\"isActive\":true,\"serverName\":\"pzserver\",\"modData\":{\"IPPJRecoilDelay\":9.849999904632568,\"IPPJHitChance\":80,\"IPPJRecoilDelayParts\":-0.8499999046325684,\"IPPJHitChanceParts\":0,\"IPPJMinAngleParts\":0,\"IPPJAimingTime\":15,\"IPPJAimingTimeTotal\":15,\"IPPJAimingTimeParts\":0,\"IPPJRepaired\":1,\"AimingPerkHitChanceModifier\":5,\"AimingPerkCritModifier\":0,\"AimingPerkRangeModifier\":0,\"AimingTime\":15,\"Name\":\"AK47 Assault Rifle\",\"enchantmentStats\":{\"enchantCounter\":9,\"originalName\":\"AK47 Assault Rifle\"},\"enchantments\":{\"minDamage\":true,\"maxDamage\":true},\"enchanted\":true,\"savedDamageValues\":{\"minDamage\":10,\"maxDamage\":12},\"weaponID\":\"1136092555\",\"origMinDamage\":10,\"origMaxDamage\":12,\"hasDamageBoost\":true},\"enchantMinDamage\":10,\"enchantMaxDamage\":12,\"originalMinDamage\":10,\"originalMaxDamage\":12,\"hasDamageBoost\":true,\"enchantmentLevel\":9}}","active","2025-09-16 03:29:47.688 +00:00","2025-09-16 03:29:47.688 +00:00"],"parent":{"code":"22003","detail":"A field with precision 3, scale 2 must round to an absolute value less than 10^1.","file":"numeric.c","length":164,"line":"7560","name":"error","parameters":["319","AK47 Assault Rifle_admin_+9 (Enhanced)","Type: Base.RF_AK47 | Condition: 5000.0% | Buyout: 200 | Duration: 24h | Server: pzserver",190,190,"tester2",200,"Base.RF_AK47",50,"{\"IPPJRecoilDelay\":9.849999904632568,\"IPPJHitChance\":80,\"IPPJRecoilDelayParts\":-0.8499999046325684,\"IPPJHitChanceParts\":0,\"IPPJMinAngleParts\":0,\"IPPJAimingTime\":15,\"IPPJAimingTimeTotal\":15,\"IPPJAimingTimeParts\":0,\"IPPJRepaired\":1,\"AimingPerkHitChanceModifier\":5,\"AimingPerkCritModifier\":0,\"AimingPerkRangeModifier\":0,\"AimingTime\":15,\"Name\":\"AK47 Assault Rifle\",\"enchantmentStats\":{\"enchantCounter\":9,\"originalName\":\"AK47 Assault Rifle\"},\"enchantments\":{\"minDamage\":true,\"maxDamage\":true},\"enchanted\":true,\"savedDamageValues\":{\"minDamage\":10,\"maxDamage\":12},\"weaponID\":\"1136092555\",\"origMinDamage\":10,\"origMaxDamage\":12,\"hasDamageBoost\":true}",null,"{\"action\":\"CREATE_AUCTION\",\"timestamp\":\"2025-09-16T03:28:59Z\",\"unixTime\":1757993339.546,\"data\":{\"sellerUsername\":\"admin\",\"sellerSteamID\":76561198139202300,\"itemType\":\"Base.RF_AK47\",\"itemName\":\"AK47 Assault Rifle_admin_+9 (Enhanced)\",\"itemID\":\"1136092555\",\"condition\":50,\"weight\":4.300000190734863,\"category\":\"Weapon\",\"customName\":\"AK47 Assault Rifle_admin_+9 (Enhanced)\",\"tooltip\":\"Tooltip_762x39\",\"startingPrice\":190,\"buyoutPrice\":200,\"currentBid\":190,\"duration\":24,\"timestamp\":1757993337.3270001,\"description\":\"\",\"isActive\":true,\"serverName\":\"pzserver\",\"modData\":{\"IPPJRecoilDelay\":9.849999904632568,\"IPPJHitChance\":80,\"IPPJRecoilDelayParts\":-0.8499999046325684,\"IPPJHitChanceParts\":0,\"IPPJMinAngleParts\":0,\"IPPJAimingTime\":15,\"IPPJAimingTimeTotal\":15,\"IPPJAimingTimeParts\":0,\"IPPJRepaired\":1,\"AimingPerkHitChanceModifier\":5,\"AimingPerkCritModifier\":0,\"AimingPerkRangeModifier\":0,\"AimingTime\":15,\"Name\":\"AK47 Assault Rifle\",\"enchantmentStats\":{\"enchantCounter\":9,\"originalName\":\"AK47 Assault Rifle\"},\"enchantments\":{\"minDamage\":true,\"maxDamage\":true},\"enchanted\":true,\"savedDamageValues\":{\"minDamage\":10,\"maxDamage\":12},\"weaponID\":\"1136092555\",\"origMinDamage\":10,\"origMaxDamage\":12,\"hasDamageBoost\":true},\"enchantMinDamage\":10,\"enchantMaxDamage\":12,\"originalMinDamage\":10,\"originalMaxDamage\":12,\"hasDamageBoost\":true,\"enchantmentLevel\":9}}","active","2025-09-16 03:29:47.688 +00:00","2025-09-16 03:29:47.688 +00:00"],"routine":"apply_typmod","severity":"ERROR","sql":"INSERT INTO \"player_auctions\" (\"itemid\",\"sellerid\",\"itemname\",\"itemdesc\",\"itemprice\",\"lastbid\",\"sellername\",\"buyoutprice\",\"itemtype\",\"itemcondition\",\"moddata\",\"itemdata\",\"originalsource\",\"status\",\"createdAt\",\"updatedAt\") VALUES (DEFAULT,$1,$2,$3,$4,$5,$6,$7,$8,$9,$10,$11,$12,$13,$14,$15) RETURNING \"itemid\",\"sellerid\",\"itemname\",\"itemdesc\",\"itemprice\",\"lastbid\",\"sellername\",\"buyername\",\"buyerid\",\"buyerUsername\",\"buyoutprice\",\"itemtype\",\"itemcondition\",\"moddata\",\"itemdata\",\"originalsource\",\"status\",\"createdAt\",\"updatedAt\";"},"sql":"INSERT INTO \"player_auctions\" (\"itemid\",\"sellerid\",\"itemname\",\"itemdesc\",\"itemprice\",\"lastbid\",\"sellername\",\"buyoutprice\",\"itemtype\",\"itemcondition\",\"moddata\",\"itemdata\",\"originalsource\",\"status\",\"createdAt\",\"updatedAt\") VALUES (DEFAULT,$1,$2,$3,$4,$5,$6,$7,$8,$9,$10,$11,$12,$13,$14,$15) RETURNING \"itemid\",\"sellerid\",\"itemname\",\"itemdesc\",\"itemprice\",\"lastbid\",\"sellername\",\"buyername\",\"buyerid\",\"buyerUsername\",\"buyoutprice\",\"itemtype\",\"itemcondition\",\"moddata\",\"itemdata\",\"originalsource\",\"status\",\"createdAt\",\"updatedAt\";","stack":"Error\n    at Query.run (C:\\Users\\Michael\\Zomboid\\Workshop\\ZonaNyamanBotZ\\zomboid-discord-rcon\\node_modules\\sequelize\\lib\\dialects\\postgres\\query.js:50:25)\n    at C:\\Users\\Michael\\Zomboid\\Workshop\\ZonaNyamanBotZ\\zomboid-discord-rcon\\node_modules\\sequelize\\lib\\sequelize.js:315:28\n    at process.processTicksAndRejections (node:internal/process/task_queues:95:5)\n    at async PostgresQueryInterface.insert (C:\\Users\\Michael\\Zomboid\\Workshop\\ZonaNyamanBotZ\\zomboid-discord-rcon\\node_modules\\sequelize\\lib\\dialects\\abstract\\query-interface.js:308:21)\n    at async model.save (C:\\Users\\Michael\\Zomboid\\Workshop\\ZonaNyamanBotZ\\zomboid-discord-rcon\\node_modules\\sequelize\\lib\\model.js:2490:35)\n    at async PlayerAuction.create (C:\\Users\\Michael\\Zomboid\\Workshop\\ZonaNyamanBotZ\\zomboid-discord-rcon\\node_modules\\sequelize\\lib\\model.js:1362:12)\n    at async AuctionLogMonitor.handleCreateAuction (file:///C:/Users/Michael/Zomboid/Workshop/ZonaNyamanBotZ/zomboid-discord-rcon/src/services/auctionLogMonitor.js:205:23)\n    at async AuctionLogMonitor.processAuctionEntry (file:///C:/Users/Michael/Zomboid/Workshop/ZonaNyamanBotZ/zomboid-discord-rcon/src/services/auctionLogMonitor.js:121:11)\n    at async AuctionLogMonitor.scanAndProcessAuctions (file:///C:/Users/Michael/Zomboid/Workshop/ZonaNyamanBotZ/zomboid-discord-rcon/src/services/auctionLogMonitor.js:80:22)\n    at async Timeout._onTimeout (file:///C:/Users/Michael/Zomboid/Workshop/ZonaNyamanBotZ/zomboid-discord-rcon/src/services/auctionLogMonitor.js:36:7)","timestamp":"2025-09-16T03:29:47.707Z"}
{"action":"CREATE_AUCTION","data":{"buyoutPrice":200,"category":"Weapon","condition":50,"currentBid":190,"customName":"AK47 Assault Rifle_admin_+9 (Enhanced)","description":"","duration":24,"enchantMaxDamage":12,"enchantMinDamage":10,"enchantmentLevel":9,"hasDamageBoost":true,"isActive":true,"itemID":"1136092555","itemName":"AK47 Assault Rifle_admin_+9 (Enhanced)","itemType":"Base.RF_AK47","modData":{"AimingPerkCritModifier":0,"AimingPerkHitChanceModifier":5,"AimingPerkRangeModifier":0,"AimingTime":15,"IPPJAimingTime":15,"IPPJAimingTimeParts":0,"IPPJAimingTimeTotal":15,"IPPJHitChance":80,"IPPJHitChanceParts":0,"IPPJMinAngleParts":0,"IPPJRecoilDelay":9.849999904632568,"IPPJRecoilDelayParts":-0.8499999046325684,"IPPJRepaired":1,"Name":"AK47 Assault Rifle","enchanted":true,"enchantmentStats":{"enchantCounter":9,"originalName":"AK47 Assault Rifle"},"enchantments":{"maxDamage":true,"minDamage":true},"hasDamageBoost":true,"origMaxDamage":12,"origMinDamage":10,"savedDamageValues":{"maxDamage":12,"minDamage":10},"weaponID":"1136092555"},"originalMaxDamage":12,"originalMinDamage":10,"sellerSteamID":76561198139202300,"sellerUsername":"admin","serverName":"pzserver","startingPrice":190,"timestamp":1757993337.3270001,"tooltip":"Tooltip_762x39","weight":4.300000190734863},"level":"error","message":"[AuctionLogMonitor] Entry data:","timestamp":"2025-09-16T03:28:59Z","unixTime":1757993339.546}
{"level":"warn","message":"[AuctionLogMonitor] Some entries failed; auction log preserved for retry.","timestamp":"2025-09-16T03:29:47.708Z"}
{"level":"info","message":"External knowledge base loaded successfully","timestamp":"2025-09-16T03:30:42.679Z"}
{"level":"info","message":"External knowledge base loaded successfully","timestamp":"2025-09-16T03:30:44.810Z"}
{"level":"info","message":"[AuctionLogMonitor] Starting auction log monitoring...","timestamp":"2025-09-16T03:30:46.369Z"}
{"level":"info","message":"[AuctionLogMonitor] Starting from position: 0","timestamp":"2025-09-16T03:30:46.369Z"}
{"level":"info","message":"[AuctionLogMonitor] Monitoring started with 30s interval","timestamp":"2025-09-16T03:30:46.370Z"}
{"level":"info","message":"External knowledge base loaded successfully","timestamp":"2025-09-16T03:30:57.729Z"}
{"level":"info","message":"[AuctionLogMonitor] Starting auction log monitoring...","timestamp":"2025-09-16T03:30:59.220Z"}
{"level":"info","message":"[AuctionLogMonitor] Starting from position: 0","timestamp":"2025-09-16T03:30:59.220Z"}
{"level":"info","message":"[AuctionLogMonitor] Monitoring started with 30s interval","timestamp":"2025-09-16T03:30:59.220Z"}
{"level":"info","message":"External knowledge base loaded successfully","timestamp":"2025-09-16T03:31:12.840Z"}
{"level":"info","message":"[AuctionLogMonitor] Found 1 new auction entries","timestamp":"2025-09-16T03:31:30.248Z"}
{"level":"info","message":"[AuctionLogMonitor] Processing CREATE_AUCTION at 2025-09-16T03:28:59Z","timestamp":"2025-09-16T03:31:30.249Z"}
{"level":"info","message":"[AuctionLogMonitor] Processing CREATE_AUCTION with data:","timestamp":"2025-09-16T03:31:30.249Z"}
{"level":"info","message":"[AuctionLogMonitor] Processing seller Steam ID: 76561198139202300","timestamp":"2025-09-16T03:31:30.250Z"}
{"level":"info","message":"[AuctionLogMonitor] Found/created seller: ID=319, Username=tester2","timestamp":"2025-09-16T03:31:30.601Z"}
{"level":"info","message":"[AuctionLogMonitor] Prepared auction data for database:","timestamp":"2025-09-16T03:31:30.602Z"}
{"level":"error","message":"[AuctionLogMonitor] Error handling CREATE_AUCTION: numeric field overflow","name":"SequelizeDatabaseError","original":{"code":"22003","detail":"A field with precision 3, scale 2 must round to an absolute value less than 10^1.","file":"numeric.c","length":164,"line":"7560","name":"error","parameters":["319","AK47 Assault Rifle_admin_+9 (Enhanced)","Type: Base.RF_AK47 | Condition: 5000.0% | Buyout: 200 | Duration: 24h | Server: pzserver",190,190,"tester2",200,"Base.RF_AK47",50,"{\"IPPJRecoilDelay\":9.849999904632568,\"IPPJHitChance\":80,\"IPPJRecoilDelayParts\":-0.8499999046325684,\"IPPJHitChanceParts\":0,\"IPPJMinAngleParts\":0,\"IPPJAimingTime\":15,\"IPPJAimingTimeTotal\":15,\"IPPJAimingTimeParts\":0,\"IPPJRepaired\":1,\"AimingPerkHitChanceModifier\":5,\"AimingPerkCritModifier\":0,\"AimingPerkRangeModifier\":0,\"AimingTime\":15,\"Name\":\"AK47 Assault Rifle\",\"enchantmentStats\":{\"enchantCounter\":9,\"originalName\":\"AK47 Assault Rifle\"},\"enchantments\":{\"minDamage\":true,\"maxDamage\":true},\"enchanted\":true,\"savedDamageValues\":{\"minDamage\":10,\"maxDamage\":12},\"weaponID\":\"1136092555\",\"origMinDamage\":10,\"origMaxDamage\":12,\"hasDamageBoost\":true}","{\"itemType\":\"Base.RF_AK47\",\"itemID\":\"1136092555\",\"itemName\":\"AK47 Assault Rifle_admin_+9 (Enhanced)\",\"customName\":\"AK47 Assault Rifle_admin_+9 (Enhanced)\",\"condition\":50,\"weight\":4.300000190734863,\"category\":\"Weapon\",\"description\":\"\",\"tooltip\":\"Tooltip_762x39\",\"enchantmentLevel\":9,\"hasDamageBoost\":true,\"enchantMaxDamage\":12,\"enchantMinDamage\":10,\"originalMaxDamage\":12,\"originalMinDamage\":10}","{\"action\":\"CREATE_AUCTION\",\"timestamp\":\"2025-09-16T03:28:59Z\",\"unixTime\":1757993339.546,\"data\":{\"sellerUsername\":\"admin\",\"sellerSteamID\":76561198139202300,\"itemType\":\"Base.RF_AK47\",\"itemName\":\"AK47 Assault Rifle_admin_+9 (Enhanced)\",\"itemID\":\"1136092555\",\"condition\":50,\"weight\":4.300000190734863,\"category\":\"Weapon\",\"customName\":\"AK47 Assault Rifle_admin_+9 (Enhanced)\",\"tooltip\":\"Tooltip_762x39\",\"startingPrice\":190,\"buyoutPrice\":200,\"currentBid\":190,\"duration\":24,\"timestamp\":1757993337.3270001,\"description\":\"\",\"isActive\":true,\"serverName\":\"pzserver\",\"modData\":{\"IPPJRecoilDelay\":9.849999904632568,\"IPPJHitChance\":80,\"IPPJRecoilDelayParts\":-0.8499999046325684,\"IPPJHitChanceParts\":0,\"IPPJMinAngleParts\":0,\"IPPJAimingTime\":15,\"IPPJAimingTimeTotal\":15,\"IPPJAimingTimeParts\":0,\"IPPJRepaired\":1,\"AimingPerkHitChanceModifier\":5,\"AimingPerkCritModifier\":0,\"AimingPerkRangeModifier\":0,\"AimingTime\":15,\"Name\":\"AK47 Assault Rifle\",\"enchantmentStats\":{\"enchantCounter\":9,\"originalName\":\"AK47 Assault Rifle\"},\"enchantments\":{\"minDamage\":true,\"maxDamage\":true},\"enchanted\":true,\"savedDamageValues\":{\"minDamage\":10,\"maxDamage\":12},\"weaponID\":\"1136092555\",\"origMinDamage\":10,\"origMaxDamage\":12,\"hasDamageBoost\":true},\"enchantMinDamage\":10,\"enchantMaxDamage\":12,\"originalMinDamage\":10,\"originalMaxDamage\":12,\"hasDamageBoost\":true,\"enchantmentLevel\":9}}","active","2025-09-16 03:31:30.603 +00:00","2025-09-16 03:31:30.603 +00:00"],"routine":"apply_typmod","severity":"ERROR","sql":"INSERT INTO \"player_auctions\" (\"itemid\",\"sellerid\",\"itemname\",\"itemdesc\",\"itemprice\",\"lastbid\",\"sellername\",\"buyoutprice\",\"itemtype\",\"itemcondition\",\"moddata\",\"itemdata\",\"originalsource\",\"status\",\"createdAt\",\"updatedAt\") VALUES (DEFAULT,$1,$2,$3,$4,$5,$6,$7,$8,$9,$10,$11,$12,$13,$14,$15) RETURNING \"itemid\",\"sellerid\",\"itemname\",\"itemdesc\",\"itemprice\",\"lastbid\",\"sellername\",\"buyername\",\"buyerid\",\"buyerUsername\",\"buyoutprice\",\"itemtype\",\"itemcondition\",\"moddata\",\"itemdata\",\"originalsource\",\"status\",\"createdAt\",\"updatedAt\";"},"parameters":["319","AK47 Assault Rifle_admin_+9 (Enhanced)","Type: Base.RF_AK47 | Condition: 5000.0% | Buyout: 200 | Duration: 24h | Server: pzserver",190,190,"tester2",200,"Base.RF_AK47",50,"{\"IPPJRecoilDelay\":9.849999904632568,\"IPPJHitChance\":80,\"IPPJRecoilDelayParts\":-0.8499999046325684,\"IPPJHitChanceParts\":0,\"IPPJMinAngleParts\":0,\"IPPJAimingTime\":15,\"IPPJAimingTimeTotal\":15,\"IPPJAimingTimeParts\":0,\"IPPJRepaired\":1,\"AimingPerkHitChanceModifier\":5,\"AimingPerkCritModifier\":0,\"AimingPerkRangeModifier\":0,\"AimingTime\":15,\"Name\":\"AK47 Assault Rifle\",\"enchantmentStats\":{\"enchantCounter\":9,\"originalName\":\"AK47 Assault Rifle\"},\"enchantments\":{\"minDamage\":true,\"maxDamage\":true},\"enchanted\":true,\"savedDamageValues\":{\"minDamage\":10,\"maxDamage\":12},\"weaponID\":\"1136092555\",\"origMinDamage\":10,\"origMaxDamage\":12,\"hasDamageBoost\":true}","{\"itemType\":\"Base.RF_AK47\",\"itemID\":\"1136092555\",\"itemName\":\"AK47 Assault Rifle_admin_+9 (Enhanced)\",\"customName\":\"AK47 Assault Rifle_admin_+9 (Enhanced)\",\"condition\":50,\"weight\":4.300000190734863,\"category\":\"Weapon\",\"description\":\"\",\"tooltip\":\"Tooltip_762x39\",\"enchantmentLevel\":9,\"hasDamageBoost\":true,\"enchantMaxDamage\":12,\"enchantMinDamage\":10,\"originalMaxDamage\":12,\"originalMinDamage\":10}","{\"action\":\"CREATE_AUCTION\",\"timestamp\":\"2025-09-16T03:28:59Z\",\"unixTime\":1757993339.546,\"data\":{\"sellerUsername\":\"admin\",\"sellerSteamID\":76561198139202300,\"itemType\":\"Base.RF_AK47\",\"itemName\":\"AK47 Assault Rifle_admin_+9 (Enhanced)\",\"itemID\":\"1136092555\",\"condition\":50,\"weight\":4.300000190734863,\"category\":\"Weapon\",\"customName\":\"AK47 Assault Rifle_admin_+9 (Enhanced)\",\"tooltip\":\"Tooltip_762x39\",\"startingPrice\":190,\"buyoutPrice\":200,\"currentBid\":190,\"duration\":24,\"timestamp\":1757993337.3270001,\"description\":\"\",\"isActive\":true,\"serverName\":\"pzserver\",\"modData\":{\"IPPJRecoilDelay\":9.849999904632568,\"IPPJHitChance\":80,\"IPPJRecoilDelayParts\":-0.8499999046325684,\"IPPJHitChanceParts\":0,\"IPPJMinAngleParts\":0,\"IPPJAimingTime\":15,\"IPPJAimingTimeTotal\":15,\"IPPJAimingTimeParts\":0,\"IPPJRepaired\":1,\"AimingPerkHitChanceModifier\":5,\"AimingPerkCritModifier\":0,\"AimingPerkRangeModifier\":0,\"AimingTime\":15,\"Name\":\"AK47 Assault Rifle\",\"enchantmentStats\":{\"enchantCounter\":9,\"originalName\":\"AK47 Assault Rifle\"},\"enchantments\":{\"minDamage\":true,\"maxDamage\":true},\"enchanted\":true,\"savedDamageValues\":{\"minDamage\":10,\"maxDamage\":12},\"weaponID\":\"1136092555\",\"origMinDamage\":10,\"origMaxDamage\":12,\"hasDamageBoost\":true},\"enchantMinDamage\":10,\"enchantMaxDamage\":12,\"originalMinDamage\":10,\"originalMaxDamage\":12,\"hasDamageBoost\":true,\"enchantmentLevel\":9}}","active","2025-09-16 03:31:30.603 +00:00","2025-09-16 03:31:30.603 +00:00"],"parent":{"code":"22003","detail":"A field with precision 3, scale 2 must round to an absolute value less than 10^1.","file":"numeric.c","length":164,"line":"7560","name":"error","parameters":["319","AK47 Assault Rifle_admin_+9 (Enhanced)","Type: Base.RF_AK47 | Condition: 5000.0% | Buyout: 200 | Duration: 24h | Server: pzserver",190,190,"tester2",200,"Base.RF_AK47",50,"{\"IPPJRecoilDelay\":9.849999904632568,\"IPPJHitChance\":80,\"IPPJRecoilDelayParts\":-0.8499999046325684,\"IPPJHitChanceParts\":0,\"IPPJMinAngleParts\":0,\"IPPJAimingTime\":15,\"IPPJAimingTimeTotal\":15,\"IPPJAimingTimeParts\":0,\"IPPJRepaired\":1,\"AimingPerkHitChanceModifier\":5,\"AimingPerkCritModifier\":0,\"AimingPerkRangeModifier\":0,\"AimingTime\":15,\"Name\":\"AK47 Assault Rifle\",\"enchantmentStats\":{\"enchantCounter\":9,\"originalName\":\"AK47 Assault Rifle\"},\"enchantments\":{\"minDamage\":true,\"maxDamage\":true},\"enchanted\":true,\"savedDamageValues\":{\"minDamage\":10,\"maxDamage\":12},\"weaponID\":\"1136092555\",\"origMinDamage\":10,\"origMaxDamage\":12,\"hasDamageBoost\":true}","{\"itemType\":\"Base.RF_AK47\",\"itemID\":\"1136092555\",\"itemName\":\"AK47 Assault Rifle_admin_+9 (Enhanced)\",\"customName\":\"AK47 Assault Rifle_admin_+9 (Enhanced)\",\"condition\":50,\"weight\":4.300000190734863,\"category\":\"Weapon\",\"description\":\"\",\"tooltip\":\"Tooltip_762x39\",\"enchantmentLevel\":9,\"hasDamageBoost\":true,\"enchantMaxDamage\":12,\"enchantMinDamage\":10,\"originalMaxDamage\":12,\"originalMinDamage\":10}","{\"action\":\"CREATE_AUCTION\",\"timestamp\":\"2025-09-16T03:28:59Z\",\"unixTime\":1757993339.546,\"data\":{\"sellerUsername\":\"admin\",\"sellerSteamID\":76561198139202300,\"itemType\":\"Base.RF_AK47\",\"itemName\":\"AK47 Assault Rifle_admin_+9 (Enhanced)\",\"itemID\":\"1136092555\",\"condition\":50,\"weight\":4.300000190734863,\"category\":\"Weapon\",\"customName\":\"AK47 Assault Rifle_admin_+9 (Enhanced)\",\"tooltip\":\"Tooltip_762x39\",\"startingPrice\":190,\"buyoutPrice\":200,\"currentBid\":190,\"duration\":24,\"timestamp\":1757993337.3270001,\"description\":\"\",\"isActive\":true,\"serverName\":\"pzserver\",\"modData\":{\"IPPJRecoilDelay\":9.849999904632568,\"IPPJHitChance\":80,\"IPPJRecoilDelayParts\":-0.8499999046325684,\"IPPJHitChanceParts\":0,\"IPPJMinAngleParts\":0,\"IPPJAimingTime\":15,\"IPPJAimingTimeTotal\":15,\"IPPJAimingTimeParts\":0,\"IPPJRepaired\":1,\"AimingPerkHitChanceModifier\":5,\"AimingPerkCritModifier\":0,\"AimingPerkRangeModifier\":0,\"AimingTime\":15,\"Name\":\"AK47 Assault Rifle\",\"enchantmentStats\":{\"enchantCounter\":9,\"originalName\":\"AK47 Assault Rifle\"},\"enchantments\":{\"minDamage\":true,\"maxDamage\":true},\"enchanted\":true,\"savedDamageValues\":{\"minDamage\":10,\"maxDamage\":12},\"weaponID\":\"1136092555\",\"origMinDamage\":10,\"origMaxDamage\":12,\"hasDamageBoost\":true},\"enchantMinDamage\":10,\"enchantMaxDamage\":12,\"originalMinDamage\":10,\"originalMaxDamage\":12,\"hasDamageBoost\":true,\"enchantmentLevel\":9}}","active","2025-09-16 03:31:30.603 +00:00","2025-09-16 03:31:30.603 +00:00"],"routine":"apply_typmod","severity":"ERROR","sql":"INSERT INTO \"player_auctions\" (\"itemid\",\"sellerid\",\"itemname\",\"itemdesc\",\"itemprice\",\"lastbid\",\"sellername\",\"buyoutprice\",\"itemtype\",\"itemcondition\",\"moddata\",\"itemdata\",\"originalsource\",\"status\",\"createdAt\",\"updatedAt\") VALUES (DEFAULT,$1,$2,$3,$4,$5,$6,$7,$8,$9,$10,$11,$12,$13,$14,$15) RETURNING \"itemid\",\"sellerid\",\"itemname\",\"itemdesc\",\"itemprice\",\"lastbid\",\"sellername\",\"buyername\",\"buyerid\",\"buyerUsername\",\"buyoutprice\",\"itemtype\",\"itemcondition\",\"moddata\",\"itemdata\",\"originalsource\",\"status\",\"createdAt\",\"updatedAt\";"},"sql":"INSERT INTO \"player_auctions\" (\"itemid\",\"sellerid\",\"itemname\",\"itemdesc\",\"itemprice\",\"lastbid\",\"sellername\",\"buyoutprice\",\"itemtype\",\"itemcondition\",\"moddata\",\"itemdata\",\"originalsource\",\"status\",\"createdAt\",\"updatedAt\") VALUES (DEFAULT,$1,$2,$3,$4,$5,$6,$7,$8,$9,$10,$11,$12,$13,$14,$15) RETURNING \"itemid\",\"sellerid\",\"itemname\",\"itemdesc\",\"itemprice\",\"lastbid\",\"sellername\",\"buyername\",\"buyerid\",\"buyerUsername\",\"buyoutprice\",\"itemtype\",\"itemcondition\",\"moddata\",\"itemdata\",\"originalsource\",\"status\",\"createdAt\",\"updatedAt\";","stack":"Error\n    at Query.run (C:\\Users\\Michael\\Zomboid\\Workshop\\ZonaNyamanBotZ\\zomboid-discord-rcon\\node_modules\\sequelize\\lib\\dialects\\postgres\\query.js:50:25)\n    at C:\\Users\\Michael\\Zomboid\\Workshop\\ZonaNyamanBotZ\\zomboid-discord-rcon\\node_modules\\sequelize\\lib\\sequelize.js:315:28\n    at process.processTicksAndRejections (node:internal/process/task_queues:95:5)\n    at async PostgresQueryInterface.insert (C:\\Users\\Michael\\Zomboid\\Workshop\\ZonaNyamanBotZ\\zomboid-discord-rcon\\node_modules\\sequelize\\lib\\dialects\\abstract\\query-interface.js:308:21)\n    at async model.save (C:\\Users\\Michael\\Zomboid\\Workshop\\ZonaNyamanBotZ\\zomboid-discord-rcon\\node_modules\\sequelize\\lib\\model.js:2490:35)\n    at async PlayerAuction.create (C:\\Users\\Michael\\Zomboid\\Workshop\\ZonaNyamanBotZ\\zomboid-discord-rcon\\node_modules\\sequelize\\lib\\model.js:1362:12)\n    at async AuctionLogMonitor.handleCreateAuction (file:///C:/Users/Michael/Zomboid/Workshop/ZonaNyamanBotZ/zomboid-discord-rcon/src/services/auctionLogMonitor.js:230:23)\n    at async AuctionLogMonitor.processAuctionEntry (file:///C:/Users/Michael/Zomboid/Workshop/ZonaNyamanBotZ/zomboid-discord-rcon/src/services/auctionLogMonitor.js:121:11)\n    at async AuctionLogMonitor.scanAndProcessAuctions (file:///C:/Users/Michael/Zomboid/Workshop/ZonaNyamanBotZ/zomboid-discord-rcon/src/services/auctionLogMonitor.js:80:22)\n    at async Timeout._onTimeout (file:///C:/Users/Michael/Zomboid/Workshop/ZonaNyamanBotZ/zomboid-discord-rcon/src/services/auctionLogMonitor.js:36:7)","timestamp":"2025-09-16T03:31:30.645Z"}
{"level":"error","message":"[AuctionLogMonitor] Error processing auction entry: numeric field overflow","name":"SequelizeDatabaseError","original":{"code":"22003","detail":"A field with precision 3, scale 2 must round to an absolute value less than 10^1.","file":"numeric.c","length":164,"line":"7560","name":"error","parameters":["319","AK47 Assault Rifle_admin_+9 (Enhanced)","Type: Base.RF_AK47 | Condition: 5000.0% | Buyout: 200 | Duration: 24h | Server: pzserver",190,190,"tester2",200,"Base.RF_AK47",50,"{\"IPPJRecoilDelay\":9.849999904632568,\"IPPJHitChance\":80,\"IPPJRecoilDelayParts\":-0.8499999046325684,\"IPPJHitChanceParts\":0,\"IPPJMinAngleParts\":0,\"IPPJAimingTime\":15,\"IPPJAimingTimeTotal\":15,\"IPPJAimingTimeParts\":0,\"IPPJRepaired\":1,\"AimingPerkHitChanceModifier\":5,\"AimingPerkCritModifier\":0,\"AimingPerkRangeModifier\":0,\"AimingTime\":15,\"Name\":\"AK47 Assault Rifle\",\"enchantmentStats\":{\"enchantCounter\":9,\"originalName\":\"AK47 Assault Rifle\"},\"enchantments\":{\"minDamage\":true,\"maxDamage\":true},\"enchanted\":true,\"savedDamageValues\":{\"minDamage\":10,\"maxDamage\":12},\"weaponID\":\"1136092555\",\"origMinDamage\":10,\"origMaxDamage\":12,\"hasDamageBoost\":true}","{\"itemType\":\"Base.RF_AK47\",\"itemID\":\"1136092555\",\"itemName\":\"AK47 Assault Rifle_admin_+9 (Enhanced)\",\"customName\":\"AK47 Assault Rifle_admin_+9 (Enhanced)\",\"condition\":50,\"weight\":4.300000190734863,\"category\":\"Weapon\",\"description\":\"\",\"tooltip\":\"Tooltip_762x39\",\"enchantmentLevel\":9,\"hasDamageBoost\":true,\"enchantMaxDamage\":12,\"enchantMinDamage\":10,\"originalMaxDamage\":12,\"originalMinDamage\":10}","{\"action\":\"CREATE_AUCTION\",\"timestamp\":\"2025-09-16T03:28:59Z\",\"unixTime\":1757993339.546,\"data\":{\"sellerUsername\":\"admin\",\"sellerSteamID\":76561198139202300,\"itemType\":\"Base.RF_AK47\",\"itemName\":\"AK47 Assault Rifle_admin_+9 (Enhanced)\",\"itemID\":\"1136092555\",\"condition\":50,\"weight\":4.300000190734863,\"category\":\"Weapon\",\"customName\":\"AK47 Assault Rifle_admin_+9 (Enhanced)\",\"tooltip\":\"Tooltip_762x39\",\"startingPrice\":190,\"buyoutPrice\":200,\"currentBid\":190,\"duration\":24,\"timestamp\":1757993337.3270001,\"description\":\"\",\"isActive\":true,\"serverName\":\"pzserver\",\"modData\":{\"IPPJRecoilDelay\":9.849999904632568,\"IPPJHitChance\":80,\"IPPJRecoilDelayParts\":-0.8499999046325684,\"IPPJHitChanceParts\":0,\"IPPJMinAngleParts\":0,\"IPPJAimingTime\":15,\"IPPJAimingTimeTotal\":15,\"IPPJAimingTimeParts\":0,\"IPPJRepaired\":1,\"AimingPerkHitChanceModifier\":5,\"AimingPerkCritModifier\":0,\"AimingPerkRangeModifier\":0,\"AimingTime\":15,\"Name\":\"AK47 Assault Rifle\",\"enchantmentStats\":{\"enchantCounter\":9,\"originalName\":\"AK47 Assault Rifle\"},\"enchantments\":{\"minDamage\":true,\"maxDamage\":true},\"enchanted\":true,\"savedDamageValues\":{\"minDamage\":10,\"maxDamage\":12},\"weaponID\":\"1136092555\",\"origMinDamage\":10,\"origMaxDamage\":12,\"hasDamageBoost\":true},\"enchantMinDamage\":10,\"enchantMaxDamage\":12,\"originalMinDamage\":10,\"originalMaxDamage\":12,\"hasDamageBoost\":true,\"enchantmentLevel\":9}}","active","2025-09-16 03:31:30.603 +00:00","2025-09-16 03:31:30.603 +00:00"],"routine":"apply_typmod","severity":"ERROR","sql":"INSERT INTO \"player_auctions\" (\"itemid\",\"sellerid\",\"itemname\",\"itemdesc\",\"itemprice\",\"lastbid\",\"sellername\",\"buyoutprice\",\"itemtype\",\"itemcondition\",\"moddata\",\"itemdata\",\"originalsource\",\"status\",\"createdAt\",\"updatedAt\") VALUES (DEFAULT,$1,$2,$3,$4,$5,$6,$7,$8,$9,$10,$11,$12,$13,$14,$15) RETURNING \"itemid\",\"sellerid\",\"itemname\",\"itemdesc\",\"itemprice\",\"lastbid\",\"sellername\",\"buyername\",\"buyerid\",\"buyerUsername\",\"buyoutprice\",\"itemtype\",\"itemcondition\",\"moddata\",\"itemdata\",\"originalsource\",\"status\",\"createdAt\",\"updatedAt\";"},"parameters":["319","AK47 Assault Rifle_admin_+9 (Enhanced)","Type: Base.RF_AK47 | Condition: 5000.0% | Buyout: 200 | Duration: 24h | Server: pzserver",190,190,"tester2",200,"Base.RF_AK47",50,"{\"IPPJRecoilDelay\":9.849999904632568,\"IPPJHitChance\":80,\"IPPJRecoilDelayParts\":-0.8499999046325684,\"IPPJHitChanceParts\":0,\"IPPJMinAngleParts\":0,\"IPPJAimingTime\":15,\"IPPJAimingTimeTotal\":15,\"IPPJAimingTimeParts\":0,\"IPPJRepaired\":1,\"AimingPerkHitChanceModifier\":5,\"AimingPerkCritModifier\":0,\"AimingPerkRangeModifier\":0,\"AimingTime\":15,\"Name\":\"AK47 Assault Rifle\",\"enchantmentStats\":{\"enchantCounter\":9,\"originalName\":\"AK47 Assault Rifle\"},\"enchantments\":{\"minDamage\":true,\"maxDamage\":true},\"enchanted\":true,\"savedDamageValues\":{\"minDamage\":10,\"maxDamage\":12},\"weaponID\":\"1136092555\",\"origMinDamage\":10,\"origMaxDamage\":12,\"hasDamageBoost\":true}","{\"itemType\":\"Base.RF_AK47\",\"itemID\":\"1136092555\",\"itemName\":\"AK47 Assault Rifle_admin_+9 (Enhanced)\",\"customName\":\"AK47 Assault Rifle_admin_+9 (Enhanced)\",\"condition\":50,\"weight\":4.300000190734863,\"category\":\"Weapon\",\"description\":\"\",\"tooltip\":\"Tooltip_762x39\",\"enchantmentLevel\":9,\"hasDamageBoost\":true,\"enchantMaxDamage\":12,\"enchantMinDamage\":10,\"originalMaxDamage\":12,\"originalMinDamage\":10}","{\"action\":\"CREATE_AUCTION\",\"timestamp\":\"2025-09-16T03:28:59Z\",\"unixTime\":1757993339.546,\"data\":{\"sellerUsername\":\"admin\",\"sellerSteamID\":76561198139202300,\"itemType\":\"Base.RF_AK47\",\"itemName\":\"AK47 Assault Rifle_admin_+9 (Enhanced)\",\"itemID\":\"1136092555\",\"condition\":50,\"weight\":4.300000190734863,\"category\":\"Weapon\",\"customName\":\"AK47 Assault Rifle_admin_+9 (Enhanced)\",\"tooltip\":\"Tooltip_762x39\",\"startingPrice\":190,\"buyoutPrice\":200,\"currentBid\":190,\"duration\":24,\"timestamp\":1757993337.3270001,\"description\":\"\",\"isActive\":true,\"serverName\":\"pzserver\",\"modData\":{\"IPPJRecoilDelay\":9.849999904632568,\"IPPJHitChance\":80,\"IPPJRecoilDelayParts\":-0.8499999046325684,\"IPPJHitChanceParts\":0,\"IPPJMinAngleParts\":0,\"IPPJAimingTime\":15,\"IPPJAimingTimeTotal\":15,\"IPPJAimingTimeParts\":0,\"IPPJRepaired\":1,\"AimingPerkHitChanceModifier\":5,\"AimingPerkCritModifier\":0,\"AimingPerkRangeModifier\":0,\"AimingTime\":15,\"Name\":\"AK47 Assault Rifle\",\"enchantmentStats\":{\"enchantCounter\":9,\"originalName\":\"AK47 Assault Rifle\"},\"enchantments\":{\"minDamage\":true,\"maxDamage\":true},\"enchanted\":true,\"savedDamageValues\":{\"minDamage\":10,\"maxDamage\":12},\"weaponID\":\"1136092555\",\"origMinDamage\":10,\"origMaxDamage\":12,\"hasDamageBoost\":true},\"enchantMinDamage\":10,\"enchantMaxDamage\":12,\"originalMinDamage\":10,\"originalMaxDamage\":12,\"hasDamageBoost\":true,\"enchantmentLevel\":9}}","active","2025-09-16 03:31:30.603 +00:00","2025-09-16 03:31:30.603 +00:00"],"parent":{"code":"22003","detail":"A field with precision 3, scale 2 must round to an absolute value less than 10^1.","file":"numeric.c","length":164,"line":"7560","name":"error","parameters":["319","AK47 Assault Rifle_admin_+9 (Enhanced)","Type: Base.RF_AK47 | Condition: 5000.0% | Buyout: 200 | Duration: 24h | Server: pzserver",190,190,"tester2",200,"Base.RF_AK47",50,"{\"IPPJRecoilDelay\":9.849999904632568,\"IPPJHitChance\":80,\"IPPJRecoilDelayParts\":-0.8499999046325684,\"IPPJHitChanceParts\":0,\"IPPJMinAngleParts\":0,\"IPPJAimingTime\":15,\"IPPJAimingTimeTotal\":15,\"IPPJAimingTimeParts\":0,\"IPPJRepaired\":1,\"AimingPerkHitChanceModifier\":5,\"AimingPerkCritModifier\":0,\"AimingPerkRangeModifier\":0,\"AimingTime\":15,\"Name\":\"AK47 Assault Rifle\",\"enchantmentStats\":{\"enchantCounter\":9,\"originalName\":\"AK47 Assault Rifle\"},\"enchantments\":{\"minDamage\":true,\"maxDamage\":true},\"enchanted\":true,\"savedDamageValues\":{\"minDamage\":10,\"maxDamage\":12},\"weaponID\":\"1136092555\",\"origMinDamage\":10,\"origMaxDamage\":12,\"hasDamageBoost\":true}","{\"itemType\":\"Base.RF_AK47\",\"itemID\":\"1136092555\",\"itemName\":\"AK47 Assault Rifle_admin_+9 (Enhanced)\",\"customName\":\"AK47 Assault Rifle_admin_+9 (Enhanced)\",\"condition\":50,\"weight\":4.300000190734863,\"category\":\"Weapon\",\"description\":\"\",\"tooltip\":\"Tooltip_762x39\",\"enchantmentLevel\":9,\"hasDamageBoost\":true,\"enchantMaxDamage\":12,\"enchantMinDamage\":10,\"originalMaxDamage\":12,\"originalMinDamage\":10}","{\"action\":\"CREATE_AUCTION\",\"timestamp\":\"2025-09-16T03:28:59Z\",\"unixTime\":1757993339.546,\"data\":{\"sellerUsername\":\"admin\",\"sellerSteamID\":76561198139202300,\"itemType\":\"Base.RF_AK47\",\"itemName\":\"AK47 Assault Rifle_admin_+9 (Enhanced)\",\"itemID\":\"1136092555\",\"condition\":50,\"weight\":4.300000190734863,\"category\":\"Weapon\",\"customName\":\"AK47 Assault Rifle_admin_+9 (Enhanced)\",\"tooltip\":\"Tooltip_762x39\",\"startingPrice\":190,\"buyoutPrice\":200,\"currentBid\":190,\"duration\":24,\"timestamp\":1757993337.3270001,\"description\":\"\",\"isActive\":true,\"serverName\":\"pzserver\",\"modData\":{\"IPPJRecoilDelay\":9.849999904632568,\"IPPJHitChance\":80,\"IPPJRecoilDelayParts\":-0.8499999046325684,\"IPPJHitChanceParts\":0,\"IPPJMinAngleParts\":0,\"IPPJAimingTime\":15,\"IPPJAimingTimeTotal\":15,\"IPPJAimingTimeParts\":0,\"IPPJRepaired\":1,\"AimingPerkHitChanceModifier\":5,\"AimingPerkCritModifier\":0,\"AimingPerkRangeModifier\":0,\"AimingTime\":15,\"Name\":\"AK47 Assault Rifle\",\"enchantmentStats\":{\"enchantCounter\":9,\"originalName\":\"AK47 Assault Rifle\"},\"enchantments\":{\"minDamage\":true,\"maxDamage\":true},\"enchanted\":true,\"savedDamageValues\":{\"minDamage\":10,\"maxDamage\":12},\"weaponID\":\"1136092555\",\"origMinDamage\":10,\"origMaxDamage\":12,\"hasDamageBoost\":true},\"enchantMinDamage\":10,\"enchantMaxDamage\":12,\"originalMinDamage\":10,\"originalMaxDamage\":12,\"hasDamageBoost\":true,\"enchantmentLevel\":9}}","active","2025-09-16 03:31:30.603 +00:00","2025-09-16 03:31:30.603 +00:00"],"routine":"apply_typmod","severity":"ERROR","sql":"INSERT INTO \"player_auctions\" (\"itemid\",\"sellerid\",\"itemname\",\"itemdesc\",\"itemprice\",\"lastbid\",\"sellername\",\"buyoutprice\",\"itemtype\",\"itemcondition\",\"moddata\",\"itemdata\",\"originalsource\",\"status\",\"createdAt\",\"updatedAt\") VALUES (DEFAULT,$1,$2,$3,$4,$5,$6,$7,$8,$9,$10,$11,$12,$13,$14,$15) RETURNING \"itemid\",\"sellerid\",\"itemname\",\"itemdesc\",\"itemprice\",\"lastbid\",\"sellername\",\"buyername\",\"buyerid\",\"buyerUsername\",\"buyoutprice\",\"itemtype\",\"itemcondition\",\"moddata\",\"itemdata\",\"originalsource\",\"status\",\"createdAt\",\"updatedAt\";"},"sql":"INSERT INTO \"player_auctions\" (\"itemid\",\"sellerid\",\"itemname\",\"itemdesc\",\"itemprice\",\"lastbid\",\"sellername\",\"buyoutprice\",\"itemtype\",\"itemcondition\",\"moddata\",\"itemdata\",\"originalsource\",\"status\",\"createdAt\",\"updatedAt\") VALUES (DEFAULT,$1,$2,$3,$4,$5,$6,$7,$8,$9,$10,$11,$12,$13,$14,$15) RETURNING \"itemid\",\"sellerid\",\"itemname\",\"itemdesc\",\"itemprice\",\"lastbid\",\"sellername\",\"buyername\",\"buyerid\",\"buyerUsername\",\"buyoutprice\",\"itemtype\",\"itemcondition\",\"moddata\",\"itemdata\",\"originalsource\",\"status\",\"createdAt\",\"updatedAt\";","stack":"Error\n    at Query.run (C:\\Users\\Michael\\Zomboid\\Workshop\\ZonaNyamanBotZ\\zomboid-discord-rcon\\node_modules\\sequelize\\lib\\dialects\\postgres\\query.js:50:25)\n    at C:\\Users\\Michael\\Zomboid\\Workshop\\ZonaNyamanBotZ\\zomboid-discord-rcon\\node_modules\\sequelize\\lib\\sequelize.js:315:28\n    at process.processTicksAndRejections (node:internal/process/task_queues:95:5)\n    at async PostgresQueryInterface.insert (C:\\Users\\Michael\\Zomboid\\Workshop\\ZonaNyamanBotZ\\zomboid-discord-rcon\\node_modules\\sequelize\\lib\\dialects\\abstract\\query-interface.js:308:21)\n    at async model.save (C:\\Users\\Michael\\Zomboid\\Workshop\\ZonaNyamanBotZ\\zomboid-discord-rcon\\node_modules\\sequelize\\lib\\model.js:2490:35)\n    at async PlayerAuction.create (C:\\Users\\Michael\\Zomboid\\Workshop\\ZonaNyamanBotZ\\zomboid-discord-rcon\\node_modules\\sequelize\\lib\\model.js:1362:12)\n    at async AuctionLogMonitor.handleCreateAuction (file:///C:/Users/Michael/Zomboid/Workshop/ZonaNyamanBotZ/zomboid-discord-rcon/src/services/auctionLogMonitor.js:230:23)\n    at async AuctionLogMonitor.processAuctionEntry (file:///C:/Users/Michael/Zomboid/Workshop/ZonaNyamanBotZ/zomboid-discord-rcon/src/services/auctionLogMonitor.js:121:11)\n    at async AuctionLogMonitor.scanAndProcessAuctions (file:///C:/Users/Michael/Zomboid/Workshop/ZonaNyamanBotZ/zomboid-discord-rcon/src/services/auctionLogMonitor.js:80:22)\n    at async Timeout._onTimeout (file:///C:/Users/Michael/Zomboid/Workshop/ZonaNyamanBotZ/zomboid-discord-rcon/src/services/auctionLogMonitor.js:36:7)","timestamp":"2025-09-16T03:31:30.647Z"}
{"level":"error","message":"[AuctionLogMonitor] Failed entry data:","timestamp":"2025-09-16T03:31:30.648Z"}
{"level":"warn","message":"[AuctionLogMonitor] Some entries failed; auction log preserved for retry.","timestamp":"2025-09-16T03:31:30.649Z"}
{"level":"info","message":"External knowledge base loaded successfully","timestamp":"2025-09-16T03:31:34.393Z"}
{"level":"info","message":"[AuctionLogMonitor] Starting auction log monitoring...","timestamp":"2025-09-16T03:31:36.050Z"}
{"level":"info","message":"[AuctionLogMonitor] Starting from position: 0","timestamp":"2025-09-16T03:31:36.051Z"}
{"level":"info","message":"[AuctionLogMonitor] Monitoring started with 30s interval","timestamp":"2025-09-16T03:31:36.051Z"}
{"level":"info","message":"External knowledge base loaded successfully","timestamp":"2025-09-16T03:31:40.843Z"}
{"level":"info","message":"[AuctionLogMonitor] Starting auction log monitoring...","timestamp":"2025-09-16T03:31:42.329Z"}
{"level":"info","message":"[AuctionLogMonitor] Starting from position: 0","timestamp":"2025-09-16T03:31:42.329Z"}
{"level":"info","message":"[AuctionLogMonitor] Monitoring started with 30s interval","timestamp":"2025-09-16T03:31:42.329Z"}
{"level":"info","message":"External knowledge base loaded successfully","timestamp":"2025-09-16T03:32:08.812Z"}
{"level":"info","message":"[AuctionLogMonitor] Starting auction log monitoring...","timestamp":"2025-09-16T03:32:10.464Z"}
{"level":"info","message":"[AuctionLogMonitor] Starting from position: 0","timestamp":"2025-09-16T03:32:10.465Z"}
{"level":"info","message":"[AuctionLogMonitor] Monitoring started with 30s interval","timestamp":"2025-09-16T03:32:10.465Z"}
{"level":"info","message":"[AuctionLogMonitor] Found 1 new auction entries","timestamp":"2025-09-16T03:32:41.513Z"}
{"level":"info","message":"[AuctionLogMonitor] Processing CREATE_AUCTION at 2025-09-16T03:28:59Z","timestamp":"2025-09-16T03:32:41.513Z"}
{"level":"error","message":"[AuctionLogMonitor] Error handling CREATE_AUCTION: numeric field overflow","name":"SequelizeDatabaseError","original":{"code":"22003","detail":"A field with precision 3, scale 2 must round to an absolute value less than 10^1.","file":"numeric.c","length":164,"line":"7560","name":"error","parameters":["319","AK47 Assault Rifle_admin_+9 (Enhanced)","Type: Base.RF_AK47 | Condition: 5000.0% | Buyout: 200 | Duration: 24h | Server: pzserver",190,190,"tester2",200,"Base.RF_AK47",50,"{\"IPPJRecoilDelay\":9.849999904632568,\"IPPJHitChance\":80,\"IPPJRecoilDelayParts\":-0.8499999046325684,\"IPPJHitChanceParts\":0,\"IPPJMinAngleParts\":0,\"IPPJAimingTime\":15,\"IPPJAimingTimeTotal\":15,\"IPPJAimingTimeParts\":0,\"IPPJRepaired\":1,\"AimingPerkHitChanceModifier\":5,\"AimingPerkCritModifier\":0,\"AimingPerkRangeModifier\":0,\"AimingTime\":15,\"Name\":\"AK47 Assault Rifle\",\"enchantmentStats\":{\"enchantCounter\":9,\"originalName\":\"AK47 Assault Rifle\"},\"enchantments\":{\"minDamage\":true,\"maxDamage\":true},\"enchanted\":true,\"savedDamageValues\":{\"minDamage\":10,\"maxDamage\":12},\"weaponID\":\"1136092555\",\"origMinDamage\":10,\"origMaxDamage\":12,\"hasDamageBoost\":true}","{\"itemType\":\"Base.RF_AK47\",\"itemID\":\"1136092555\",\"itemName\":\"AK47 Assault Rifle_admin_+9 (Enhanced)\",\"customName\":\"AK47 Assault Rifle_admin_+9 (Enhanced)\",\"condition\":50,\"weight\":4.300000190734863,\"category\":\"Weapon\",\"description\":\"\",\"tooltip\":\"Tooltip_762x39\",\"enchantmentLevel\":9,\"hasDamageBoost\":true,\"enchantMaxDamage\":12,\"enchantMinDamage\":10,\"originalMaxDamage\":12,\"originalMinDamage\":10}","{\"action\":\"CREATE_AUCTION\",\"timestamp\":\"2025-09-16T03:28:59Z\",\"unixTime\":1757993339.546,\"data\":{\"sellerUsername\":\"admin\",\"sellerSteamID\":76561198139202300,\"itemType\":\"Base.RF_AK47\",\"itemName\":\"AK47 Assault Rifle_admin_+9 (Enhanced)\",\"itemID\":\"1136092555\",\"condition\":50,\"weight\":4.300000190734863,\"category\":\"Weapon\",\"customName\":\"AK47 Assault Rifle_admin_+9 (Enhanced)\",\"tooltip\":\"Tooltip_762x39\",\"startingPrice\":190,\"buyoutPrice\":200,\"currentBid\":190,\"duration\":24,\"timestamp\":1757993337.3270001,\"description\":\"\",\"isActive\":true,\"serverName\":\"pzserver\",\"modData\":{\"IPPJRecoilDelay\":9.849999904632568,\"IPPJHitChance\":80,\"IPPJRecoilDelayParts\":-0.8499999046325684,\"IPPJHitChanceParts\":0,\"IPPJMinAngleParts\":0,\"IPPJAimingTime\":15,\"IPPJAimingTimeTotal\":15,\"IPPJAimingTimeParts\":0,\"IPPJRepaired\":1,\"AimingPerkHitChanceModifier\":5,\"AimingPerkCritModifier\":0,\"AimingPerkRangeModifier\":0,\"AimingTime\":15,\"Name\":\"AK47 Assault Rifle\",\"enchantmentStats\":{\"enchantCounter\":9,\"originalName\":\"AK47 Assault Rifle\"},\"enchantments\":{\"minDamage\":true,\"maxDamage\":true},\"enchanted\":true,\"savedDamageValues\":{\"minDamage\":10,\"maxDamage\":12},\"weaponID\":\"1136092555\",\"origMinDamage\":10,\"origMaxDamage\":12,\"hasDamageBoost\":true},\"enchantMinDamage\":10,\"enchantMaxDamage\":12,\"originalMinDamage\":10,\"originalMaxDamage\":12,\"hasDamageBoost\":true,\"enchantmentLevel\":9}}","active","2025-09-16 03:32:41.723 +00:00","2025-09-16 03:32:41.723 +00:00"],"routine":"apply_typmod","severity":"ERROR","sql":"INSERT INTO \"player_auctions\" (\"itemid\",\"sellerid\",\"itemname\",\"itemdesc\",\"itemprice\",\"lastbid\",\"sellername\",\"buyoutprice\",\"itemtype\",\"itemcondition\",\"moddata\",\"itemdata\",\"originalsource\",\"status\",\"createdAt\",\"updatedAt\") VALUES (DEFAULT,$1,$2,$3,$4,$5,$6,$7,$8,$9,$10,$11,$12,$13,$14,$15) RETURNING \"itemid\",\"sellerid\",\"itemname\",\"itemdesc\",\"itemprice\",\"lastbid\",\"sellername\",\"buyername\",\"buyerid\",\"buyerUsername\",\"buyoutprice\",\"itemtype\",\"itemcondition\",\"moddata\",\"itemdata\",\"originalsource\",\"status\",\"createdAt\",\"updatedAt\";"},"parameters":["319","AK47 Assault Rifle_admin_+9 (Enhanced)","Type: Base.RF_AK47 | Condition: 5000.0% | Buyout: 200 | Duration: 24h | Server: pzserver",190,190,"tester2",200,"Base.RF_AK47",50,"{\"IPPJRecoilDelay\":9.849999904632568,\"IPPJHitChance\":80,\"IPPJRecoilDelayParts\":-0.8499999046325684,\"IPPJHitChanceParts\":0,\"IPPJMinAngleParts\":0,\"IPPJAimingTime\":15,\"IPPJAimingTimeTotal\":15,\"IPPJAimingTimeParts\":0,\"IPPJRepaired\":1,\"AimingPerkHitChanceModifier\":5,\"AimingPerkCritModifier\":0,\"AimingPerkRangeModifier\":0,\"AimingTime\":15,\"Name\":\"AK47 Assault Rifle\",\"enchantmentStats\":{\"enchantCounter\":9,\"originalName\":\"AK47 Assault Rifle\"},\"enchantments\":{\"minDamage\":true,\"maxDamage\":true},\"enchanted\":true,\"savedDamageValues\":{\"minDamage\":10,\"maxDamage\":12},\"weaponID\":\"1136092555\",\"origMinDamage\":10,\"origMaxDamage\":12,\"hasDamageBoost\":true}","{\"itemType\":\"Base.RF_AK47\",\"itemID\":\"1136092555\",\"itemName\":\"AK47 Assault Rifle_admin_+9 (Enhanced)\",\"customName\":\"AK47 Assault Rifle_admin_+9 (Enhanced)\",\"condition\":50,\"weight\":4.300000190734863,\"category\":\"Weapon\",\"description\":\"\",\"tooltip\":\"Tooltip_762x39\",\"enchantmentLevel\":9,\"hasDamageBoost\":true,\"enchantMaxDamage\":12,\"enchantMinDamage\":10,\"originalMaxDamage\":12,\"originalMinDamage\":10}","{\"action\":\"CREATE_AUCTION\",\"timestamp\":\"2025-09-16T03:28:59Z\",\"unixTime\":1757993339.546,\"data\":{\"sellerUsername\":\"admin\",\"sellerSteamID\":76561198139202300,\"itemType\":\"Base.RF_AK47\",\"itemName\":\"AK47 Assault Rifle_admin_+9 (Enhanced)\",\"itemID\":\"1136092555\",\"condition\":50,\"weight\":4.300000190734863,\"category\":\"Weapon\",\"customName\":\"AK47 Assault Rifle_admin_+9 (Enhanced)\",\"tooltip\":\"Tooltip_762x39\",\"startingPrice\":190,\"buyoutPrice\":200,\"currentBid\":190,\"duration\":24,\"timestamp\":1757993337.3270001,\"description\":\"\",\"isActive\":true,\"serverName\":\"pzserver\",\"modData\":{\"IPPJRecoilDelay\":9.849999904632568,\"IPPJHitChance\":80,\"IPPJRecoilDelayParts\":-0.8499999046325684,\"IPPJHitChanceParts\":0,\"IPPJMinAngleParts\":0,\"IPPJAimingTime\":15,\"IPPJAimingTimeTotal\":15,\"IPPJAimingTimeParts\":0,\"IPPJRepaired\":1,\"AimingPerkHitChanceModifier\":5,\"AimingPerkCritModifier\":0,\"AimingPerkRangeModifier\":0,\"AimingTime\":15,\"Name\":\"AK47 Assault Rifle\",\"enchantmentStats\":{\"enchantCounter\":9,\"originalName\":\"AK47 Assault Rifle\"},\"enchantments\":{\"minDamage\":true,\"maxDamage\":true},\"enchanted\":true,\"savedDamageValues\":{\"minDamage\":10,\"maxDamage\":12},\"weaponID\":\"1136092555\",\"origMinDamage\":10,\"origMaxDamage\":12,\"hasDamageBoost\":true},\"enchantMinDamage\":10,\"enchantMaxDamage\":12,\"originalMinDamage\":10,\"originalMaxDamage\":12,\"hasDamageBoost\":true,\"enchantmentLevel\":9}}","active","2025-09-16 03:32:41.723 +00:00","2025-09-16 03:32:41.723 +00:00"],"parent":{"code":"22003","detail":"A field with precision 3, scale 2 must round to an absolute value less than 10^1.","file":"numeric.c","length":164,"line":"7560","name":"error","parameters":["319","AK47 Assault Rifle_admin_+9 (Enhanced)","Type: Base.RF_AK47 | Condition: 5000.0% | Buyout: 200 | Duration: 24h | Server: pzserver",190,190,"tester2",200,"Base.RF_AK47",50,"{\"IPPJRecoilDelay\":9.849999904632568,\"IPPJHitChance\":80,\"IPPJRecoilDelayParts\":-0.8499999046325684,\"IPPJHitChanceParts\":0,\"IPPJMinAngleParts\":0,\"IPPJAimingTime\":15,\"IPPJAimingTimeTotal\":15,\"IPPJAimingTimeParts\":0,\"IPPJRepaired\":1,\"AimingPerkHitChanceModifier\":5,\"AimingPerkCritModifier\":0,\"AimingPerkRangeModifier\":0,\"AimingTime\":15,\"Name\":\"AK47 Assault Rifle\",\"enchantmentStats\":{\"enchantCounter\":9,\"originalName\":\"AK47 Assault Rifle\"},\"enchantments\":{\"minDamage\":true,\"maxDamage\":true},\"enchanted\":true,\"savedDamageValues\":{\"minDamage\":10,\"maxDamage\":12},\"weaponID\":\"1136092555\",\"origMinDamage\":10,\"origMaxDamage\":12,\"hasDamageBoost\":true}","{\"itemType\":\"Base.RF_AK47\",\"itemID\":\"1136092555\",\"itemName\":\"AK47 Assault Rifle_admin_+9 (Enhanced)\",\"customName\":\"AK47 Assault Rifle_admin_+9 (Enhanced)\",\"condition\":50,\"weight\":4.300000190734863,\"category\":\"Weapon\",\"description\":\"\",\"tooltip\":\"Tooltip_762x39\",\"enchantmentLevel\":9,\"hasDamageBoost\":true,\"enchantMaxDamage\":12,\"enchantMinDamage\":10,\"originalMaxDamage\":12,\"originalMinDamage\":10}","{\"action\":\"CREATE_AUCTION\",\"timestamp\":\"2025-09-16T03:28:59Z\",\"unixTime\":1757993339.546,\"data\":{\"sellerUsername\":\"admin\",\"sellerSteamID\":76561198139202300,\"itemType\":\"Base.RF_AK47\",\"itemName\":\"AK47 Assault Rifle_admin_+9 (Enhanced)\",\"itemID\":\"1136092555\",\"condition\":50,\"weight\":4.300000190734863,\"category\":\"Weapon\",\"customName\":\"AK47 Assault Rifle_admin_+9 (Enhanced)\",\"tooltip\":\"Tooltip_762x39\",\"startingPrice\":190,\"buyoutPrice\":200,\"currentBid\":190,\"duration\":24,\"timestamp\":1757993337.3270001,\"description\":\"\",\"isActive\":true,\"serverName\":\"pzserver\",\"modData\":{\"IPPJRecoilDelay\":9.849999904632568,\"IPPJHitChance\":80,\"IPPJRecoilDelayParts\":-0.8499999046325684,\"IPPJHitChanceParts\":0,\"IPPJMinAngleParts\":0,\"IPPJAimingTime\":15,\"IPPJAimingTimeTotal\":15,\"IPPJAimingTimeParts\":0,\"IPPJRepaired\":1,\"AimingPerkHitChanceModifier\":5,\"AimingPerkCritModifier\":0,\"AimingPerkRangeModifier\":0,\"AimingTime\":15,\"Name\":\"AK47 Assault Rifle\",\"enchantmentStats\":{\"enchantCounter\":9,\"originalName\":\"AK47 Assault Rifle\"},\"enchantments\":{\"minDamage\":true,\"maxDamage\":true},\"enchanted\":true,\"savedDamageValues\":{\"minDamage\":10,\"maxDamage\":12},\"weaponID\":\"1136092555\",\"origMinDamage\":10,\"origMaxDamage\":12,\"hasDamageBoost\":true},\"enchantMinDamage\":10,\"enchantMaxDamage\":12,\"originalMinDamage\":10,\"originalMaxDamage\":12,\"hasDamageBoost\":true,\"enchantmentLevel\":9}}","active","2025-09-16 03:32:41.723 +00:00","2025-09-16 03:32:41.723 +00:00"],"routine":"apply_typmod","severity":"ERROR","sql":"INSERT INTO \"player_auctions\" (\"itemid\",\"sellerid\",\"itemname\",\"itemdesc\",\"itemprice\",\"lastbid\",\"sellername\",\"buyoutprice\",\"itemtype\",\"itemcondition\",\"moddata\",\"itemdata\",\"originalsource\",\"status\",\"createdAt\",\"updatedAt\") VALUES (DEFAULT,$1,$2,$3,$4,$5,$6,$7,$8,$9,$10,$11,$12,$13,$14,$15) RETURNING \"itemid\",\"sellerid\",\"itemname\",\"itemdesc\",\"itemprice\",\"lastbid\",\"sellername\",\"buyername\",\"buyerid\",\"buyerUsername\",\"buyoutprice\",\"itemtype\",\"itemcondition\",\"moddata\",\"itemdata\",\"originalsource\",\"status\",\"createdAt\",\"updatedAt\";"},"sql":"INSERT INTO \"player_auctions\" (\"itemid\",\"sellerid\",\"itemname\",\"itemdesc\",\"itemprice\",\"lastbid\",\"sellername\",\"buyoutprice\",\"itemtype\",\"itemcondition\",\"moddata\",\"itemdata\",\"originalsource\",\"status\",\"createdAt\",\"updatedAt\") VALUES (DEFAULT,$1,$2,$3,$4,$5,$6,$7,$8,$9,$10,$11,$12,$13,$14,$15) RETURNING \"itemid\",\"sellerid\",\"itemname\",\"itemdesc\",\"itemprice\",\"lastbid\",\"sellername\",\"buyername\",\"buyerid\",\"buyerUsername\",\"buyoutprice\",\"itemtype\",\"itemcondition\",\"moddata\",\"itemdata\",\"originalsource\",\"status\",\"createdAt\",\"updatedAt\";","stack":"Error\n    at Query.run (C:\\Users\\Michael\\Zomboid\\Workshop\\ZonaNyamanBotZ\\zomboid-discord-rcon\\node_modules\\sequelize\\lib\\dialects\\postgres\\query.js:50:25)\n    at C:\\Users\\Michael\\Zomboid\\Workshop\\ZonaNyamanBotZ\\zomboid-discord-rcon\\node_modules\\sequelize\\lib\\sequelize.js:315:28\n    at process.processTicksAndRejections (node:internal/process/task_queues:95:5)\n    at async PostgresQueryInterface.insert (C:\\Users\\Michael\\Zomboid\\Workshop\\ZonaNyamanBotZ\\zomboid-discord-rcon\\node_modules\\sequelize\\lib\\dialects\\abstract\\query-interface.js:308:21)\n    at async model.save (C:\\Users\\Michael\\Zomboid\\Workshop\\ZonaNyamanBotZ\\zomboid-discord-rcon\\node_modules\\sequelize\\lib\\model.js:2490:35)\n    at async PlayerAuction.create (C:\\Users\\Michael\\Zomboid\\Workshop\\ZonaNyamanBotZ\\zomboid-discord-rcon\\node_modules\\sequelize\\lib\\model.js:1362:12)\n    at async AuctionLogMonitor.handleCreateAuction (file:///C:/Users/Michael/Zomboid/Workshop/ZonaNyamanBotZ/zomboid-discord-rcon/src/services/auctionLogMonitor.js:223:23)\n    at async AuctionLogMonitor.processAuctionEntry (file:///C:/Users/Michael/Zomboid/Workshop/ZonaNyamanBotZ/zomboid-discord-rcon/src/services/auctionLogMonitor.js:121:11)\n    at async AuctionLogMonitor.scanAndProcessAuctions (file:///C:/Users/Michael/Zomboid/Workshop/ZonaNyamanBotZ/zomboid-discord-rcon/src/services/auctionLogMonitor.js:80:22)\n    at async Timeout._onTimeout (file:///C:/Users/Michael/Zomboid/Workshop/ZonaNyamanBotZ/zomboid-discord-rcon/src/services/auctionLogMonitor.js:36:7)","timestamp":"2025-09-16T03:32:41.752Z"}
{"level":"error","message":"[AuctionLogMonitor] Error processing auction entry: numeric field overflow","name":"SequelizeDatabaseError","original":{"code":"22003","detail":"A field with precision 3, scale 2 must round to an absolute value less than 10^1.","file":"numeric.c","length":164,"line":"7560","name":"error","parameters":["319","AK47 Assault Rifle_admin_+9 (Enhanced)","Type: Base.RF_AK47 | Condition: 5000.0% | Buyout: 200 | Duration: 24h | Server: pzserver",190,190,"tester2",200,"Base.RF_AK47",50,"{\"IPPJRecoilDelay\":9.849999904632568,\"IPPJHitChance\":80,\"IPPJRecoilDelayParts\":-0.8499999046325684,\"IPPJHitChanceParts\":0,\"IPPJMinAngleParts\":0,\"IPPJAimingTime\":15,\"IPPJAimingTimeTotal\":15,\"IPPJAimingTimeParts\":0,\"IPPJRepaired\":1,\"AimingPerkHitChanceModifier\":5,\"AimingPerkCritModifier\":0,\"AimingPerkRangeModifier\":0,\"AimingTime\":15,\"Name\":\"AK47 Assault Rifle\",\"enchantmentStats\":{\"enchantCounter\":9,\"originalName\":\"AK47 Assault Rifle\"},\"enchantments\":{\"minDamage\":true,\"maxDamage\":true},\"enchanted\":true,\"savedDamageValues\":{\"minDamage\":10,\"maxDamage\":12},\"weaponID\":\"1136092555\",\"origMinDamage\":10,\"origMaxDamage\":12,\"hasDamageBoost\":true}","{\"itemType\":\"Base.RF_AK47\",\"itemID\":\"1136092555\",\"itemName\":\"AK47 Assault Rifle_admin_+9 (Enhanced)\",\"customName\":\"AK47 Assault Rifle_admin_+9 (Enhanced)\",\"condition\":50,\"weight\":4.300000190734863,\"category\":\"Weapon\",\"description\":\"\",\"tooltip\":\"Tooltip_762x39\",\"enchantmentLevel\":9,\"hasDamageBoost\":true,\"enchantMaxDamage\":12,\"enchantMinDamage\":10,\"originalMaxDamage\":12,\"originalMinDamage\":10}","{\"action\":\"CREATE_AUCTION\",\"timestamp\":\"2025-09-16T03:28:59Z\",\"unixTime\":1757993339.546,\"data\":{\"sellerUsername\":\"admin\",\"sellerSteamID\":76561198139202300,\"itemType\":\"Base.RF_AK47\",\"itemName\":\"AK47 Assault Rifle_admin_+9 (Enhanced)\",\"itemID\":\"1136092555\",\"condition\":50,\"weight\":4.300000190734863,\"category\":\"Weapon\",\"customName\":\"AK47 Assault Rifle_admin_+9 (Enhanced)\",\"tooltip\":\"Tooltip_762x39\",\"startingPrice\":190,\"buyoutPrice\":200,\"currentBid\":190,\"duration\":24,\"timestamp\":1757993337.3270001,\"description\":\"\",\"isActive\":true,\"serverName\":\"pzserver\",\"modData\":{\"IPPJRecoilDelay\":9.849999904632568,\"IPPJHitChance\":80,\"IPPJRecoilDelayParts\":-0.8499999046325684,\"IPPJHitChanceParts\":0,\"IPPJMinAngleParts\":0,\"IPPJAimingTime\":15,\"IPPJAimingTimeTotal\":15,\"IPPJAimingTimeParts\":0,\"IPPJRepaired\":1,\"AimingPerkHitChanceModifier\":5,\"AimingPerkCritModifier\":0,\"AimingPerkRangeModifier\":0,\"AimingTime\":15,\"Name\":\"AK47 Assault Rifle\",\"enchantmentStats\":{\"enchantCounter\":9,\"originalName\":\"AK47 Assault Rifle\"},\"enchantments\":{\"minDamage\":true,\"maxDamage\":true},\"enchanted\":true,\"savedDamageValues\":{\"minDamage\":10,\"maxDamage\":12},\"weaponID\":\"1136092555\",\"origMinDamage\":10,\"origMaxDamage\":12,\"hasDamageBoost\":true},\"enchantMinDamage\":10,\"enchantMaxDamage\":12,\"originalMinDamage\":10,\"originalMaxDamage\":12,\"hasDamageBoost\":true,\"enchantmentLevel\":9}}","active","2025-09-16 03:32:41.723 +00:00","2025-09-16 03:32:41.723 +00:00"],"routine":"apply_typmod","severity":"ERROR","sql":"INSERT INTO \"player_auctions\" (\"itemid\",\"sellerid\",\"itemname\",\"itemdesc\",\"itemprice\",\"lastbid\",\"sellername\",\"buyoutprice\",\"itemtype\",\"itemcondition\",\"moddata\",\"itemdata\",\"originalsource\",\"status\",\"createdAt\",\"updatedAt\") VALUES (DEFAULT,$1,$2,$3,$4,$5,$6,$7,$8,$9,$10,$11,$12,$13,$14,$15) RETURNING \"itemid\",\"sellerid\",\"itemname\",\"itemdesc\",\"itemprice\",\"lastbid\",\"sellername\",\"buyername\",\"buyerid\",\"buyerUsername\",\"buyoutprice\",\"itemtype\",\"itemcondition\",\"moddata\",\"itemdata\",\"originalsource\",\"status\",\"createdAt\",\"updatedAt\";"},"parameters":["319","AK47 Assault Rifle_admin_+9 (Enhanced)","Type: Base.RF_AK47 | Condition: 5000.0% | Buyout: 200 | Duration: 24h | Server: pzserver",190,190,"tester2",200,"Base.RF_AK47",50,"{\"IPPJRecoilDelay\":9.849999904632568,\"IPPJHitChance\":80,\"IPPJRecoilDelayParts\":-0.8499999046325684,\"IPPJHitChanceParts\":0,\"IPPJMinAngleParts\":0,\"IPPJAimingTime\":15,\"IPPJAimingTimeTotal\":15,\"IPPJAimingTimeParts\":0,\"IPPJRepaired\":1,\"AimingPerkHitChanceModifier\":5,\"AimingPerkCritModifier\":0,\"AimingPerkRangeModifier\":0,\"AimingTime\":15,\"Name\":\"AK47 Assault Rifle\",\"enchantmentStats\":{\"enchantCounter\":9,\"originalName\":\"AK47 Assault Rifle\"},\"enchantments\":{\"minDamage\":true,\"maxDamage\":true},\"enchanted\":true,\"savedDamageValues\":{\"minDamage\":10,\"maxDamage\":12},\"weaponID\":\"1136092555\",\"origMinDamage\":10,\"origMaxDamage\":12,\"hasDamageBoost\":true}","{\"itemType\":\"Base.RF_AK47\",\"itemID\":\"1136092555\",\"itemName\":\"AK47 Assault Rifle_admin_+9 (Enhanced)\",\"customName\":\"AK47 Assault Rifle_admin_+9 (Enhanced)\",\"condition\":50,\"weight\":4.300000190734863,\"category\":\"Weapon\",\"description\":\"\",\"tooltip\":\"Tooltip_762x39\",\"enchantmentLevel\":9,\"hasDamageBoost\":true,\"enchantMaxDamage\":12,\"enchantMinDamage\":10,\"originalMaxDamage\":12,\"originalMinDamage\":10}","{\"action\":\"CREATE_AUCTION\",\"timestamp\":\"2025-09-16T03:28:59Z\",\"unixTime\":1757993339.546,\"data\":{\"sellerUsername\":\"admin\",\"sellerSteamID\":76561198139202300,\"itemType\":\"Base.RF_AK47\",\"itemName\":\"AK47 Assault Rifle_admin_+9 (Enhanced)\",\"itemID\":\"1136092555\",\"condition\":50,\"weight\":4.300000190734863,\"category\":\"Weapon\",\"customName\":\"AK47 Assault Rifle_admin_+9 (Enhanced)\",\"tooltip\":\"Tooltip_762x39\",\"startingPrice\":190,\"buyoutPrice\":200,\"currentBid\":190,\"duration\":24,\"timestamp\":1757993337.3270001,\"description\":\"\",\"isActive\":true,\"serverName\":\"pzserver\",\"modData\":{\"IPPJRecoilDelay\":9.849999904632568,\"IPPJHitChance\":80,\"IPPJRecoilDelayParts\":-0.8499999046325684,\"IPPJHitChanceParts\":0,\"IPPJMinAngleParts\":0,\"IPPJAimingTime\":15,\"IPPJAimingTimeTotal\":15,\"IPPJAimingTimeParts\":0,\"IPPJRepaired\":1,\"AimingPerkHitChanceModifier\":5,\"AimingPerkCritModifier\":0,\"AimingPerkRangeModifier\":0,\"AimingTime\":15,\"Name\":\"AK47 Assault Rifle\",\"enchantmentStats\":{\"enchantCounter\":9,\"originalName\":\"AK47 Assault Rifle\"},\"enchantments\":{\"minDamage\":true,\"maxDamage\":true},\"enchanted\":true,\"savedDamageValues\":{\"minDamage\":10,\"maxDamage\":12},\"weaponID\":\"1136092555\",\"origMinDamage\":10,\"origMaxDamage\":12,\"hasDamageBoost\":true},\"enchantMinDamage\":10,\"enchantMaxDamage\":12,\"originalMinDamage\":10,\"originalMaxDamage\":12,\"hasDamageBoost\":true,\"enchantmentLevel\":9}}","active","2025-09-16 03:32:41.723 +00:00","2025-09-16 03:32:41.723 +00:00"],"parent":{"code":"22003","detail":"A field with precision 3, scale 2 must round to an absolute value less than 10^1.","file":"numeric.c","length":164,"line":"7560","name":"error","parameters":["319","AK47 Assault Rifle_admin_+9 (Enhanced)","Type: Base.RF_AK47 | Condition: 5000.0% | Buyout: 200 | Duration: 24h | Server: pzserver",190,190,"tester2",200,"Base.RF_AK47",50,"{\"IPPJRecoilDelay\":9.849999904632568,\"IPPJHitChance\":80,\"IPPJRecoilDelayParts\":-0.8499999046325684,\"IPPJHitChanceParts\":0,\"IPPJMinAngleParts\":0,\"IPPJAimingTime\":15,\"IPPJAimingTimeTotal\":15,\"IPPJAimingTimeParts\":0,\"IPPJRepaired\":1,\"AimingPerkHitChanceModifier\":5,\"AimingPerkCritModifier\":0,\"AimingPerkRangeModifier\":0,\"AimingTime\":15,\"Name\":\"AK47 Assault Rifle\",\"enchantmentStats\":{\"enchantCounter\":9,\"originalName\":\"AK47 Assault Rifle\"},\"enchantments\":{\"minDamage\":true,\"maxDamage\":true},\"enchanted\":true,\"savedDamageValues\":{\"minDamage\":10,\"maxDamage\":12},\"weaponID\":\"1136092555\",\"origMinDamage\":10,\"origMaxDamage\":12,\"hasDamageBoost\":true}","{\"itemType\":\"Base.RF_AK47\",\"itemID\":\"1136092555\",\"itemName\":\"AK47 Assault Rifle_admin_+9 (Enhanced)\",\"customName\":\"AK47 Assault Rifle_admin_+9 (Enhanced)\",\"condition\":50,\"weight\":4.300000190734863,\"category\":\"Weapon\",\"description\":\"\",\"tooltip\":\"Tooltip_762x39\",\"enchantmentLevel\":9,\"hasDamageBoost\":true,\"enchantMaxDamage\":12,\"enchantMinDamage\":10,\"originalMaxDamage\":12,\"originalMinDamage\":10}","{\"action\":\"CREATE_AUCTION\",\"timestamp\":\"2025-09-16T03:28:59Z\",\"unixTime\":1757993339.546,\"data\":{\"sellerUsername\":\"admin\",\"sellerSteamID\":76561198139202300,\"itemType\":\"Base.RF_AK47\",\"itemName\":\"AK47 Assault Rifle_admin_+9 (Enhanced)\",\"itemID\":\"1136092555\",\"condition\":50,\"weight\":4.300000190734863,\"category\":\"Weapon\",\"customName\":\"AK47 Assault Rifle_admin_+9 (Enhanced)\",\"tooltip\":\"Tooltip_762x39\",\"startingPrice\":190,\"buyoutPrice\":200,\"currentBid\":190,\"duration\":24,\"timestamp\":1757993337.3270001,\"description\":\"\",\"isActive\":true,\"serverName\":\"pzserver\",\"modData\":{\"IPPJRecoilDelay\":9.849999904632568,\"IPPJHitChance\":80,\"IPPJRecoilDelayParts\":-0.8499999046325684,\"IPPJHitChanceParts\":0,\"IPPJMinAngleParts\":0,\"IPPJAimingTime\":15,\"IPPJAimingTimeTotal\":15,\"IPPJAimingTimeParts\":0,\"IPPJRepaired\":1,\"AimingPerkHitChanceModifier\":5,\"AimingPerkCritModifier\":0,\"AimingPerkRangeModifier\":0,\"AimingTime\":15,\"Name\":\"AK47 Assault Rifle\",\"enchantmentStats\":{\"enchantCounter\":9,\"originalName\":\"AK47 Assault Rifle\"},\"enchantments\":{\"minDamage\":true,\"maxDamage\":true},\"enchanted\":true,\"savedDamageValues\":{\"minDamage\":10,\"maxDamage\":12},\"weaponID\":\"1136092555\",\"origMinDamage\":10,\"origMaxDamage\":12,\"hasDamageBoost\":true},\"enchantMinDamage\":10,\"enchantMaxDamage\":12,\"originalMinDamage\":10,\"originalMaxDamage\":12,\"hasDamageBoost\":true,\"enchantmentLevel\":9}}","active","2025-09-16 03:32:41.723 +00:00","2025-09-16 03:32:41.723 +00:00"],"routine":"apply_typmod","severity":"ERROR","sql":"INSERT INTO \"player_auctions\" (\"itemid\",\"sellerid\",\"itemname\",\"itemdesc\",\"itemprice\",\"lastbid\",\"sellername\",\"buyoutprice\",\"itemtype\",\"itemcondition\",\"moddata\",\"itemdata\",\"originalsource\",\"status\",\"createdAt\",\"updatedAt\") VALUES (DEFAULT,$1,$2,$3,$4,$5,$6,$7,$8,$9,$10,$11,$12,$13,$14,$15) RETURNING \"itemid\",\"sellerid\",\"itemname\",\"itemdesc\",\"itemprice\",\"lastbid\",\"sellername\",\"buyername\",\"buyerid\",\"buyerUsername\",\"buyoutprice\",\"itemtype\",\"itemcondition\",\"moddata\",\"itemdata\",\"originalsource\",\"status\",\"createdAt\",\"updatedAt\";"},"sql":"INSERT INTO \"player_auctions\" (\"itemid\",\"sellerid\",\"itemname\",\"itemdesc\",\"itemprice\",\"lastbid\",\"sellername\",\"buyoutprice\",\"itemtype\",\"itemcondition\",\"moddata\",\"itemdata\",\"originalsource\",\"status\",\"createdAt\",\"updatedAt\") VALUES (DEFAULT,$1,$2,$3,$4,$5,$6,$7,$8,$9,$10,$11,$12,$13,$14,$15) RETURNING \"itemid\",\"sellerid\",\"itemname\",\"itemdesc\",\"itemprice\",\"lastbid\",\"sellername\",\"buyername\",\"buyerid\",\"buyerUsername\",\"buyoutprice\",\"itemtype\",\"itemcondition\",\"moddata\",\"itemdata\",\"originalsource\",\"status\",\"createdAt\",\"updatedAt\";","stack":"Error\n    at Query.run (C:\\Users\\Michael\\Zomboid\\Workshop\\ZonaNyamanBotZ\\zomboid-discord-rcon\\node_modules\\sequelize\\lib\\dialects\\postgres\\query.js:50:25)\n    at C:\\Users\\Michael\\Zomboid\\Workshop\\ZonaNyamanBotZ\\zomboid-discord-rcon\\node_modules\\sequelize\\lib\\sequelize.js:315:28\n    at process.processTicksAndRejections (node:internal/process/task_queues:95:5)\n    at async PostgresQueryInterface.insert (C:\\Users\\Michael\\Zomboid\\Workshop\\ZonaNyamanBotZ\\zomboid-discord-rcon\\node_modules\\sequelize\\lib\\dialects\\abstract\\query-interface.js:308:21)\n    at async model.save (C:\\Users\\Michael\\Zomboid\\Workshop\\ZonaNyamanBotZ\\zomboid-discord-rcon\\node_modules\\sequelize\\lib\\model.js:2490:35)\n    at async PlayerAuction.create (C:\\Users\\Michael\\Zomboid\\Workshop\\ZonaNyamanBotZ\\zomboid-discord-rcon\\node_modules\\sequelize\\lib\\model.js:1362:12)\n    at async AuctionLogMonitor.handleCreateAuction (file:///C:/Users/Michael/Zomboid/Workshop/ZonaNyamanBotZ/zomboid-discord-rcon/src/services/auctionLogMonitor.js:223:23)\n    at async AuctionLogMonitor.processAuctionEntry (file:///C:/Users/Michael/Zomboid/Workshop/ZonaNyamanBotZ/zomboid-discord-rcon/src/services/auctionLogMonitor.js:121:11)\n    at async AuctionLogMonitor.scanAndProcessAuctions (file:///C:/Users/Michael/Zomboid/Workshop/ZonaNyamanBotZ/zomboid-discord-rcon/src/services/auctionLogMonitor.js:80:22)\n    at async Timeout._onTimeout (file:///C:/Users/Michael/Zomboid/Workshop/ZonaNyamanBotZ/zomboid-discord-rcon/src/services/auctionLogMonitor.js:36:7)","timestamp":"2025-09-16T03:32:41.753Z"}
{"level":"error","message":"[AuctionLogMonitor] Failed entry data:","timestamp":"2025-09-16T03:32:41.754Z"}
{"level":"warn","message":"[AuctionLogMonitor] Some entries failed; auction log preserved for retry.","timestamp":"2025-09-16T03:32:41.754Z"}
{"level":"info","message":"[AuctionLogMonitor] Found 1 new auction entries","timestamp":"2025-09-16T03:33:11.494Z"}
{"level":"info","message":"[AuctionLogMonitor] Processing CREATE_AUCTION at 2025-09-16T03:28:59Z","timestamp":"2025-09-16T03:33:11.494Z"}
{"level":"error","message":"[AuctionLogMonitor] Error handling CREATE_AUCTION: numeric field overflow","name":"SequelizeDatabaseError","original":{"code":"22003","detail":"A field with precision 3, scale 2 must round to an absolute value less than 10^1.","file":"numeric.c","length":164,"line":"7560","name":"error","parameters":["319","AK47 Assault Rifle_admin_+9 (Enhanced)","Type: Base.RF_AK47 | Condition: 5000.0% | Buyout: 200 | Duration: 24h | Server: pzserver",190,190,"tester2",200,"Base.RF_AK47",50,"{\"IPPJRecoilDelay\":9.849999904632568,\"IPPJHitChance\":80,\"IPPJRecoilDelayParts\":-0.8499999046325684,\"IPPJHitChanceParts\":0,\"IPPJMinAngleParts\":0,\"IPPJAimingTime\":15,\"IPPJAimingTimeTotal\":15,\"IPPJAimingTimeParts\":0,\"IPPJRepaired\":1,\"AimingPerkHitChanceModifier\":5,\"AimingPerkCritModifier\":0,\"AimingPerkRangeModifier\":0,\"AimingTime\":15,\"Name\":\"AK47 Assault Rifle\",\"enchantmentStats\":{\"enchantCounter\":9,\"originalName\":\"AK47 Assault Rifle\"},\"enchantments\":{\"minDamage\":true,\"maxDamage\":true},\"enchanted\":true,\"savedDamageValues\":{\"minDamage\":10,\"maxDamage\":12},\"weaponID\":\"1136092555\",\"origMinDamage\":10,\"origMaxDamage\":12,\"hasDamageBoost\":true}","{\"itemType\":\"Base.RF_AK47\",\"itemID\":\"1136092555\",\"itemName\":\"AK47 Assault Rifle_admin_+9 (Enhanced)\",\"customName\":\"AK47 Assault Rifle_admin_+9 (Enhanced)\",\"condition\":50,\"weight\":4.300000190734863,\"category\":\"Weapon\",\"description\":\"\",\"tooltip\":\"Tooltip_762x39\",\"enchantmentLevel\":9,\"hasDamageBoost\":true,\"enchantMaxDamage\":12,\"enchantMinDamage\":10,\"originalMaxDamage\":12,\"originalMinDamage\":10}","{\"action\":\"CREATE_AUCTION\",\"timestamp\":\"2025-09-16T03:28:59Z\",\"unixTime\":1757993339.546,\"data\":{\"sellerUsername\":\"admin\",\"sellerSteamID\":76561198139202300,\"itemType\":\"Base.RF_AK47\",\"itemName\":\"AK47 Assault Rifle_admin_+9 (Enhanced)\",\"itemID\":\"1136092555\",\"condition\":50,\"weight\":4.300000190734863,\"category\":\"Weapon\",\"customName\":\"AK47 Assault Rifle_admin_+9 (Enhanced)\",\"tooltip\":\"Tooltip_762x39\",\"startingPrice\":190,\"buyoutPrice\":200,\"currentBid\":190,\"duration\":24,\"timestamp\":1757993337.3270001,\"description\":\"\",\"isActive\":true,\"serverName\":\"pzserver\",\"modData\":{\"IPPJRecoilDelay\":9.849999904632568,\"IPPJHitChance\":80,\"IPPJRecoilDelayParts\":-0.8499999046325684,\"IPPJHitChanceParts\":0,\"IPPJMinAngleParts\":0,\"IPPJAimingTime\":15,\"IPPJAimingTimeTotal\":15,\"IPPJAimingTimeParts\":0,\"IPPJRepaired\":1,\"AimingPerkHitChanceModifier\":5,\"AimingPerkCritModifier\":0,\"AimingPerkRangeModifier\":0,\"AimingTime\":15,\"Name\":\"AK47 Assault Rifle\",\"enchantmentStats\":{\"enchantCounter\":9,\"originalName\":\"AK47 Assault Rifle\"},\"enchantments\":{\"minDamage\":true,\"maxDamage\":true},\"enchanted\":true,\"savedDamageValues\":{\"minDamage\":10,\"maxDamage\":12},\"weaponID\":\"1136092555\",\"origMinDamage\":10,\"origMaxDamage\":12,\"hasDamageBoost\":true},\"enchantMinDamage\":10,\"enchantMaxDamage\":12,\"originalMinDamage\":10,\"originalMaxDamage\":12,\"hasDamageBoost\":true,\"enchantmentLevel\":9}}","active","2025-09-16 03:33:11.679 +00:00","2025-09-16 03:33:11.679 +00:00"],"routine":"apply_typmod","severity":"ERROR","sql":"INSERT INTO \"player_auctions\" (\"itemid\",\"sellerid\",\"itemname\",\"itemdesc\",\"itemprice\",\"lastbid\",\"sellername\",\"buyoutprice\",\"itemtype\",\"itemcondition\",\"moddata\",\"itemdata\",\"originalsource\",\"status\",\"createdAt\",\"updatedAt\") VALUES (DEFAULT,$1,$2,$3,$4,$5,$6,$7,$8,$9,$10,$11,$12,$13,$14,$15) RETURNING \"itemid\",\"sellerid\",\"itemname\",\"itemdesc\",\"itemprice\",\"lastbid\",\"sellername\",\"buyername\",\"buyerid\",\"buyerUsername\",\"buyoutprice\",\"itemtype\",\"itemcondition\",\"moddata\",\"itemdata\",\"originalsource\",\"status\",\"createdAt\",\"updatedAt\";"},"parameters":["319","AK47 Assault Rifle_admin_+9 (Enhanced)","Type: Base.RF_AK47 | Condition: 5000.0% | Buyout: 200 | Duration: 24h | Server: pzserver",190,190,"tester2",200,"Base.RF_AK47",50,"{\"IPPJRecoilDelay\":9.849999904632568,\"IPPJHitChance\":80,\"IPPJRecoilDelayParts\":-0.8499999046325684,\"IPPJHitChanceParts\":0,\"IPPJMinAngleParts\":0,\"IPPJAimingTime\":15,\"IPPJAimingTimeTotal\":15,\"IPPJAimingTimeParts\":0,\"IPPJRepaired\":1,\"AimingPerkHitChanceModifier\":5,\"AimingPerkCritModifier\":0,\"AimingPerkRangeModifier\":0,\"AimingTime\":15,\"Name\":\"AK47 Assault Rifle\",\"enchantmentStats\":{\"enchantCounter\":9,\"originalName\":\"AK47 Assault Rifle\"},\"enchantments\":{\"minDamage\":true,\"maxDamage\":true},\"enchanted\":true,\"savedDamageValues\":{\"minDamage\":10,\"maxDamage\":12},\"weaponID\":\"1136092555\",\"origMinDamage\":10,\"origMaxDamage\":12,\"hasDamageBoost\":true}","{\"itemType\":\"Base.RF_AK47\",\"itemID\":\"1136092555\",\"itemName\":\"AK47 Assault Rifle_admin_+9 (Enhanced)\",\"customName\":\"AK47 Assault Rifle_admin_+9 (Enhanced)\",\"condition\":50,\"weight\":4.300000190734863,\"category\":\"Weapon\",\"description\":\"\",\"tooltip\":\"Tooltip_762x39\",\"enchantmentLevel\":9,\"hasDamageBoost\":true,\"enchantMaxDamage\":12,\"enchantMinDamage\":10,\"originalMaxDamage\":12,\"originalMinDamage\":10}","{\"action\":\"CREATE_AUCTION\",\"timestamp\":\"2025-09-16T03:28:59Z\",\"unixTime\":1757993339.546,\"data\":{\"sellerUsername\":\"admin\",\"sellerSteamID\":76561198139202300,\"itemType\":\"Base.RF_AK47\",\"itemName\":\"AK47 Assault Rifle_admin_+9 (Enhanced)\",\"itemID\":\"1136092555\",\"condition\":50,\"weight\":4.300000190734863,\"category\":\"Weapon\",\"customName\":\"AK47 Assault Rifle_admin_+9 (Enhanced)\",\"tooltip\":\"Tooltip_762x39\",\"startingPrice\":190,\"buyoutPrice\":200,\"currentBid\":190,\"duration\":24,\"timestamp\":1757993337.3270001,\"description\":\"\",\"isActive\":true,\"serverName\":\"pzserver\",\"modData\":{\"IPPJRecoilDelay\":9.849999904632568,\"IPPJHitChance\":80,\"IPPJRecoilDelayParts\":-0.8499999046325684,\"IPPJHitChanceParts\":0,\"IPPJMinAngleParts\":0,\"IPPJAimingTime\":15,\"IPPJAimingTimeTotal\":15,\"IPPJAimingTimeParts\":0,\"IPPJRepaired\":1,\"AimingPerkHitChanceModifier\":5,\"AimingPerkCritModifier\":0,\"AimingPerkRangeModifier\":0,\"AimingTime\":15,\"Name\":\"AK47 Assault Rifle\",\"enchantmentStats\":{\"enchantCounter\":9,\"originalName\":\"AK47 Assault Rifle\"},\"enchantments\":{\"minDamage\":true,\"maxDamage\":true},\"enchanted\":true,\"savedDamageValues\":{\"minDamage\":10,\"maxDamage\":12},\"weaponID\":\"1136092555\",\"origMinDamage\":10,\"origMaxDamage\":12,\"hasDamageBoost\":true},\"enchantMinDamage\":10,\"enchantMaxDamage\":12,\"originalMinDamage\":10,\"originalMaxDamage\":12,\"hasDamageBoost\":true,\"enchantmentLevel\":9}}","active","2025-09-16 03:33:11.679 +00:00","2025-09-16 03:33:11.679 +00:00"],"parent":{"code":"22003","detail":"A field with precision 3, scale 2 must round to an absolute value less than 10^1.","file":"numeric.c","length":164,"line":"7560","name":"error","parameters":["319","AK47 Assault Rifle_admin_+9 (Enhanced)","Type: Base.RF_AK47 | Condition: 5000.0% | Buyout: 200 | Duration: 24h | Server: pzserver",190,190,"tester2",200,"Base.RF_AK47",50,"{\"IPPJRecoilDelay\":9.849999904632568,\"IPPJHitChance\":80,\"IPPJRecoilDelayParts\":-0.8499999046325684,\"IPPJHitChanceParts\":0,\"IPPJMinAngleParts\":0,\"IPPJAimingTime\":15,\"IPPJAimingTimeTotal\":15,\"IPPJAimingTimeParts\":0,\"IPPJRepaired\":1,\"AimingPerkHitChanceModifier\":5,\"AimingPerkCritModifier\":0,\"AimingPerkRangeModifier\":0,\"AimingTime\":15,\"Name\":\"AK47 Assault Rifle\",\"enchantmentStats\":{\"enchantCounter\":9,\"originalName\":\"AK47 Assault Rifle\"},\"enchantments\":{\"minDamage\":true,\"maxDamage\":true},\"enchanted\":true,\"savedDamageValues\":{\"minDamage\":10,\"maxDamage\":12},\"weaponID\":\"1136092555\",\"origMinDamage\":10,\"origMaxDamage\":12,\"hasDamageBoost\":true}","{\"itemType\":\"Base.RF_AK47\",\"itemID\":\"1136092555\",\"itemName\":\"AK47 Assault Rifle_admin_+9 (Enhanced)\",\"customName\":\"AK47 Assault Rifle_admin_+9 (Enhanced)\",\"condition\":50,\"weight\":4.300000190734863,\"category\":\"Weapon\",\"description\":\"\",\"tooltip\":\"Tooltip_762x39\",\"enchantmentLevel\":9,\"hasDamageBoost\":true,\"enchantMaxDamage\":12,\"enchantMinDamage\":10,\"originalMaxDamage\":12,\"originalMinDamage\":10}","{\"action\":\"CREATE_AUCTION\",\"timestamp\":\"2025-09-16T03:28:59Z\",\"unixTime\":1757993339.546,\"data\":{\"sellerUsername\":\"admin\",\"sellerSteamID\":76561198139202300,\"itemType\":\"Base.RF_AK47\",\"itemName\":\"AK47 Assault Rifle_admin_+9 (Enhanced)\",\"itemID\":\"1136092555\",\"condition\":50,\"weight\":4.300000190734863,\"category\":\"Weapon\",\"customName\":\"AK47 Assault Rifle_admin_+9 (Enhanced)\",\"tooltip\":\"Tooltip_762x39\",\"startingPrice\":190,\"buyoutPrice\":200,\"currentBid\":190,\"duration\":24,\"timestamp\":1757993337.3270001,\"description\":\"\",\"isActive\":true,\"serverName\":\"pzserver\",\"modData\":{\"IPPJRecoilDelay\":9.849999904632568,\"IPPJHitChance\":80,\"IPPJRecoilDelayParts\":-0.8499999046325684,\"IPPJHitChanceParts\":0,\"IPPJMinAngleParts\":0,\"IPPJAimingTime\":15,\"IPPJAimingTimeTotal\":15,\"IPPJAimingTimeParts\":0,\"IPPJRepaired\":1,\"AimingPerkHitChanceModifier\":5,\"AimingPerkCritModifier\":0,\"AimingPerkRangeModifier\":0,\"AimingTime\":15,\"Name\":\"AK47 Assault Rifle\",\"enchantmentStats\":{\"enchantCounter\":9,\"originalName\":\"AK47 Assault Rifle\"},\"enchantments\":{\"minDamage\":true,\"maxDamage\":true},\"enchanted\":true,\"savedDamageValues\":{\"minDamage\":10,\"maxDamage\":12},\"weaponID\":\"1136092555\",\"origMinDamage\":10,\"origMaxDamage\":12,\"hasDamageBoost\":true},\"enchantMinDamage\":10,\"enchantMaxDamage\":12,\"originalMinDamage\":10,\"originalMaxDamage\":12,\"hasDamageBoost\":true,\"enchantmentLevel\":9}}","active","2025-09-16 03:33:11.679 +00:00","2025-09-16 03:33:11.679 +00:00"],"routine":"apply_typmod","severity":"ERROR","sql":"INSERT INTO \"player_auctions\" (\"itemid\",\"sellerid\",\"itemname\",\"itemdesc\",\"itemprice\",\"lastbid\",\"sellername\",\"buyoutprice\",\"itemtype\",\"itemcondition\",\"moddata\",\"itemdata\",\"originalsource\",\"status\",\"createdAt\",\"updatedAt\") VALUES (DEFAULT,$1,$2,$3,$4,$5,$6,$7,$8,$9,$10,$11,$12,$13,$14,$15) RETURNING \"itemid\",\"sellerid\",\"itemname\",\"itemdesc\",\"itemprice\",\"lastbid\",\"sellername\",\"buyername\",\"buyerid\",\"buyerUsername\",\"buyoutprice\",\"itemtype\",\"itemcondition\",\"moddata\",\"itemdata\",\"originalsource\",\"status\",\"createdAt\",\"updatedAt\";"},"sql":"INSERT INTO \"player_auctions\" (\"itemid\",\"sellerid\",\"itemname\",\"itemdesc\",\"itemprice\",\"lastbid\",\"sellername\",\"buyoutprice\",\"itemtype\",\"itemcondition\",\"moddata\",\"itemdata\",\"originalsource\",\"status\",\"createdAt\",\"updatedAt\") VALUES (DEFAULT,$1,$2,$3,$4,$5,$6,$7,$8,$9,$10,$11,$12,$13,$14,$15) RETURNING \"itemid\",\"sellerid\",\"itemname\",\"itemdesc\",\"itemprice\",\"lastbid\",\"sellername\",\"buyername\",\"buyerid\",\"buyerUsername\",\"buyoutprice\",\"itemtype\",\"itemcondition\",\"moddata\",\"itemdata\",\"originalsource\",\"status\",\"createdAt\",\"updatedAt\";","stack":"Error\n    at Query.run (C:\\Users\\Michael\\Zomboid\\Workshop\\ZonaNyamanBotZ\\zomboid-discord-rcon\\node_modules\\sequelize\\lib\\dialects\\postgres\\query.js:50:25)\n    at C:\\Users\\Michael\\Zomboid\\Workshop\\ZonaNyamanBotZ\\zomboid-discord-rcon\\node_modules\\sequelize\\lib\\sequelize.js:315:28\n    at process.processTicksAndRejections (node:internal/process/task_queues:95:5)\n    at async PostgresQueryInterface.insert (C:\\Users\\Michael\\Zomboid\\Workshop\\ZonaNyamanBotZ\\zomboid-discord-rcon\\node_modules\\sequelize\\lib\\dialects\\abstract\\query-interface.js:308:21)\n    at async model.save (C:\\Users\\Michael\\Zomboid\\Workshop\\ZonaNyamanBotZ\\zomboid-discord-rcon\\node_modules\\sequelize\\lib\\model.js:2490:35)\n    at async PlayerAuction.create (C:\\Users\\Michael\\Zomboid\\Workshop\\ZonaNyamanBotZ\\zomboid-discord-rcon\\node_modules\\sequelize\\lib\\model.js:1362:12)\n    at async AuctionLogMonitor.handleCreateAuction (file:///C:/Users/Michael/Zomboid/Workshop/ZonaNyamanBotZ/zomboid-discord-rcon/src/services/auctionLogMonitor.js:223:23)\n    at async AuctionLogMonitor.processAuctionEntry (file:///C:/Users/Michael/Zomboid/Workshop/ZonaNyamanBotZ/zomboid-discord-rcon/src/services/auctionLogMonitor.js:121:11)\n    at async AuctionLogMonitor.scanAndProcessAuctions (file:///C:/Users/Michael/Zomboid/Workshop/ZonaNyamanBotZ/zomboid-discord-rcon/src/services/auctionLogMonitor.js:80:22)\n    at async Timeout._onTimeout (file:///C:/Users/Michael/Zomboid/Workshop/ZonaNyamanBotZ/zomboid-discord-rcon/src/services/auctionLogMonitor.js:36:7)","timestamp":"2025-09-16T03:33:11.698Z"}
{"level":"error","message":"[AuctionLogMonitor] Error processing auction entry: numeric field overflow","name":"SequelizeDatabaseError","original":{"code":"22003","detail":"A field with precision 3, scale 2 must round to an absolute value less than 10^1.","file":"numeric.c","length":164,"line":"7560","name":"error","parameters":["319","AK47 Assault Rifle_admin_+9 (Enhanced)","Type: Base.RF_AK47 | Condition: 5000.0% | Buyout: 200 | Duration: 24h | Server: pzserver",190,190,"tester2",200,"Base.RF_AK47",50,"{\"IPPJRecoilDelay\":9.849999904632568,\"IPPJHitChance\":80,\"IPPJRecoilDelayParts\":-0.8499999046325684,\"IPPJHitChanceParts\":0,\"IPPJMinAngleParts\":0,\"IPPJAimingTime\":15,\"IPPJAimingTimeTotal\":15,\"IPPJAimingTimeParts\":0,\"IPPJRepaired\":1,\"AimingPerkHitChanceModifier\":5,\"AimingPerkCritModifier\":0,\"AimingPerkRangeModifier\":0,\"AimingTime\":15,\"Name\":\"AK47 Assault Rifle\",\"enchantmentStats\":{\"enchantCounter\":9,\"originalName\":\"AK47 Assault Rifle\"},\"enchantments\":{\"minDamage\":true,\"maxDamage\":true},\"enchanted\":true,\"savedDamageValues\":{\"minDamage\":10,\"maxDamage\":12},\"weaponID\":\"1136092555\",\"origMinDamage\":10,\"origMaxDamage\":12,\"hasDamageBoost\":true}","{\"itemType\":\"Base.RF_AK47\",\"itemID\":\"1136092555\",\"itemName\":\"AK47 Assault Rifle_admin_+9 (Enhanced)\",\"customName\":\"AK47 Assault Rifle_admin_+9 (Enhanced)\",\"condition\":50,\"weight\":4.300000190734863,\"category\":\"Weapon\",\"description\":\"\",\"tooltip\":\"Tooltip_762x39\",\"enchantmentLevel\":9,\"hasDamageBoost\":true,\"enchantMaxDamage\":12,\"enchantMinDamage\":10,\"originalMaxDamage\":12,\"originalMinDamage\":10}","{\"action\":\"CREATE_AUCTION\",\"timestamp\":\"2025-09-16T03:28:59Z\",\"unixTime\":1757993339.546,\"data\":{\"sellerUsername\":\"admin\",\"sellerSteamID\":76561198139202300,\"itemType\":\"Base.RF_AK47\",\"itemName\":\"AK47 Assault Rifle_admin_+9 (Enhanced)\",\"itemID\":\"1136092555\",\"condition\":50,\"weight\":4.300000190734863,\"category\":\"Weapon\",\"customName\":\"AK47 Assault Rifle_admin_+9 (Enhanced)\",\"tooltip\":\"Tooltip_762x39\",\"startingPrice\":190,\"buyoutPrice\":200,\"currentBid\":190,\"duration\":24,\"timestamp\":1757993337.3270001,\"description\":\"\",\"isActive\":true,\"serverName\":\"pzserver\",\"modData\":{\"IPPJRecoilDelay\":9.849999904632568,\"IPPJHitChance\":80,\"IPPJRecoilDelayParts\":-0.8499999046325684,\"IPPJHitChanceParts\":0,\"IPPJMinAngleParts\":0,\"IPPJAimingTime\":15,\"IPPJAimingTimeTotal\":15,\"IPPJAimingTimeParts\":0,\"IPPJRepaired\":1,\"AimingPerkHitChanceModifier\":5,\"AimingPerkCritModifier\":0,\"AimingPerkRangeModifier\":0,\"AimingTime\":15,\"Name\":\"AK47 Assault Rifle\",\"enchantmentStats\":{\"enchantCounter\":9,\"originalName\":\"AK47 Assault Rifle\"},\"enchantments\":{\"minDamage\":true,\"maxDamage\":true},\"enchanted\":true,\"savedDamageValues\":{\"minDamage\":10,\"maxDamage\":12},\"weaponID\":\"1136092555\",\"origMinDamage\":10,\"origMaxDamage\":12,\"hasDamageBoost\":true},\"enchantMinDamage\":10,\"enchantMaxDamage\":12,\"originalMinDamage\":10,\"originalMaxDamage\":12,\"hasDamageBoost\":true,\"enchantmentLevel\":9}}","active","2025-09-16 03:33:11.679 +00:00","2025-09-16 03:33:11.679 +00:00"],"routine":"apply_typmod","severity":"ERROR","sql":"INSERT INTO \"player_auctions\" (\"itemid\",\"sellerid\",\"itemname\",\"itemdesc\",\"itemprice\",\"lastbid\",\"sellername\",\"buyoutprice\",\"itemtype\",\"itemcondition\",\"moddata\",\"itemdata\",\"originalsource\",\"status\",\"createdAt\",\"updatedAt\") VALUES (DEFAULT,$1,$2,$3,$4,$5,$6,$7,$8,$9,$10,$11,$12,$13,$14,$15) RETURNING \"itemid\",\"sellerid\",\"itemname\",\"itemdesc\",\"itemprice\",\"lastbid\",\"sellername\",\"buyername\",\"buyerid\",\"buyerUsername\",\"buyoutprice\",\"itemtype\",\"itemcondition\",\"moddata\",\"itemdata\",\"originalsource\",\"status\",\"createdAt\",\"updatedAt\";"},"parameters":["319","AK47 Assault Rifle_admin_+9 (Enhanced)","Type: Base.RF_AK47 | Condition: 5000.0% | Buyout: 200 | Duration: 24h | Server: pzserver",190,190,"tester2",200,"Base.RF_AK47",50,"{\"IPPJRecoilDelay\":9.849999904632568,\"IPPJHitChance\":80,\"IPPJRecoilDelayParts\":-0.8499999046325684,\"IPPJHitChanceParts\":0,\"IPPJMinAngleParts\":0,\"IPPJAimingTime\":15,\"IPPJAimingTimeTotal\":15,\"IPPJAimingTimeParts\":0,\"IPPJRepaired\":1,\"AimingPerkHitChanceModifier\":5,\"AimingPerkCritModifier\":0,\"AimingPerkRangeModifier\":0,\"AimingTime\":15,\"Name\":\"AK47 Assault Rifle\",\"enchantmentStats\":{\"enchantCounter\":9,\"originalName\":\"AK47 Assault Rifle\"},\"enchantments\":{\"minDamage\":true,\"maxDamage\":true},\"enchanted\":true,\"savedDamageValues\":{\"minDamage\":10,\"maxDamage\":12},\"weaponID\":\"1136092555\",\"origMinDamage\":10,\"origMaxDamage\":12,\"hasDamageBoost\":true}","{\"itemType\":\"Base.RF_AK47\",\"itemID\":\"1136092555\",\"itemName\":\"AK47 Assault Rifle_admin_+9 (Enhanced)\",\"customName\":\"AK47 Assault Rifle_admin_+9 (Enhanced)\",\"condition\":50,\"weight\":4.300000190734863,\"category\":\"Weapon\",\"description\":\"\",\"tooltip\":\"Tooltip_762x39\",\"enchantmentLevel\":9,\"hasDamageBoost\":true,\"enchantMaxDamage\":12,\"enchantMinDamage\":10,\"originalMaxDamage\":12,\"originalMinDamage\":10}","{\"action\":\"CREATE_AUCTION\",\"timestamp\":\"2025-09-16T03:28:59Z\",\"unixTime\":1757993339.546,\"data\":{\"sellerUsername\":\"admin\",\"sellerSteamID\":76561198139202300,\"itemType\":\"Base.RF_AK47\",\"itemName\":\"AK47 Assault Rifle_admin_+9 (Enhanced)\",\"itemID\":\"1136092555\",\"condition\":50,\"weight\":4.300000190734863,\"category\":\"Weapon\",\"customName\":\"AK47 Assault Rifle_admin_+9 (Enhanced)\",\"tooltip\":\"Tooltip_762x39\",\"startingPrice\":190,\"buyoutPrice\":200,\"currentBid\":190,\"duration\":24,\"timestamp\":1757993337.3270001,\"description\":\"\",\"isActive\":true,\"serverName\":\"pzserver\",\"modData\":{\"IPPJRecoilDelay\":9.849999904632568,\"IPPJHitChance\":80,\"IPPJRecoilDelayParts\":-0.8499999046325684,\"IPPJHitChanceParts\":0,\"IPPJMinAngleParts\":0,\"IPPJAimingTime\":15,\"IPPJAimingTimeTotal\":15,\"IPPJAimingTimeParts\":0,\"IPPJRepaired\":1,\"AimingPerkHitChanceModifier\":5,\"AimingPerkCritModifier\":0,\"AimingPerkRangeModifier\":0,\"AimingTime\":15,\"Name\":\"AK47 Assault Rifle\",\"enchantmentStats\":{\"enchantCounter\":9,\"originalName\":\"AK47 Assault Rifle\"},\"enchantments\":{\"minDamage\":true,\"maxDamage\":true},\"enchanted\":true,\"savedDamageValues\":{\"minDamage\":10,\"maxDamage\":12},\"weaponID\":\"1136092555\",\"origMinDamage\":10,\"origMaxDamage\":12,\"hasDamageBoost\":true},\"enchantMinDamage\":10,\"enchantMaxDamage\":12,\"originalMinDamage\":10,\"originalMaxDamage\":12,\"hasDamageBoost\":true,\"enchantmentLevel\":9}}","active","2025-09-16 03:33:11.679 +00:00","2025-09-16 03:33:11.679 +00:00"],"parent":{"code":"22003","detail":"A field with precision 3, scale 2 must round to an absolute value less than 10^1.","file":"numeric.c","length":164,"line":"7560","name":"error","parameters":["319","AK47 Assault Rifle_admin_+9 (Enhanced)","Type: Base.RF_AK47 | Condition: 5000.0% | Buyout: 200 | Duration: 24h | Server: pzserver",190,190,"tester2",200,"Base.RF_AK47",50,"{\"IPPJRecoilDelay\":9.849999904632568,\"IPPJHitChance\":80,\"IPPJRecoilDelayParts\":-0.8499999046325684,\"IPPJHitChanceParts\":0,\"IPPJMinAngleParts\":0,\"IPPJAimingTime\":15,\"IPPJAimingTimeTotal\":15,\"IPPJAimingTimeParts\":0,\"IPPJRepaired\":1,\"AimingPerkHitChanceModifier\":5,\"AimingPerkCritModifier\":0,\"AimingPerkRangeModifier\":0,\"AimingTime\":15,\"Name\":\"AK47 Assault Rifle\",\"enchantmentStats\":{\"enchantCounter\":9,\"originalName\":\"AK47 Assault Rifle\"},\"enchantments\":{\"minDamage\":true,\"maxDamage\":true},\"enchanted\":true,\"savedDamageValues\":{\"minDamage\":10,\"maxDamage\":12},\"weaponID\":\"1136092555\",\"origMinDamage\":10,\"origMaxDamage\":12,\"hasDamageBoost\":true}","{\"itemType\":\"Base.RF_AK47\",\"itemID\":\"1136092555\",\"itemName\":\"AK47 Assault Rifle_admin_+9 (Enhanced)\",\"customName\":\"AK47 Assault Rifle_admin_+9 (Enhanced)\",\"condition\":50,\"weight\":4.300000190734863,\"category\":\"Weapon\",\"description\":\"\",\"tooltip\":\"Tooltip_762x39\",\"enchantmentLevel\":9,\"hasDamageBoost\":true,\"enchantMaxDamage\":12,\"enchantMinDamage\":10,\"originalMaxDamage\":12,\"originalMinDamage\":10}","{\"action\":\"CREATE_AUCTION\",\"timestamp\":\"2025-09-16T03:28:59Z\",\"unixTime\":1757993339.546,\"data\":{\"sellerUsername\":\"admin\",\"sellerSteamID\":76561198139202300,\"itemType\":\"Base.RF_AK47\",\"itemName\":\"AK47 Assault Rifle_admin_+9 (Enhanced)\",\"itemID\":\"1136092555\",\"condition\":50,\"weight\":4.300000190734863,\"category\":\"Weapon\",\"customName\":\"AK47 Assault Rifle_admin_+9 (Enhanced)\",\"tooltip\":\"Tooltip_762x39\",\"startingPrice\":190,\"buyoutPrice\":200,\"currentBid\":190,\"duration\":24,\"timestamp\":1757993337.3270001,\"description\":\"\",\"isActive\":true,\"serverName\":\"pzserver\",\"modData\":{\"IPPJRecoilDelay\":9.849999904632568,\"IPPJHitChance\":80,\"IPPJRecoilDelayParts\":-0.8499999046325684,\"IPPJHitChanceParts\":0,\"IPPJMinAngleParts\":0,\"IPPJAimingTime\":15,\"IPPJAimingTimeTotal\":15,\"IPPJAimingTimeParts\":0,\"IPPJRepaired\":1,\"AimingPerkHitChanceModifier\":5,\"AimingPerkCritModifier\":0,\"AimingPerkRangeModifier\":0,\"AimingTime\":15,\"Name\":\"AK47 Assault Rifle\",\"enchantmentStats\":{\"enchantCounter\":9,\"originalName\":\"AK47 Assault Rifle\"},\"enchantments\":{\"minDamage\":true,\"maxDamage\":true},\"enchanted\":true,\"savedDamageValues\":{\"minDamage\":10,\"maxDamage\":12},\"weaponID\":\"1136092555\",\"origMinDamage\":10,\"origMaxDamage\":12,\"hasDamageBoost\":true},\"enchantMinDamage\":10,\"enchantMaxDamage\":12,\"originalMinDamage\":10,\"originalMaxDamage\":12,\"hasDamageBoost\":true,\"enchantmentLevel\":9}}","active","2025-09-16 03:33:11.679 +00:00","2025-09-16 03:33:11.679 +00:00"],"routine":"apply_typmod","severity":"ERROR","sql":"INSERT INTO \"player_auctions\" (\"itemid\",\"sellerid\",\"itemname\",\"itemdesc\",\"itemprice\",\"lastbid\",\"sellername\",\"buyoutprice\",\"itemtype\",\"itemcondition\",\"moddata\",\"itemdata\",\"originalsource\",\"status\",\"createdAt\",\"updatedAt\") VALUES (DEFAULT,$1,$2,$3,$4,$5,$6,$7,$8,$9,$10,$11,$12,$13,$14,$15) RETURNING \"itemid\",\"sellerid\",\"itemname\",\"itemdesc\",\"itemprice\",\"lastbid\",\"sellername\",\"buyername\",\"buyerid\",\"buyerUsername\",\"buyoutprice\",\"itemtype\",\"itemcondition\",\"moddata\",\"itemdata\",\"originalsource\",\"status\",\"createdAt\",\"updatedAt\";"},"sql":"INSERT INTO \"player_auctions\" (\"itemid\",\"sellerid\",\"itemname\",\"itemdesc\",\"itemprice\",\"lastbid\",\"sellername\",\"buyoutprice\",\"itemtype\",\"itemcondition\",\"moddata\",\"itemdata\",\"originalsource\",\"status\",\"createdAt\",\"updatedAt\") VALUES (DEFAULT,$1,$2,$3,$4,$5,$6,$7,$8,$9,$10,$11,$12,$13,$14,$15) RETURNING \"itemid\",\"sellerid\",\"itemname\",\"itemdesc\",\"itemprice\",\"lastbid\",\"sellername\",\"buyername\",\"buyerid\",\"buyerUsername\",\"buyoutprice\",\"itemtype\",\"itemcondition\",\"moddata\",\"itemdata\",\"originalsource\",\"status\",\"createdAt\",\"updatedAt\";","stack":"Error\n    at Query.run (C:\\Users\\Michael\\Zomboid\\Workshop\\ZonaNyamanBotZ\\zomboid-discord-rcon\\node_modules\\sequelize\\lib\\dialects\\postgres\\query.js:50:25)\n    at C:\\Users\\Michael\\Zomboid\\Workshop\\ZonaNyamanBotZ\\zomboid-discord-rcon\\node_modules\\sequelize\\lib\\sequelize.js:315:28\n    at process.processTicksAndRejections (node:internal/process/task_queues:95:5)\n    at async PostgresQueryInterface.insert (C:\\Users\\Michael\\Zomboid\\Workshop\\ZonaNyamanBotZ\\zomboid-discord-rcon\\node_modules\\sequelize\\lib\\dialects\\abstract\\query-interface.js:308:21)\n    at async model.save (C:\\Users\\Michael\\Zomboid\\Workshop\\ZonaNyamanBotZ\\zomboid-discord-rcon\\node_modules\\sequelize\\lib\\model.js:2490:35)\n    at async PlayerAuction.create (C:\\Users\\Michael\\Zomboid\\Workshop\\ZonaNyamanBotZ\\zomboid-discord-rcon\\node_modules\\sequelize\\lib\\model.js:1362:12)\n    at async AuctionLogMonitor.handleCreateAuction (file:///C:/Users/Michael/Zomboid/Workshop/ZonaNyamanBotZ/zomboid-discord-rcon/src/services/auctionLogMonitor.js:223:23)\n    at async AuctionLogMonitor.processAuctionEntry (file:///C:/Users/Michael/Zomboid/Workshop/ZonaNyamanBotZ/zomboid-discord-rcon/src/services/auctionLogMonitor.js:121:11)\n    at async AuctionLogMonitor.scanAndProcessAuctions (file:///C:/Users/Michael/Zomboid/Workshop/ZonaNyamanBotZ/zomboid-discord-rcon/src/services/auctionLogMonitor.js:80:22)\n    at async Timeout._onTimeout (file:///C:/Users/Michael/Zomboid/Workshop/ZonaNyamanBotZ/zomboid-discord-rcon/src/services/auctionLogMonitor.js:36:7)","timestamp":"2025-09-16T03:33:11.699Z"}
{"level":"error","message":"[AuctionLogMonitor] Failed entry data:","timestamp":"2025-09-16T03:33:11.700Z"}
{"level":"warn","message":"[AuctionLogMonitor] Some entries failed; auction log preserved for retry.","timestamp":"2025-09-16T03:33:11.700Z"}
{"level":"info","message":"External knowledge base loaded successfully","timestamp":"2025-09-16T03:33:35.717Z"}
{"level":"info","message":"[AuctionLogMonitor] Starting auction log monitoring...","timestamp":"2025-09-16T03:33:37.264Z"}
{"level":"info","message":"[AuctionLogMonitor] Starting from position: 0","timestamp":"2025-09-16T03:33:37.265Z"}
{"level":"info","message":"[AuctionLogMonitor] Monitoring started with 30s interval","timestamp":"2025-09-16T03:33:37.265Z"}
{"level":"info","message":"External knowledge base loaded successfully","timestamp":"2025-09-16T03:34:02.667Z"}
{"level":"info","message":"[AuctionLogMonitor] Starting auction log monitoring...","timestamp":"2025-09-16T03:34:04.306Z"}
{"level":"info","message":"[AuctionLogMonitor] Starting from position: 0","timestamp":"2025-09-16T03:34:04.307Z"}
{"level":"info","message":"[AuctionLogMonitor] Monitoring started with 30s interval","timestamp":"2025-09-16T03:34:04.307Z"}
{"level":"info","message":"External knowledge base loaded successfully","timestamp":"2025-09-16T03:34:14.601Z"}
{"level":"info","message":"[AuctionLogMonitor] Starting auction log monitoring...","timestamp":"2025-09-16T03:34:16.282Z"}
{"level":"info","message":"[AuctionLogMonitor] Starting from position: 0","timestamp":"2025-09-16T03:34:16.282Z"}
{"level":"info","message":"[AuctionLogMonitor] Monitoring started with 30s interval","timestamp":"2025-09-16T03:34:16.282Z"}
{"level":"info","message":"[AuctionLogMonitor] Found 1 new auction entries","timestamp":"2025-09-16T03:34:47.251Z"}
{"level":"info","message":"[AuctionLogMonitor] Processing CREATE_AUCTION at 2025-09-16T03:28:59Z","timestamp":"2025-09-16T03:34:47.251Z"}
{"level":"info","message":"[AuctionLogMonitor] ✅ Created auction #26: AK47 Assault Rifle_admin_+9 (Enhanced) by admin","timestamp":"2025-09-16T03:34:47.482Z"}
{"level":"info","message":"[AuctionLogMonitor] Sent auction notification for item: AK47 Assault Rifle_admin_+9 (Enhanced)","timestamp":"2025-09-16T03:34:47.978Z"}
{"level":"info","message":"[AuctionLogMonitor] Successfully processed all entries; auction log truncated.","timestamp":"2025-09-16T03:34:48.862Z"}
{"level":"info","message":"[AuctionLogMonitor] Found 1 new auction entries","timestamp":"2025-09-16T03:38:47.266Z"}
{"level":"info","message":"[AuctionLogMonitor] Processing CREATE_AUCTION at 2025-09-16T03:38:21Z","timestamp":"2025-09-16T03:38:47.266Z"}
{"level":"info","message":"[AuctionLogMonitor] ✅ Created auction #27: Mystic Orb Weapon by admin","timestamp":"2025-09-16T03:38:47.545Z"}
{"level":"info","message":"[AuctionLogMonitor] Sent auction notification for item: Mystic Orb Weapon","timestamp":"2025-09-16T03:38:47.882Z"}
{"level":"info","message":"[AuctionLogMonitor] Successfully processed all entries; auction log truncated.","timestamp":"2025-09-16T03:38:48.800Z"}
{"level":"info","message":"External knowledge base loaded successfully","timestamp":"2025-09-16T03:45:14.008Z"}
{"level":"info","message":"[AuctionLogMonitor] Starting auction log monitoring...","timestamp":"2025-09-16T03:45:15.708Z"}
{"level":"info","message":"[AuctionLogMonitor] Starting from position: 0","timestamp":"2025-09-16T03:45:15.708Z"}
{"level":"info","message":"[AuctionLogMonitor] Monitoring started with 30s interval","timestamp":"2025-09-16T03:45:15.709Z"}
{"level":"info","message":"External knowledge base loaded successfully","timestamp":"2025-09-16T03:45:38.651Z"}
{"level":"info","message":"[AuctionLogMonitor] Starting auction log monitoring...","timestamp":"2025-09-16T03:45:40.261Z"}
{"level":"info","message":"[AuctionLogMonitor] Starting from position: 0","timestamp":"2025-09-16T03:45:40.261Z"}
{"level":"info","message":"[AuctionLogMonitor] Monitoring started with 30s interval","timestamp":"2025-09-16T03:45:40.262Z"}
{"level":"info","message":"External knowledge base loaded successfully","timestamp":"2025-09-16T03:45:53.713Z"}
{"level":"info","message":"[AuctionLogMonitor] Starting auction log monitoring...","timestamp":"2025-09-16T03:45:55.192Z"}
{"level":"info","message":"[AuctionLogMonitor] Starting from position: 0","timestamp":"2025-09-16T03:45:55.193Z"}
{"level":"info","message":"[AuctionLogMonitor] Monitoring started with 30s interval","timestamp":"2025-09-16T03:45:55.193Z"}
{"level":"info","message":"External knowledge base loaded successfully","timestamp":"2025-09-16T03:46:01.094Z"}
{"level":"info","message":"[AuctionLogMonitor] Starting auction log monitoring...","timestamp":"2025-09-16T03:46:02.707Z"}
{"level":"info","message":"[AuctionLogMonitor] Starting from position: 0","timestamp":"2025-09-16T03:46:02.707Z"}
{"level":"info","message":"[AuctionLogMonitor] Monitoring started with 30s interval","timestamp":"2025-09-16T03:46:02.708Z"}
{"level":"info","message":"External knowledge base loaded successfully","timestamp":"2025-09-16T03:46:24.231Z"}
{"level":"info","message":"[AuctionLogMonitor] Starting auction log monitoring...","timestamp":"2025-09-16T03:46:25.771Z"}
{"level":"info","message":"[AuctionLogMonitor] Starting from position: 0","timestamp":"2025-09-16T03:46:25.772Z"}
{"level":"info","message":"[AuctionLogMonitor] Monitoring started with 30s interval","timestamp":"2025-09-16T03:46:25.772Z"}
{"level":"info","message":"External knowledge base loaded successfully","timestamp":"2025-09-16T03:47:07.155Z"}
{"level":"info","message":"[AuctionLogMonitor] Starting auction log monitoring...","timestamp":"2025-09-16T03:47:08.650Z"}
{"level":"info","message":"[AuctionLogMonitor] Starting from position: 0","timestamp":"2025-09-16T03:47:08.651Z"}
{"level":"info","message":"[AuctionLogMonitor] Monitoring started with 30s interval","timestamp":"2025-09-16T03:47:08.652Z"}
{"level":"info","message":"External knowledge base loaded successfully","timestamp":"2025-09-16T03:47:38.655Z"}
{"level":"info","message":"[AuctionLogMonitor] Starting auction log monitoring...","timestamp":"2025-09-16T03:47:40.322Z"}
{"level":"info","message":"[AuctionLogMonitor] Starting from position: 0","timestamp":"2025-09-16T03:47:40.322Z"}
{"level":"info","message":"[AuctionLogMonitor] Monitoring started with 30s interval","timestamp":"2025-09-16T03:47:40.323Z"}
{"level":"info","message":"[AuctionLogMonitor] Found 1 new auction entries","timestamp":"2025-09-16T03:48:11.385Z"}
{"level":"info","message":"[AuctionLogMonitor] Processing CREATE_AUCTION at 2025-09-16T03:48:10Z","timestamp":"2025-09-16T03:48:11.386Z"}
{"level":"info","message":"[AuctionLogMonitor] ✅ Created auction #28: Mystic Orb Weapon by admin","timestamp":"2025-09-16T03:48:11.670Z"}
{"level":"info","message":"[AuctionLogMonitor] Sent auction notification for item: Mystic Orb Weapon","timestamp":"2025-09-16T03:48:12.050Z"}
{"level":"info","message":"[AuctionLogMonitor] Successfully processed all entries; auction log truncated.","timestamp":"2025-09-16T03:48:13.029Z"}
{"level":"info","message":"External knowledge base loaded successfully","timestamp":"2025-09-16T03:50:10.709Z"}
{"level":"info","message":"[AuctionLogMonitor] Starting auction log monitoring...","timestamp":"2025-09-16T03:50:12.987Z"}
{"level":"info","message":"[AuctionLogMonitor] Starting from position: 0","timestamp":"2025-09-16T03:50:12.988Z"}
{"level":"info","message":"[AuctionLogMonitor] Monitoring started with 30s interval","timestamp":"2025-09-16T03:50:12.988Z"}
{"level":"info","message":"External knowledge base loaded successfully","timestamp":"2025-09-16T03:50:20.964Z"}
{"level":"info","message":"[AuctionLogMonitor] Starting auction log monitoring...","timestamp":"2025-09-16T03:50:22.583Z"}
{"level":"info","message":"[AuctionLogMonitor] Starting from position: 0","timestamp":"2025-09-16T03:50:22.584Z"}
{"level":"info","message":"[AuctionLogMonitor] Monitoring started with 30s interval","timestamp":"2025-09-16T03:50:22.584Z"}
{"level":"info","message":"External knowledge base loaded successfully","timestamp":"2025-09-16T03:50:36.985Z"}
{"level":"info","message":"[AuctionLogMonitor] Starting auction log monitoring...","timestamp":"2025-09-16T03:50:38.434Z"}
{"level":"info","message":"[AuctionLogMonitor] Starting from position: 0","timestamp":"2025-09-16T03:50:38.434Z"}
{"level":"info","message":"[AuctionLogMonitor] Monitoring started with 30s interval","timestamp":"2025-09-16T03:50:38.435Z"}
{"level":"info","message":"External knowledge base loaded successfully","timestamp":"2025-09-16T03:50:54.608Z"}
{"level":"info","message":"[AuctionLogMonitor] Starting auction log monitoring...","timestamp":"2025-09-16T03:50:56.139Z"}
{"level":"info","message":"[AuctionLogMonitor] Starting from position: 0","timestamp":"2025-09-16T03:50:56.139Z"}
{"level":"info","message":"[AuctionLogMonitor] Monitoring started with 30s interval","timestamp":"2025-09-16T03:50:56.140Z"}
{"level":"info","message":"External knowledge base loaded successfully","timestamp":"2025-09-16T03:51:12.447Z"}
{"level":"info","message":"External knowledge base loaded successfully","timestamp":"2025-09-16T03:51:14.628Z"}
{"level":"info","message":"[AuctionLogMonitor] Starting auction log monitoring...","timestamp":"2025-09-16T03:51:16.254Z"}
{"level":"info","message":"[AuctionLogMonitor] Starting from position: 0","timestamp":"2025-09-16T03:51:16.254Z"}
{"level":"info","message":"[AuctionLogMonitor] Monitoring started with 30s interval","timestamp":"2025-09-16T03:51:16.255Z"}
{"level":"info","message":"External knowledge base loaded successfully","timestamp":"2025-09-16T03:51:29.114Z"}
{"level":"info","message":"[AuctionLogMonitor] Starting auction log monitoring...","timestamp":"2025-09-16T03:51:30.591Z"}
{"level":"info","message":"[AuctionLogMonitor] Starting from position: 0","timestamp":"2025-09-16T03:51:30.592Z"}
{"level":"info","message":"[AuctionLogMonitor] Monitoring started with 30s interval","timestamp":"2025-09-16T03:51:30.592Z"}
{"level":"info","message":"External knowledge base loaded successfully","timestamp":"2025-09-16T03:51:50.140Z"}
{"level":"info","message":"[AuctionLogMonitor] Starting auction log monitoring...","timestamp":"2025-09-16T03:51:51.682Z"}
{"level":"info","message":"[AuctionLogMonitor] Starting from position: 0","timestamp":"2025-09-16T03:51:51.682Z"}
{"level":"info","message":"[AuctionLogMonitor] Monitoring started with 30s interval","timestamp":"2025-09-16T03:51:51.683Z"}
{"level":"info","message":"[AuctionLogMonitor] Found 1 new auction entries","timestamp":"2025-09-16T03:52:22.856Z"}
{"level":"info","message":"[AuctionLogMonitor] Processing CREATE_AUCTION at 2025-09-16T03:52:24Z","timestamp":"2025-09-16T03:52:22.856Z"}
{"level":"error","message":"[AuctionLogMonitor] Error handling CREATE_AUCTION: column \"discordMessageId\" does not exist","name":"SequelizeDatabaseError","original":{"code":"42703","file":"parse_relation.c","length":117,"line":"3665","name":"error","parameters":["319","Heart of the Red Zone","Type: RMWeapons.HeartOfRedZone | Condition: 10.0% | Buyout: 7000 | Duration: 24h | Server: pzserver",5000,5000,"tester2",7000,"RMWeapons.HeartOfRedZone",0.1,"{}","{\"itemType\":\"RMWeapons.HeartOfRedZone\",\"itemID\":\"128824121\",\"itemName\":\"Heart of the Red Zone\",\"customName\":\"Heart of the Red Zone\",\"condition\":10,\"weight\":0.699999988079071,\"category\":\"Item\",\"description\":\"\",\"tooltip\":\"\\\"(Tier Legend)The pulsating heart of the Red Zone and radiating raw power.\\\"\",\"hasDamageBoost\":false,\"enchantMaxDamage\":0,\"enchantMinDamage\":0,\"originalMaxDamage\":0,\"originalMinDamage\":0}","{\"action\":\"CREATE_AUCTION\",\"timestamp\":\"2025-09-16T03:52:24Z\",\"unixTime\":1757994744.071,\"data\":{\"sellerUsername\":\"admin\",\"sellerSteamID\":76561198139202300,\"itemType\":\"RMWeapons.HeartOfRedZone\",\"itemName\":\"Heart of the Red Zone\",\"itemID\":\"128824121\",\"condition\":10,\"weight\":0.699999988079071,\"category\":\"Item\",\"customName\":\"Heart of the Red Zone\",\"tooltip\":\"\\\"(Tier Legend)The pulsating heart of the Red Zone and radiating raw power.\\\"\",\"startingPrice\":5000,\"buyoutPrice\":7000,\"currentBid\":5000,\"duration\":24,\"timestamp\":1757994741.8470001,\"description\":\"\",\"isActive\":true,\"serverName\":\"pzserver\",\"modData\":{},\"enchantMinDamage\":0,\"enchantMaxDamage\":0,\"originalMinDamage\":0,\"originalMaxDamage\":0,\"hasDamageBoost\":false}}","active","2025-09-16 03:52:23.132 +00:00","2025-09-16 03:52:23.132 +00:00"],"position":"503","routine":"errorMissingColumn","severity":"ERROR","sql":"INSERT INTO \"player_auctions\" (\"itemid\",\"sellerid\",\"itemname\",\"itemdesc\",\"itemprice\",\"lastbid\",\"sellername\",\"buyoutprice\",\"itemtype\",\"itemcondition\",\"moddata\",\"itemdata\",\"originalsource\",\"status\",\"createdAt\",\"updatedAt\") VALUES (DEFAULT,$1,$2,$3,$4,$5,$6,$7,$8,$9,$10,$11,$12,$13,$14,$15) RETURNING \"itemid\",\"sellerid\",\"itemname\",\"itemdesc\",\"itemprice\",\"lastbid\",\"sellername\",\"buyername\",\"buyerid\",\"buyerUsername\",\"buyoutprice\",\"itemtype\",\"itemcondition\",\"moddata\",\"itemdata\",\"originalsource\",\"status\",\"discordMessageId\",\"createdAt\",\"updatedAt\";"},"parameters":["319","Heart of the Red Zone","Type: RMWeapons.HeartOfRedZone | Condition: 10.0% | Buyout: 7000 | Duration: 24h | Server: pzserver",5000,5000,"tester2",7000,"RMWeapons.HeartOfRedZone",0.1,"{}","{\"itemType\":\"RMWeapons.HeartOfRedZone\",\"itemID\":\"128824121\",\"itemName\":\"Heart of the Red Zone\",\"customName\":\"Heart of the Red Zone\",\"condition\":10,\"weight\":0.699999988079071,\"category\":\"Item\",\"description\":\"\",\"tooltip\":\"\\\"(Tier Legend)The pulsating heart of the Red Zone and radiating raw power.\\\"\",\"hasDamageBoost\":false,\"enchantMaxDamage\":0,\"enchantMinDamage\":0,\"originalMaxDamage\":0,\"originalMinDamage\":0}","{\"action\":\"CREATE_AUCTION\",\"timestamp\":\"2025-09-16T03:52:24Z\",\"unixTime\":1757994744.071,\"data\":{\"sellerUsername\":\"admin\",\"sellerSteamID\":76561198139202300,\"itemType\":\"RMWeapons.HeartOfRedZone\",\"itemName\":\"Heart of the Red Zone\",\"itemID\":\"128824121\",\"condition\":10,\"weight\":0.699999988079071,\"category\":\"Item\",\"customName\":\"Heart of the Red Zone\",\"tooltip\":\"\\\"(Tier Legend)The pulsating heart of the Red Zone and radiating raw power.\\\"\",\"startingPrice\":5000,\"buyoutPrice\":7000,\"currentBid\":5000,\"duration\":24,\"timestamp\":1757994741.8470001,\"description\":\"\",\"isActive\":true,\"serverName\":\"pzserver\",\"modData\":{},\"enchantMinDamage\":0,\"enchantMaxDamage\":0,\"originalMinDamage\":0,\"originalMaxDamage\":0,\"hasDamageBoost\":false}}","active","2025-09-16 03:52:23.132 +00:00","2025-09-16 03:52:23.132 +00:00"],"parent":{"code":"42703","file":"parse_relation.c","length":117,"line":"3665","name":"error","parameters":["319","Heart of the Red Zone","Type: RMWeapons.HeartOfRedZone | Condition: 10.0% | Buyout: 7000 | Duration: 24h | Server: pzserver",5000,5000,"tester2",7000,"RMWeapons.HeartOfRedZone",0.1,"{}","{\"itemType\":\"RMWeapons.HeartOfRedZone\",\"itemID\":\"128824121\",\"itemName\":\"Heart of the Red Zone\",\"customName\":\"Heart of the Red Zone\",\"condition\":10,\"weight\":0.699999988079071,\"category\":\"Item\",\"description\":\"\",\"tooltip\":\"\\\"(Tier Legend)The pulsating heart of the Red Zone and radiating raw power.\\\"\",\"hasDamageBoost\":false,\"enchantMaxDamage\":0,\"enchantMinDamage\":0,\"originalMaxDamage\":0,\"originalMinDamage\":0}","{\"action\":\"CREATE_AUCTION\",\"timestamp\":\"2025-09-16T03:52:24Z\",\"unixTime\":1757994744.071,\"data\":{\"sellerUsername\":\"admin\",\"sellerSteamID\":76561198139202300,\"itemType\":\"RMWeapons.HeartOfRedZone\",\"itemName\":\"Heart of the Red Zone\",\"itemID\":\"128824121\",\"condition\":10,\"weight\":0.699999988079071,\"category\":\"Item\",\"customName\":\"Heart of the Red Zone\",\"tooltip\":\"\\\"(Tier Legend)The pulsating heart of the Red Zone and radiating raw power.\\\"\",\"startingPrice\":5000,\"buyoutPrice\":7000,\"currentBid\":5000,\"duration\":24,\"timestamp\":1757994741.8470001,\"description\":\"\",\"isActive\":true,\"serverName\":\"pzserver\",\"modData\":{},\"enchantMinDamage\":0,\"enchantMaxDamage\":0,\"originalMinDamage\":0,\"originalMaxDamage\":0,\"hasDamageBoost\":false}}","active","2025-09-16 03:52:23.132 +00:00","2025-09-16 03:52:23.132 +00:00"],"position":"503","routine":"errorMissingColumn","severity":"ERROR","sql":"INSERT INTO \"player_auctions\" (\"itemid\",\"sellerid\",\"itemname\",\"itemdesc\",\"itemprice\",\"lastbid\",\"sellername\",\"buyoutprice\",\"itemtype\",\"itemcondition\",\"moddata\",\"itemdata\",\"originalsource\",\"status\",\"createdAt\",\"updatedAt\") VALUES (DEFAULT,$1,$2,$3,$4,$5,$6,$7,$8,$9,$10,$11,$12,$13,$14,$15) RETURNING \"itemid\",\"sellerid\",\"itemname\",\"itemdesc\",\"itemprice\",\"lastbid\",\"sellername\",\"buyername\",\"buyerid\",\"buyerUsername\",\"buyoutprice\",\"itemtype\",\"itemcondition\",\"moddata\",\"itemdata\",\"originalsource\",\"status\",\"discordMessageId\",\"createdAt\",\"updatedAt\";"},"sql":"INSERT INTO \"player_auctions\" (\"itemid\",\"sellerid\",\"itemname\",\"itemdesc\",\"itemprice\",\"lastbid\",\"sellername\",\"buyoutprice\",\"itemtype\",\"itemcondition\",\"moddata\",\"itemdata\",\"originalsource\",\"status\",\"createdAt\",\"updatedAt\") VALUES (DEFAULT,$1,$2,$3,$4,$5,$6,$7,$8,$9,$10,$11,$12,$13,$14,$15) RETURNING \"itemid\",\"sellerid\",\"itemname\",\"itemdesc\",\"itemprice\",\"lastbid\",\"sellername\",\"buyername\",\"buyerid\",\"buyerUsername\",\"buyoutprice\",\"itemtype\",\"itemcondition\",\"moddata\",\"itemdata\",\"originalsource\",\"status\",\"discordMessageId\",\"createdAt\",\"updatedAt\";","stack":"Error\n    at Query.run (C:\\Users\\Michael\\Zomboid\\Workshop\\ZonaNyamanBotZ\\zomboid-discord-rcon\\node_modules\\sequelize\\lib\\dialects\\postgres\\query.js:50:25)\n    at C:\\Users\\Michael\\Zomboid\\Workshop\\ZonaNyamanBotZ\\zomboid-discord-rcon\\node_modules\\sequelize\\lib\\sequelize.js:315:28\n    at process.processTicksAndRejections (node:internal/process/task_queues:95:5)\n    at async PostgresQueryInterface.insert (C:\\Users\\Michael\\Zomboid\\Workshop\\ZonaNyamanBotZ\\zomboid-discord-rcon\\node_modules\\sequelize\\lib\\dialects\\abstract\\query-interface.js:308:21)\n    at async model.save (C:\\Users\\Michael\\Zomboid\\Workshop\\ZonaNyamanBotZ\\zomboid-discord-rcon\\node_modules\\sequelize\\lib\\model.js:2490:35)\n    at async PlayerAuction.create (C:\\Users\\Michael\\Zomboid\\Workshop\\ZonaNyamanBotZ\\zomboid-discord-rcon\\node_modules\\sequelize\\lib\\model.js:1362:12)\n    at async AuctionLogMonitor.handleCreateAuction (file:///C:/Users/Michael/Zomboid/Workshop/ZonaNyamanBotZ/zomboid-discord-rcon/src/services/auctionLogMonitor.js:223:23)\n    at async AuctionLogMonitor.processAuctionEntry (file:///C:/Users/Michael/Zomboid/Workshop/ZonaNyamanBotZ/zomboid-discord-rcon/src/services/auctionLogMonitor.js:121:11)\n    at async AuctionLogMonitor.scanAndProcessAuctions (file:///C:/Users/Michael/Zomboid/Workshop/ZonaNyamanBotZ/zomboid-discord-rcon/src/services/auctionLogMonitor.js:80:22)\n    at async Timeout._onTimeout (file:///C:/Users/Michael/Zomboid/Workshop/ZonaNyamanBotZ/zomboid-discord-rcon/src/services/auctionLogMonitor.js:36:7)","timestamp":"2025-09-16T03:52:23.160Z"}
{"level":"error","message":"[AuctionLogMonitor] Error processing auction entry: column \"discordMessageId\" does not exist","name":"SequelizeDatabaseError","original":{"code":"42703","file":"parse_relation.c","length":117,"line":"3665","name":"error","parameters":["319","Heart of the Red Zone","Type: RMWeapons.HeartOfRedZone | Condition: 10.0% | Buyout: 7000 | Duration: 24h | Server: pzserver",5000,5000,"tester2",7000,"RMWeapons.HeartOfRedZone",0.1,"{}","{\"itemType\":\"RMWeapons.HeartOfRedZone\",\"itemID\":\"128824121\",\"itemName\":\"Heart of the Red Zone\",\"customName\":\"Heart of the Red Zone\",\"condition\":10,\"weight\":0.699999988079071,\"category\":\"Item\",\"description\":\"\",\"tooltip\":\"\\\"(Tier Legend)The pulsating heart of the Red Zone and radiating raw power.\\\"\",\"hasDamageBoost\":false,\"enchantMaxDamage\":0,\"enchantMinDamage\":0,\"originalMaxDamage\":0,\"originalMinDamage\":0}","{\"action\":\"CREATE_AUCTION\",\"timestamp\":\"2025-09-16T03:52:24Z\",\"unixTime\":1757994744.071,\"data\":{\"sellerUsername\":\"admin\",\"sellerSteamID\":76561198139202300,\"itemType\":\"RMWeapons.HeartOfRedZone\",\"itemName\":\"Heart of the Red Zone\",\"itemID\":\"128824121\",\"condition\":10,\"weight\":0.699999988079071,\"category\":\"Item\",\"customName\":\"Heart of the Red Zone\",\"tooltip\":\"\\\"(Tier Legend)The pulsating heart of the Red Zone and radiating raw power.\\\"\",\"startingPrice\":5000,\"buyoutPrice\":7000,\"currentBid\":5000,\"duration\":24,\"timestamp\":1757994741.8470001,\"description\":\"\",\"isActive\":true,\"serverName\":\"pzserver\",\"modData\":{},\"enchantMinDamage\":0,\"enchantMaxDamage\":0,\"originalMinDamage\":0,\"originalMaxDamage\":0,\"hasDamageBoost\":false}}","active","2025-09-16 03:52:23.132 +00:00","2025-09-16 03:52:23.132 +00:00"],"position":"503","routine":"errorMissingColumn","severity":"ERROR","sql":"INSERT INTO \"player_auctions\" (\"itemid\",\"sellerid\",\"itemname\",\"itemdesc\",\"itemprice\",\"lastbid\",\"sellername\",\"buyoutprice\",\"itemtype\",\"itemcondition\",\"moddata\",\"itemdata\",\"originalsource\",\"status\",\"createdAt\",\"updatedAt\") VALUES (DEFAULT,$1,$2,$3,$4,$5,$6,$7,$8,$9,$10,$11,$12,$13,$14,$15) RETURNING \"itemid\",\"sellerid\",\"itemname\",\"itemdesc\",\"itemprice\",\"lastbid\",\"sellername\",\"buyername\",\"buyerid\",\"buyerUsername\",\"buyoutprice\",\"itemtype\",\"itemcondition\",\"moddata\",\"itemdata\",\"originalsource\",\"status\",\"discordMessageId\",\"createdAt\",\"updatedAt\";"},"parameters":["319","Heart of the Red Zone","Type: RMWeapons.HeartOfRedZone | Condition: 10.0% | Buyout: 7000 | Duration: 24h | Server: pzserver",5000,5000,"tester2",7000,"RMWeapons.HeartOfRedZone",0.1,"{}","{\"itemType\":\"RMWeapons.HeartOfRedZone\",\"itemID\":\"128824121\",\"itemName\":\"Heart of the Red Zone\",\"customName\":\"Heart of the Red Zone\",\"condition\":10,\"weight\":0.699999988079071,\"category\":\"Item\",\"description\":\"\",\"tooltip\":\"\\\"(Tier Legend)The pulsating heart of the Red Zone and radiating raw power.\\\"\",\"hasDamageBoost\":false,\"enchantMaxDamage\":0,\"enchantMinDamage\":0,\"originalMaxDamage\":0,\"originalMinDamage\":0}","{\"action\":\"CREATE_AUCTION\",\"timestamp\":\"2025-09-16T03:52:24Z\",\"unixTime\":1757994744.071,\"data\":{\"sellerUsername\":\"admin\",\"sellerSteamID\":76561198139202300,\"itemType\":\"RMWeapons.HeartOfRedZone\",\"itemName\":\"Heart of the Red Zone\",\"itemID\":\"128824121\",\"condition\":10,\"weight\":0.699999988079071,\"category\":\"Item\",\"customName\":\"Heart of the Red Zone\",\"tooltip\":\"\\\"(Tier Legend)The pulsating heart of the Red Zone and radiating raw power.\\\"\",\"startingPrice\":5000,\"buyoutPrice\":7000,\"currentBid\":5000,\"duration\":24,\"timestamp\":1757994741.8470001,\"description\":\"\",\"isActive\":true,\"serverName\":\"pzserver\",\"modData\":{},\"enchantMinDamage\":0,\"enchantMaxDamage\":0,\"originalMinDamage\":0,\"originalMaxDamage\":0,\"hasDamageBoost\":false}}","active","2025-09-16 03:52:23.132 +00:00","2025-09-16 03:52:23.132 +00:00"],"parent":{"code":"42703","file":"parse_relation.c","length":117,"line":"3665","name":"error","parameters":["319","Heart of the Red Zone","Type: RMWeapons.HeartOfRedZone | Condition: 10.0% | Buyout: 7000 | Duration: 24h | Server: pzserver",5000,5000,"tester2",7000,"RMWeapons.HeartOfRedZone",0.1,"{}","{\"itemType\":\"RMWeapons.HeartOfRedZone\",\"itemID\":\"128824121\",\"itemName\":\"Heart of the Red Zone\",\"customName\":\"Heart of the Red Zone\",\"condition\":10,\"weight\":0.699999988079071,\"category\":\"Item\",\"description\":\"\",\"tooltip\":\"\\\"(Tier Legend)The pulsating heart of the Red Zone and radiating raw power.\\\"\",\"hasDamageBoost\":false,\"enchantMaxDamage\":0,\"enchantMinDamage\":0,\"originalMaxDamage\":0,\"originalMinDamage\":0}","{\"action\":\"CREATE_AUCTION\",\"timestamp\":\"2025-09-16T03:52:24Z\",\"unixTime\":1757994744.071,\"data\":{\"sellerUsername\":\"admin\",\"sellerSteamID\":76561198139202300,\"itemType\":\"RMWeapons.HeartOfRedZone\",\"itemName\":\"Heart of the Red Zone\",\"itemID\":\"128824121\",\"condition\":10,\"weight\":0.699999988079071,\"category\":\"Item\",\"customName\":\"Heart of the Red Zone\",\"tooltip\":\"\\\"(Tier Legend)The pulsating heart of the Red Zone and radiating raw power.\\\"\",\"startingPrice\":5000,\"buyoutPrice\":7000,\"currentBid\":5000,\"duration\":24,\"timestamp\":1757994741.8470001,\"description\":\"\",\"isActive\":true,\"serverName\":\"pzserver\",\"modData\":{},\"enchantMinDamage\":0,\"enchantMaxDamage\":0,\"originalMinDamage\":0,\"originalMaxDamage\":0,\"hasDamageBoost\":false}}","active","2025-09-16 03:52:23.132 +00:00","2025-09-16 03:52:23.132 +00:00"],"position":"503","routine":"errorMissingColumn","severity":"ERROR","sql":"INSERT INTO \"player_auctions\" (\"itemid\",\"sellerid\",\"itemname\",\"itemdesc\",\"itemprice\",\"lastbid\",\"sellername\",\"buyoutprice\",\"itemtype\",\"itemcondition\",\"moddata\",\"itemdata\",\"originalsource\",\"status\",\"createdAt\",\"updatedAt\") VALUES (DEFAULT,$1,$2,$3,$4,$5,$6,$7,$8,$9,$10,$11,$12,$13,$14,$15) RETURNING \"itemid\",\"sellerid\",\"itemname\",\"itemdesc\",\"itemprice\",\"lastbid\",\"sellername\",\"buyername\",\"buyerid\",\"buyerUsername\",\"buyoutprice\",\"itemtype\",\"itemcondition\",\"moddata\",\"itemdata\",\"originalsource\",\"status\",\"discordMessageId\",\"createdAt\",\"updatedAt\";"},"sql":"INSERT INTO \"player_auctions\" (\"itemid\",\"sellerid\",\"itemname\",\"itemdesc\",\"itemprice\",\"lastbid\",\"sellername\",\"buyoutprice\",\"itemtype\",\"itemcondition\",\"moddata\",\"itemdata\",\"originalsource\",\"status\",\"createdAt\",\"updatedAt\") VALUES (DEFAULT,$1,$2,$3,$4,$5,$6,$7,$8,$9,$10,$11,$12,$13,$14,$15) RETURNING \"itemid\",\"sellerid\",\"itemname\",\"itemdesc\",\"itemprice\",\"lastbid\",\"sellername\",\"buyername\",\"buyerid\",\"buyerUsername\",\"buyoutprice\",\"itemtype\",\"itemcondition\",\"moddata\",\"itemdata\",\"originalsource\",\"status\",\"discordMessageId\",\"createdAt\",\"updatedAt\";","stack":"Error\n    at Query.run (C:\\Users\\Michael\\Zomboid\\Workshop\\ZonaNyamanBotZ\\zomboid-discord-rcon\\node_modules\\sequelize\\lib\\dialects\\postgres\\query.js:50:25)\n    at C:\\Users\\Michael\\Zomboid\\Workshop\\ZonaNyamanBotZ\\zomboid-discord-rcon\\node_modules\\sequelize\\lib\\sequelize.js:315:28\n    at process.processTicksAndRejections (node:internal/process/task_queues:95:5)\n    at async PostgresQueryInterface.insert (C:\\Users\\Michael\\Zomboid\\Workshop\\ZonaNyamanBotZ\\zomboid-discord-rcon\\node_modules\\sequelize\\lib\\dialects\\abstract\\query-interface.js:308:21)\n    at async model.save (C:\\Users\\Michael\\Zomboid\\Workshop\\ZonaNyamanBotZ\\zomboid-discord-rcon\\node_modules\\sequelize\\lib\\model.js:2490:35)\n    at async PlayerAuction.create (C:\\Users\\Michael\\Zomboid\\Workshop\\ZonaNyamanBotZ\\zomboid-discord-rcon\\node_modules\\sequelize\\lib\\model.js:1362:12)\n    at async AuctionLogMonitor.handleCreateAuction (file:///C:/Users/Michael/Zomboid/Workshop/ZonaNyamanBotZ/zomboid-discord-rcon/src/services/auctionLogMonitor.js:223:23)\n    at async AuctionLogMonitor.processAuctionEntry (file:///C:/Users/Michael/Zomboid/Workshop/ZonaNyamanBotZ/zomboid-discord-rcon/src/services/auctionLogMonitor.js:121:11)\n    at async AuctionLogMonitor.scanAndProcessAuctions (file:///C:/Users/Michael/Zomboid/Workshop/ZonaNyamanBotZ/zomboid-discord-rcon/src/services/auctionLogMonitor.js:80:22)\n    at async Timeout._onTimeout (file:///C:/Users/Michael/Zomboid/Workshop/ZonaNyamanBotZ/zomboid-discord-rcon/src/services/auctionLogMonitor.js:36:7)","timestamp":"2025-09-16T03:52:23.162Z"}
{"level":"error","message":"[AuctionLogMonitor] Failed entry data:","timestamp":"2025-09-16T03:52:23.163Z"}
{"level":"warn","message":"[AuctionLogMonitor] Some entries failed; auction log preserved for retry.","timestamp":"2025-09-16T03:52:23.163Z"}
{"level":"info","message":"External knowledge base loaded successfully","timestamp":"2025-09-16T03:52:38.034Z"}
{"level":"info","message":"[AuctionLogMonitor] Starting auction log monitoring...","timestamp":"2025-09-16T03:52:39.694Z"}
{"level":"info","message":"[AuctionLogMonitor] Starting from position: 0","timestamp":"2025-09-16T03:52:39.695Z"}
{"level":"info","message":"[AuctionLogMonitor] Monitoring started with 30s interval","timestamp":"2025-09-16T03:52:39.695Z"}
{"level":"info","message":"[AuctionLogMonitor] Found 1 new auction entries","timestamp":"2025-09-16T03:53:10.690Z"}
{"level":"info","message":"[AuctionLogMonitor] Processing CREATE_AUCTION at 2025-09-16T03:52:24Z","timestamp":"2025-09-16T03:53:10.690Z"}
{"level":"error","message":"[AuctionLogMonitor] Error handling CREATE_AUCTION: column \"discordMessageId\" does not exist","name":"SequelizeDatabaseError","original":{"code":"42703","file":"parse_relation.c","length":117,"line":"3665","name":"error","parameters":["319","Heart of the Red Zone","Type: RMWeapons.HeartOfRedZone | Condition: 10.0% | Buyout: 7000 | Duration: 24h | Server: pzserver",5000,5000,"tester2",7000,"RMWeapons.HeartOfRedZone",0.1,"{}","{\"itemType\":\"RMWeapons.HeartOfRedZone\",\"itemID\":\"128824121\",\"itemName\":\"Heart of the Red Zone\",\"customName\":\"Heart of the Red Zone\",\"condition\":10,\"weight\":0.699999988079071,\"category\":\"Item\",\"description\":\"\",\"tooltip\":\"\\\"(Tier Legend)The pulsating heart of the Red Zone and radiating raw power.\\\"\",\"hasDamageBoost\":false,\"enchantMaxDamage\":0,\"enchantMinDamage\":0,\"originalMaxDamage\":0,\"originalMinDamage\":0}","{\"action\":\"CREATE_AUCTION\",\"timestamp\":\"2025-09-16T03:52:24Z\",\"unixTime\":1757994744.071,\"data\":{\"sellerUsername\":\"admin\",\"sellerSteamID\":76561198139202300,\"itemType\":\"RMWeapons.HeartOfRedZone\",\"itemName\":\"Heart of the Red Zone\",\"itemID\":\"128824121\",\"condition\":10,\"weight\":0.699999988079071,\"category\":\"Item\",\"customName\":\"Heart of the Red Zone\",\"tooltip\":\"\\\"(Tier Legend)The pulsating heart of the Red Zone and radiating raw power.\\\"\",\"startingPrice\":5000,\"buyoutPrice\":7000,\"currentBid\":5000,\"duration\":24,\"timestamp\":1757994741.8470001,\"description\":\"\",\"isActive\":true,\"serverName\":\"pzserver\",\"modData\":{},\"enchantMinDamage\":0,\"enchantMaxDamage\":0,\"originalMinDamage\":0,\"originalMaxDamage\":0,\"hasDamageBoost\":false}}","active","2025-09-16 03:53:10.915 +00:00","2025-09-16 03:53:10.915 +00:00"],"position":"503","routine":"errorMissingColumn","severity":"ERROR","sql":"INSERT INTO \"player_auctions\" (\"itemid\",\"sellerid\",\"itemname\",\"itemdesc\",\"itemprice\",\"lastbid\",\"sellername\",\"buyoutprice\",\"itemtype\",\"itemcondition\",\"moddata\",\"itemdata\",\"originalsource\",\"status\",\"createdAt\",\"updatedAt\") VALUES (DEFAULT,$1,$2,$3,$4,$5,$6,$7,$8,$9,$10,$11,$12,$13,$14,$15) RETURNING \"itemid\",\"sellerid\",\"itemname\",\"itemdesc\",\"itemprice\",\"lastbid\",\"sellername\",\"buyername\",\"buyerid\",\"buyerUsername\",\"buyoutprice\",\"itemtype\",\"itemcondition\",\"moddata\",\"itemdata\",\"originalsource\",\"status\",\"discordMessageId\",\"createdAt\",\"updatedAt\";"},"parameters":["319","Heart of the Red Zone","Type: RMWeapons.HeartOfRedZone | Condition: 10.0% | Buyout: 7000 | Duration: 24h | Server: pzserver",5000,5000,"tester2",7000,"RMWeapons.HeartOfRedZone",0.1,"{}","{\"itemType\":\"RMWeapons.HeartOfRedZone\",\"itemID\":\"128824121\",\"itemName\":\"Heart of the Red Zone\",\"customName\":\"Heart of the Red Zone\",\"condition\":10,\"weight\":0.699999988079071,\"category\":\"Item\",\"description\":\"\",\"tooltip\":\"\\\"(Tier Legend)The pulsating heart of the Red Zone and radiating raw power.\\\"\",\"hasDamageBoost\":false,\"enchantMaxDamage\":0,\"enchantMinDamage\":0,\"originalMaxDamage\":0,\"originalMinDamage\":0}","{\"action\":\"CREATE_AUCTION\",\"timestamp\":\"2025-09-16T03:52:24Z\",\"unixTime\":1757994744.071,\"data\":{\"sellerUsername\":\"admin\",\"sellerSteamID\":76561198139202300,\"itemType\":\"RMWeapons.HeartOfRedZone\",\"itemName\":\"Heart of the Red Zone\",\"itemID\":\"128824121\",\"condition\":10,\"weight\":0.699999988079071,\"category\":\"Item\",\"customName\":\"Heart of the Red Zone\",\"tooltip\":\"\\\"(Tier Legend)The pulsating heart of the Red Zone and radiating raw power.\\\"\",\"startingPrice\":5000,\"buyoutPrice\":7000,\"currentBid\":5000,\"duration\":24,\"timestamp\":1757994741.8470001,\"description\":\"\",\"isActive\":true,\"serverName\":\"pzserver\",\"modData\":{},\"enchantMinDamage\":0,\"enchantMaxDamage\":0,\"originalMinDamage\":0,\"originalMaxDamage\":0,\"hasDamageBoost\":false}}","active","2025-09-16 03:53:10.915 +00:00","2025-09-16 03:53:10.915 +00:00"],"parent":{"code":"42703","file":"parse_relation.c","length":117,"line":"3665","name":"error","parameters":["319","Heart of the Red Zone","Type: RMWeapons.HeartOfRedZone | Condition: 10.0% | Buyout: 7000 | Duration: 24h | Server: pzserver",5000,5000,"tester2",7000,"RMWeapons.HeartOfRedZone",0.1,"{}","{\"itemType\":\"RMWeapons.HeartOfRedZone\",\"itemID\":\"128824121\",\"itemName\":\"Heart of the Red Zone\",\"customName\":\"Heart of the Red Zone\",\"condition\":10,\"weight\":0.699999988079071,\"category\":\"Item\",\"description\":\"\",\"tooltip\":\"\\\"(Tier Legend)The pulsating heart of the Red Zone and radiating raw power.\\\"\",\"hasDamageBoost\":false,\"enchantMaxDamage\":0,\"enchantMinDamage\":0,\"originalMaxDamage\":0,\"originalMinDamage\":0}","{\"action\":\"CREATE_AUCTION\",\"timestamp\":\"2025-09-16T03:52:24Z\",\"unixTime\":1757994744.071,\"data\":{\"sellerUsername\":\"admin\",\"sellerSteamID\":76561198139202300,\"itemType\":\"RMWeapons.HeartOfRedZone\",\"itemName\":\"Heart of the Red Zone\",\"itemID\":\"128824121\",\"condition\":10,\"weight\":0.699999988079071,\"category\":\"Item\",\"customName\":\"Heart of the Red Zone\",\"tooltip\":\"\\\"(Tier Legend)The pulsating heart of the Red Zone and radiating raw power.\\\"\",\"startingPrice\":5000,\"buyoutPrice\":7000,\"currentBid\":5000,\"duration\":24,\"timestamp\":1757994741.8470001,\"description\":\"\",\"isActive\":true,\"serverName\":\"pzserver\",\"modData\":{},\"enchantMinDamage\":0,\"enchantMaxDamage\":0,\"originalMinDamage\":0,\"originalMaxDamage\":0,\"hasDamageBoost\":false}}","active","2025-09-16 03:53:10.915 +00:00","2025-09-16 03:53:10.915 +00:00"],"position":"503","routine":"errorMissingColumn","severity":"ERROR","sql":"INSERT INTO \"player_auctions\" (\"itemid\",\"sellerid\",\"itemname\",\"itemdesc\",\"itemprice\",\"lastbid\",\"sellername\",\"buyoutprice\",\"itemtype\",\"itemcondition\",\"moddata\",\"itemdata\",\"originalsource\",\"status\",\"createdAt\",\"updatedAt\") VALUES (DEFAULT,$1,$2,$3,$4,$5,$6,$7,$8,$9,$10,$11,$12,$13,$14,$15) RETURNING \"itemid\",\"sellerid\",\"itemname\",\"itemdesc\",\"itemprice\",\"lastbid\",\"sellername\",\"buyername\",\"buyerid\",\"buyerUsername\",\"buyoutprice\",\"itemtype\",\"itemcondition\",\"moddata\",\"itemdata\",\"originalsource\",\"status\",\"discordMessageId\",\"createdAt\",\"updatedAt\";"},"sql":"INSERT INTO \"player_auctions\" (\"itemid\",\"sellerid\",\"itemname\",\"itemdesc\",\"itemprice\",\"lastbid\",\"sellername\",\"buyoutprice\",\"itemtype\",\"itemcondition\",\"moddata\",\"itemdata\",\"originalsource\",\"status\",\"createdAt\",\"updatedAt\") VALUES (DEFAULT,$1,$2,$3,$4,$5,$6,$7,$8,$9,$10,$11,$12,$13,$14,$15) RETURNING \"itemid\",\"sellerid\",\"itemname\",\"itemdesc\",\"itemprice\",\"lastbid\",\"sellername\",\"buyername\",\"buyerid\",\"buyerUsername\",\"buyoutprice\",\"itemtype\",\"itemcondition\",\"moddata\",\"itemdata\",\"originalsource\",\"status\",\"discordMessageId\",\"createdAt\",\"updatedAt\";","stack":"Error\n    at Query.run (C:\\Users\\Michael\\Zomboid\\Workshop\\ZonaNyamanBotZ\\zomboid-discord-rcon\\node_modules\\sequelize\\lib\\dialects\\postgres\\query.js:50:25)\n    at C:\\Users\\Michael\\Zomboid\\Workshop\\ZonaNyamanBotZ\\zomboid-discord-rcon\\node_modules\\sequelize\\lib\\sequelize.js:315:28\n    at process.processTicksAndRejections (node:internal/process/task_queues:95:5)\n    at async PostgresQueryInterface.insert (C:\\Users\\Michael\\Zomboid\\Workshop\\ZonaNyamanBotZ\\zomboid-discord-rcon\\node_modules\\sequelize\\lib\\dialects\\abstract\\query-interface.js:308:21)\n    at async model.save (C:\\Users\\Michael\\Zomboid\\Workshop\\ZonaNyamanBotZ\\zomboid-discord-rcon\\node_modules\\sequelize\\lib\\model.js:2490:35)\n    at async PlayerAuction.create (C:\\Users\\Michael\\Zomboid\\Workshop\\ZonaNyamanBotZ\\zomboid-discord-rcon\\node_modules\\sequelize\\lib\\model.js:1362:12)\n    at async AuctionLogMonitor.handleCreateAuction (file:///C:/Users/Michael/Zomboid/Workshop/ZonaNyamanBotZ/zomboid-discord-rcon/src/services/auctionLogMonitor.js:223:23)\n    at async AuctionLogMonitor.processAuctionEntry (file:///C:/Users/Michael/Zomboid/Workshop/ZonaNyamanBotZ/zomboid-discord-rcon/src/services/auctionLogMonitor.js:121:11)\n    at async AuctionLogMonitor.scanAndProcessAuctions (file:///C:/Users/Michael/Zomboid/Workshop/ZonaNyamanBotZ/zomboid-discord-rcon/src/services/auctionLogMonitor.js:80:22)\n    at async Timeout._onTimeout (file:///C:/Users/Michael/Zomboid/Workshop/ZonaNyamanBotZ/zomboid-discord-rcon/src/services/auctionLogMonitor.js:36:7)","timestamp":"2025-09-16T03:53:10.940Z"}
{"level":"error","message":"[AuctionLogMonitor] Error processing auction entry: column \"discordMessageId\" does not exist","name":"SequelizeDatabaseError","original":{"code":"42703","file":"parse_relation.c","length":117,"line":"3665","name":"error","parameters":["319","Heart of the Red Zone","Type: RMWeapons.HeartOfRedZone | Condition: 10.0% | Buyout: 7000 | Duration: 24h | Server: pzserver",5000,5000,"tester2",7000,"RMWeapons.HeartOfRedZone",0.1,"{}","{\"itemType\":\"RMWeapons.HeartOfRedZone\",\"itemID\":\"128824121\",\"itemName\":\"Heart of the Red Zone\",\"customName\":\"Heart of the Red Zone\",\"condition\":10,\"weight\":0.699999988079071,\"category\":\"Item\",\"description\":\"\",\"tooltip\":\"\\\"(Tier Legend)The pulsating heart of the Red Zone and radiating raw power.\\\"\",\"hasDamageBoost\":false,\"enchantMaxDamage\":0,\"enchantMinDamage\":0,\"originalMaxDamage\":0,\"originalMinDamage\":0}","{\"action\":\"CREATE_AUCTION\",\"timestamp\":\"2025-09-16T03:52:24Z\",\"unixTime\":1757994744.071,\"data\":{\"sellerUsername\":\"admin\",\"sellerSteamID\":76561198139202300,\"itemType\":\"RMWeapons.HeartOfRedZone\",\"itemName\":\"Heart of the Red Zone\",\"itemID\":\"128824121\",\"condition\":10,\"weight\":0.699999988079071,\"category\":\"Item\",\"customName\":\"Heart of the Red Zone\",\"tooltip\":\"\\\"(Tier Legend)The pulsating heart of the Red Zone and radiating raw power.\\\"\",\"startingPrice\":5000,\"buyoutPrice\":7000,\"currentBid\":5000,\"duration\":24,\"timestamp\":1757994741.8470001,\"description\":\"\",\"isActive\":true,\"serverName\":\"pzserver\",\"modData\":{},\"enchantMinDamage\":0,\"enchantMaxDamage\":0,\"originalMinDamage\":0,\"originalMaxDamage\":0,\"hasDamageBoost\":false}}","active","2025-09-16 03:53:10.915 +00:00","2025-09-16 03:53:10.915 +00:00"],"position":"503","routine":"errorMissingColumn","severity":"ERROR","sql":"INSERT INTO \"player_auctions\" (\"itemid\",\"sellerid\",\"itemname\",\"itemdesc\",\"itemprice\",\"lastbid\",\"sellername\",\"buyoutprice\",\"itemtype\",\"itemcondition\",\"moddata\",\"itemdata\",\"originalsource\",\"status\",\"createdAt\",\"updatedAt\") VALUES (DEFAULT,$1,$2,$3,$4,$5,$6,$7,$8,$9,$10,$11,$12,$13,$14,$15) RETURNING \"itemid\",\"sellerid\",\"itemname\",\"itemdesc\",\"itemprice\",\"lastbid\",\"sellername\",\"buyername\",\"buyerid\",\"buyerUsername\",\"buyoutprice\",\"itemtype\",\"itemcondition\",\"moddata\",\"itemdata\",\"originalsource\",\"status\",\"discordMessageId\",\"createdAt\",\"updatedAt\";"},"parameters":["319","Heart of the Red Zone","Type: RMWeapons.HeartOfRedZone | Condition: 10.0% | Buyout: 7000 | Duration: 24h | Server: pzserver",5000,5000,"tester2",7000,"RMWeapons.HeartOfRedZone",0.1,"{}","{\"itemType\":\"RMWeapons.HeartOfRedZone\",\"itemID\":\"128824121\",\"itemName\":\"Heart of the Red Zone\",\"customName\":\"Heart of the Red Zone\",\"condition\":10,\"weight\":0.699999988079071,\"category\":\"Item\",\"description\":\"\",\"tooltip\":\"\\\"(Tier Legend)The pulsating heart of the Red Zone and radiating raw power.\\\"\",\"hasDamageBoost\":false,\"enchantMaxDamage\":0,\"enchantMinDamage\":0,\"originalMaxDamage\":0,\"originalMinDamage\":0}","{\"action\":\"CREATE_AUCTION\",\"timestamp\":\"2025-09-16T03:52:24Z\",\"unixTime\":1757994744.071,\"data\":{\"sellerUsername\":\"admin\",\"sellerSteamID\":76561198139202300,\"itemType\":\"RMWeapons.HeartOfRedZone\",\"itemName\":\"Heart of the Red Zone\",\"itemID\":\"128824121\",\"condition\":10,\"weight\":0.699999988079071,\"category\":\"Item\",\"customName\":\"Heart of the Red Zone\",\"tooltip\":\"\\\"(Tier Legend)The pulsating heart of the Red Zone and radiating raw power.\\\"\",\"startingPrice\":5000,\"buyoutPrice\":7000,\"currentBid\":5000,\"duration\":24,\"timestamp\":1757994741.8470001,\"description\":\"\",\"isActive\":true,\"serverName\":\"pzserver\",\"modData\":{},\"enchantMinDamage\":0,\"enchantMaxDamage\":0,\"originalMinDamage\":0,\"originalMaxDamage\":0,\"hasDamageBoost\":false}}","active","2025-09-16 03:53:10.915 +00:00","2025-09-16 03:53:10.915 +00:00"],"parent":{"code":"42703","file":"parse_relation.c","length":117,"line":"3665","name":"error","parameters":["319","Heart of the Red Zone","Type: RMWeapons.HeartOfRedZone | Condition: 10.0% | Buyout: 7000 | Duration: 24h | Server: pzserver",5000,5000,"tester2",7000,"RMWeapons.HeartOfRedZone",0.1,"{}","{\"itemType\":\"RMWeapons.HeartOfRedZone\",\"itemID\":\"128824121\",\"itemName\":\"Heart of the Red Zone\",\"customName\":\"Heart of the Red Zone\",\"condition\":10,\"weight\":0.699999988079071,\"category\":\"Item\",\"description\":\"\",\"tooltip\":\"\\\"(Tier Legend)The pulsating heart of the Red Zone and radiating raw power.\\\"\",\"hasDamageBoost\":false,\"enchantMaxDamage\":0,\"enchantMinDamage\":0,\"originalMaxDamage\":0,\"originalMinDamage\":0}","{\"action\":\"CREATE_AUCTION\",\"timestamp\":\"2025-09-16T03:52:24Z\",\"unixTime\":1757994744.071,\"data\":{\"sellerUsername\":\"admin\",\"sellerSteamID\":76561198139202300,\"itemType\":\"RMWeapons.HeartOfRedZone\",\"itemName\":\"Heart of the Red Zone\",\"itemID\":\"128824121\",\"condition\":10,\"weight\":0.699999988079071,\"category\":\"Item\",\"customName\":\"Heart of the Red Zone\",\"tooltip\":\"\\\"(Tier Legend)The pulsating heart of the Red Zone and radiating raw power.\\\"\",\"startingPrice\":5000,\"buyoutPrice\":7000,\"currentBid\":5000,\"duration\":24,\"timestamp\":1757994741.8470001,\"description\":\"\",\"isActive\":true,\"serverName\":\"pzserver\",\"modData\":{},\"enchantMinDamage\":0,\"enchantMaxDamage\":0,\"originalMinDamage\":0,\"originalMaxDamage\":0,\"hasDamageBoost\":false}}","active","2025-09-16 03:53:10.915 +00:00","2025-09-16 03:53:10.915 +00:00"],"position":"503","routine":"errorMissingColumn","severity":"ERROR","sql":"INSERT INTO \"player_auctions\" (\"itemid\",\"sellerid\",\"itemname\",\"itemdesc\",\"itemprice\",\"lastbid\",\"sellername\",\"buyoutprice\",\"itemtype\",\"itemcondition\",\"moddata\",\"itemdata\",\"originalsource\",\"status\",\"createdAt\",\"updatedAt\") VALUES (DEFAULT,$1,$2,$3,$4,$5,$6,$7,$8,$9,$10,$11,$12,$13,$14,$15) RETURNING \"itemid\",\"sellerid\",\"itemname\",\"itemdesc\",\"itemprice\",\"lastbid\",\"sellername\",\"buyername\",\"buyerid\",\"buyerUsername\",\"buyoutprice\",\"itemtype\",\"itemcondition\",\"moddata\",\"itemdata\",\"originalsource\",\"status\",\"discordMessageId\",\"createdAt\",\"updatedAt\";"},"sql":"INSERT INTO \"player_auctions\" (\"itemid\",\"sellerid\",\"itemname\",\"itemdesc\",\"itemprice\",\"lastbid\",\"sellername\",\"buyoutprice\",\"itemtype\",\"itemcondition\",\"moddata\",\"itemdata\",\"originalsource\",\"status\",\"createdAt\",\"updatedAt\") VALUES (DEFAULT,$1,$2,$3,$4,$5,$6,$7,$8,$9,$10,$11,$12,$13,$14,$15) RETURNING \"itemid\",\"sellerid\",\"itemname\",\"itemdesc\",\"itemprice\",\"lastbid\",\"sellername\",\"buyername\",\"buyerid\",\"buyerUsername\",\"buyoutprice\",\"itemtype\",\"itemcondition\",\"moddata\",\"itemdata\",\"originalsource\",\"status\",\"discordMessageId\",\"createdAt\",\"updatedAt\";","stack":"Error\n    at Query.run (C:\\Users\\Michael\\Zomboid\\Workshop\\ZonaNyamanBotZ\\zomboid-discord-rcon\\node_modules\\sequelize\\lib\\dialects\\postgres\\query.js:50:25)\n    at C:\\Users\\Michael\\Zomboid\\Workshop\\ZonaNyamanBotZ\\zomboid-discord-rcon\\node_modules\\sequelize\\lib\\sequelize.js:315:28\n    at process.processTicksAndRejections (node:internal/process/task_queues:95:5)\n    at async PostgresQueryInterface.insert (C:\\Users\\Michael\\Zomboid\\Workshop\\ZonaNyamanBotZ\\zomboid-discord-rcon\\node_modules\\sequelize\\lib\\dialects\\abstract\\query-interface.js:308:21)\n    at async model.save (C:\\Users\\Michael\\Zomboid\\Workshop\\ZonaNyamanBotZ\\zomboid-discord-rcon\\node_modules\\sequelize\\lib\\model.js:2490:35)\n    at async PlayerAuction.create (C:\\Users\\Michael\\Zomboid\\Workshop\\ZonaNyamanBotZ\\zomboid-discord-rcon\\node_modules\\sequelize\\lib\\model.js:1362:12)\n    at async AuctionLogMonitor.handleCreateAuction (file:///C:/Users/Michael/Zomboid/Workshop/ZonaNyamanBotZ/zomboid-discord-rcon/src/services/auctionLogMonitor.js:223:23)\n    at async AuctionLogMonitor.processAuctionEntry (file:///C:/Users/Michael/Zomboid/Workshop/ZonaNyamanBotZ/zomboid-discord-rcon/src/services/auctionLogMonitor.js:121:11)\n    at async AuctionLogMonitor.scanAndProcessAuctions (file:///C:/Users/Michael/Zomboid/Workshop/ZonaNyamanBotZ/zomboid-discord-rcon/src/services/auctionLogMonitor.js:80:22)\n    at async Timeout._onTimeout (file:///C:/Users/Michael/Zomboid/Workshop/ZonaNyamanBotZ/zomboid-discord-rcon/src/services/auctionLogMonitor.js:36:7)","timestamp":"2025-09-16T03:53:10.941Z"}
{"level":"error","message":"[AuctionLogMonitor] Failed entry data:","timestamp":"2025-09-16T03:53:10.942Z"}
{"level":"warn","message":"[AuctionLogMonitor] Some entries failed; auction log preserved for retry.","timestamp":"2025-09-16T03:53:10.942Z"}
{"level":"info","message":"[AuctionLogMonitor] Found 1 new auction entries","timestamp":"2025-09-16T03:53:40.678Z"}
{"level":"info","message":"[AuctionLogMonitor] Processing CREATE_AUCTION at 2025-09-16T03:52:24Z","timestamp":"2025-09-16T03:53:40.678Z"}
{"level":"error","message":"[AuctionLogMonitor] Error handling CREATE_AUCTION: column \"discordMessageId\" does not exist","name":"SequelizeDatabaseError","original":{"code":"42703","file":"parse_relation.c","length":117,"line":"3665","name":"error","parameters":["319","Heart of the Red Zone","Type: RMWeapons.HeartOfRedZone | Condition: 10.0% | Buyout: 7000 | Duration: 24h | Server: pzserver",5000,5000,"tester2",7000,"RMWeapons.HeartOfRedZone",0.1,"{}","{\"itemType\":\"RMWeapons.HeartOfRedZone\",\"itemID\":\"128824121\",\"itemName\":\"Heart of the Red Zone\",\"customName\":\"Heart of the Red Zone\",\"condition\":10,\"weight\":0.699999988079071,\"category\":\"Item\",\"description\":\"\",\"tooltip\":\"\\\"(Tier Legend)The pulsating heart of the Red Zone and radiating raw power.\\\"\",\"hasDamageBoost\":false,\"enchantMaxDamage\":0,\"enchantMinDamage\":0,\"originalMaxDamage\":0,\"originalMinDamage\":0}","{\"action\":\"CREATE_AUCTION\",\"timestamp\":\"2025-09-16T03:52:24Z\",\"unixTime\":1757994744.071,\"data\":{\"sellerUsername\":\"admin\",\"sellerSteamID\":76561198139202300,\"itemType\":\"RMWeapons.HeartOfRedZone\",\"itemName\":\"Heart of the Red Zone\",\"itemID\":\"128824121\",\"condition\":10,\"weight\":0.699999988079071,\"category\":\"Item\",\"customName\":\"Heart of the Red Zone\",\"tooltip\":\"\\\"(Tier Legend)The pulsating heart of the Red Zone and radiating raw power.\\\"\",\"startingPrice\":5000,\"buyoutPrice\":7000,\"currentBid\":5000,\"duration\":24,\"timestamp\":1757994741.8470001,\"description\":\"\",\"isActive\":true,\"serverName\":\"pzserver\",\"modData\":{},\"enchantMinDamage\":0,\"enchantMaxDamage\":0,\"originalMinDamage\":0,\"originalMaxDamage\":0,\"hasDamageBoost\":false}}","active","2025-09-16 03:53:40.959 +00:00","2025-09-16 03:53:40.959 +00:00"],"position":"503","routine":"errorMissingColumn","severity":"ERROR","sql":"INSERT INTO \"player_auctions\" (\"itemid\",\"sellerid\",\"itemname\",\"itemdesc\",\"itemprice\",\"lastbid\",\"sellername\",\"buyoutprice\",\"itemtype\",\"itemcondition\",\"moddata\",\"itemdata\",\"originalsource\",\"status\",\"createdAt\",\"updatedAt\") VALUES (DEFAULT,$1,$2,$3,$4,$5,$6,$7,$8,$9,$10,$11,$12,$13,$14,$15) RETURNING \"itemid\",\"sellerid\",\"itemname\",\"itemdesc\",\"itemprice\",\"lastbid\",\"sellername\",\"buyername\",\"buyerid\",\"buyerUsername\",\"buyoutprice\",\"itemtype\",\"itemcondition\",\"moddata\",\"itemdata\",\"originalsource\",\"status\",\"discordMessageId\",\"createdAt\",\"updatedAt\";"},"parameters":["319","Heart of the Red Zone","Type: RMWeapons.HeartOfRedZone | Condition: 10.0% | Buyout: 7000 | Duration: 24h | Server: pzserver",5000,5000,"tester2",7000,"RMWeapons.HeartOfRedZone",0.1,"{}","{\"itemType\":\"RMWeapons.HeartOfRedZone\",\"itemID\":\"128824121\",\"itemName\":\"Heart of the Red Zone\",\"customName\":\"Heart of the Red Zone\",\"condition\":10,\"weight\":0.699999988079071,\"category\":\"Item\",\"description\":\"\",\"tooltip\":\"\\\"(Tier Legend)The pulsating heart of the Red Zone and radiating raw power.\\\"\",\"hasDamageBoost\":false,\"enchantMaxDamage\":0,\"enchantMinDamage\":0,\"originalMaxDamage\":0,\"originalMinDamage\":0}","{\"action\":\"CREATE_AUCTION\",\"timestamp\":\"2025-09-16T03:52:24Z\",\"unixTime\":1757994744.071,\"data\":{\"sellerUsername\":\"admin\",\"sellerSteamID\":76561198139202300,\"itemType\":\"RMWeapons.HeartOfRedZone\",\"itemName\":\"Heart of the Red Zone\",\"itemID\":\"128824121\",\"condition\":10,\"weight\":0.699999988079071,\"category\":\"Item\",\"customName\":\"Heart of the Red Zone\",\"tooltip\":\"\\\"(Tier Legend)The pulsating heart of the Red Zone and radiating raw power.\\\"\",\"startingPrice\":5000,\"buyoutPrice\":7000,\"currentBid\":5000,\"duration\":24,\"timestamp\":1757994741.8470001,\"description\":\"\",\"isActive\":true,\"serverName\":\"pzserver\",\"modData\":{},\"enchantMinDamage\":0,\"enchantMaxDamage\":0,\"originalMinDamage\":0,\"originalMaxDamage\":0,\"hasDamageBoost\":false}}","active","2025-09-16 03:53:40.959 +00:00","2025-09-16 03:53:40.959 +00:00"],"parent":{"code":"42703","file":"parse_relation.c","length":117,"line":"3665","name":"error","parameters":["319","Heart of the Red Zone","Type: RMWeapons.HeartOfRedZone | Condition: 10.0% | Buyout: 7000 | Duration: 24h | Server: pzserver",5000,5000,"tester2",7000,"RMWeapons.HeartOfRedZone",0.1,"{}","{\"itemType\":\"RMWeapons.HeartOfRedZone\",\"itemID\":\"128824121\",\"itemName\":\"Heart of the Red Zone\",\"customName\":\"Heart of the Red Zone\",\"condition\":10,\"weight\":0.699999988079071,\"category\":\"Item\",\"description\":\"\",\"tooltip\":\"\\\"(Tier Legend)The pulsating heart of the Red Zone and radiating raw power.\\\"\",\"hasDamageBoost\":false,\"enchantMaxDamage\":0,\"enchantMinDamage\":0,\"originalMaxDamage\":0,\"originalMinDamage\":0}","{\"action\":\"CREATE_AUCTION\",\"timestamp\":\"2025-09-16T03:52:24Z\",\"unixTime\":1757994744.071,\"data\":{\"sellerUsername\":\"admin\",\"sellerSteamID\":76561198139202300,\"itemType\":\"RMWeapons.HeartOfRedZone\",\"itemName\":\"Heart of the Red Zone\",\"itemID\":\"128824121\",\"condition\":10,\"weight\":0.699999988079071,\"category\":\"Item\",\"customName\":\"Heart of the Red Zone\",\"tooltip\":\"\\\"(Tier Legend)The pulsating heart of the Red Zone and radiating raw power.\\\"\",\"startingPrice\":5000,\"buyoutPrice\":7000,\"currentBid\":5000,\"duration\":24,\"timestamp\":1757994741.8470001,\"description\":\"\",\"isActive\":true,\"serverName\":\"pzserver\",\"modData\":{},\"enchantMinDamage\":0,\"enchantMaxDamage\":0,\"originalMinDamage\":0,\"originalMaxDamage\":0,\"hasDamageBoost\":false}}","active","2025-09-16 03:53:40.959 +00:00","2025-09-16 03:53:40.959 +00:00"],"position":"503","routine":"errorMissingColumn","severity":"ERROR","sql":"INSERT INTO \"player_auctions\" (\"itemid\",\"sellerid\",\"itemname\",\"itemdesc\",\"itemprice\",\"lastbid\",\"sellername\",\"buyoutprice\",\"itemtype\",\"itemcondition\",\"moddata\",\"itemdata\",\"originalsource\",\"status\",\"createdAt\",\"updatedAt\") VALUES (DEFAULT,$1,$2,$3,$4,$5,$6,$7,$8,$9,$10,$11,$12,$13,$14,$15) RETURNING \"itemid\",\"sellerid\",\"itemname\",\"itemdesc\",\"itemprice\",\"lastbid\",\"sellername\",\"buyername\",\"buyerid\",\"buyerUsername\",\"buyoutprice\",\"itemtype\",\"itemcondition\",\"moddata\",\"itemdata\",\"originalsource\",\"status\",\"discordMessageId\",\"createdAt\",\"updatedAt\";"},"sql":"INSERT INTO \"player_auctions\" (\"itemid\",\"sellerid\",\"itemname\",\"itemdesc\",\"itemprice\",\"lastbid\",\"sellername\",\"buyoutprice\",\"itemtype\",\"itemcondition\",\"moddata\",\"itemdata\",\"originalsource\",\"status\",\"createdAt\",\"updatedAt\") VALUES (DEFAULT,$1,$2,$3,$4,$5,$6,$7,$8,$9,$10,$11,$12,$13,$14,$15) RETURNING \"itemid\",\"sellerid\",\"itemname\",\"itemdesc\",\"itemprice\",\"lastbid\",\"sellername\",\"buyername\",\"buyerid\",\"buyerUsername\",\"buyoutprice\",\"itemtype\",\"itemcondition\",\"moddata\",\"itemdata\",\"originalsource\",\"status\",\"discordMessageId\",\"createdAt\",\"updatedAt\";","stack":"Error\n    at Query.run (C:\\Users\\Michael\\Zomboid\\Workshop\\ZonaNyamanBotZ\\zomboid-discord-rcon\\node_modules\\sequelize\\lib\\dialects\\postgres\\query.js:50:25)\n    at C:\\Users\\Michael\\Zomboid\\Workshop\\ZonaNyamanBotZ\\zomboid-discord-rcon\\node_modules\\sequelize\\lib\\sequelize.js:315:28\n    at process.processTicksAndRejections (node:internal/process/task_queues:95:5)\n    at async PostgresQueryInterface.insert (C:\\Users\\Michael\\Zomboid\\Workshop\\ZonaNyamanBotZ\\zomboid-discord-rcon\\node_modules\\sequelize\\lib\\dialects\\abstract\\query-interface.js:308:21)\n    at async model.save (C:\\Users\\Michael\\Zomboid\\Workshop\\ZonaNyamanBotZ\\zomboid-discord-rcon\\node_modules\\sequelize\\lib\\model.js:2490:35)\n    at async PlayerAuction.create (C:\\Users\\Michael\\Zomboid\\Workshop\\ZonaNyamanBotZ\\zomboid-discord-rcon\\node_modules\\sequelize\\lib\\model.js:1362:12)\n    at async AuctionLogMonitor.handleCreateAuction (file:///C:/Users/Michael/Zomboid/Workshop/ZonaNyamanBotZ/zomboid-discord-rcon/src/services/auctionLogMonitor.js:223:23)\n    at async AuctionLogMonitor.processAuctionEntry (file:///C:/Users/Michael/Zomboid/Workshop/ZonaNyamanBotZ/zomboid-discord-rcon/src/services/auctionLogMonitor.js:121:11)\n    at async AuctionLogMonitor.scanAndProcessAuctions (file:///C:/Users/Michael/Zomboid/Workshop/ZonaNyamanBotZ/zomboid-discord-rcon/src/services/auctionLogMonitor.js:80:22)\n    at async Timeout._onTimeout (file:///C:/Users/Michael/Zomboid/Workshop/ZonaNyamanBotZ/zomboid-discord-rcon/src/services/auctionLogMonitor.js:36:7)","timestamp":"2025-09-16T03:53:40.985Z"}
{"level":"error","message":"[AuctionLogMonitor] Error processing auction entry: column \"discordMessageId\" does not exist","name":"SequelizeDatabaseError","original":{"code":"42703","file":"parse_relation.c","length":117,"line":"3665","name":"error","parameters":["319","Heart of the Red Zone","Type: RMWeapons.HeartOfRedZone | Condition: 10.0% | Buyout: 7000 | Duration: 24h | Server: pzserver",5000,5000,"tester2",7000,"RMWeapons.HeartOfRedZone",0.1,"{}","{\"itemType\":\"RMWeapons.HeartOfRedZone\",\"itemID\":\"128824121\",\"itemName\":\"Heart of the Red Zone\",\"customName\":\"Heart of the Red Zone\",\"condition\":10,\"weight\":0.699999988079071,\"category\":\"Item\",\"description\":\"\",\"tooltip\":\"\\\"(Tier Legend)The pulsating heart of the Red Zone and radiating raw power.\\\"\",\"hasDamageBoost\":false,\"enchantMaxDamage\":0,\"enchantMinDamage\":0,\"originalMaxDamage\":0,\"originalMinDamage\":0}","{\"action\":\"CREATE_AUCTION\",\"timestamp\":\"2025-09-16T03:52:24Z\",\"unixTime\":1757994744.071,\"data\":{\"sellerUsername\":\"admin\",\"sellerSteamID\":76561198139202300,\"itemType\":\"RMWeapons.HeartOfRedZone\",\"itemName\":\"Heart of the Red Zone\",\"itemID\":\"128824121\",\"condition\":10,\"weight\":0.699999988079071,\"category\":\"Item\",\"customName\":\"Heart of the Red Zone\",\"tooltip\":\"\\\"(Tier Legend)The pulsating heart of the Red Zone and radiating raw power.\\\"\",\"startingPrice\":5000,\"buyoutPrice\":7000,\"currentBid\":5000,\"duration\":24,\"timestamp\":1757994741.8470001,\"description\":\"\",\"isActive\":true,\"serverName\":\"pzserver\",\"modData\":{},\"enchantMinDamage\":0,\"enchantMaxDamage\":0,\"originalMinDamage\":0,\"originalMaxDamage\":0,\"hasDamageBoost\":false}}","active","2025-09-16 03:53:40.959 +00:00","2025-09-16 03:53:40.959 +00:00"],"position":"503","routine":"errorMissingColumn","severity":"ERROR","sql":"INSERT INTO \"player_auctions\" (\"itemid\",\"sellerid\",\"itemname\",\"itemdesc\",\"itemprice\",\"lastbid\",\"sellername\",\"buyoutprice\",\"itemtype\",\"itemcondition\",\"moddata\",\"itemdata\",\"originalsource\",\"status\",\"createdAt\",\"updatedAt\") VALUES (DEFAULT,$1,$2,$3,$4,$5,$6,$7,$8,$9,$10,$11,$12,$13,$14,$15) RETURNING \"itemid\",\"sellerid\",\"itemname\",\"itemdesc\",\"itemprice\",\"lastbid\",\"sellername\",\"buyername\",\"buyerid\",\"buyerUsername\",\"buyoutprice\",\"itemtype\",\"itemcondition\",\"moddata\",\"itemdata\",\"originalsource\",\"status\",\"discordMessageId\",\"createdAt\",\"updatedAt\";"},"parameters":["319","Heart of the Red Zone","Type: RMWeapons.HeartOfRedZone | Condition: 10.0% | Buyout: 7000 | Duration: 24h | Server: pzserver",5000,5000,"tester2",7000,"RMWeapons.HeartOfRedZone",0.1,"{}","{\"itemType\":\"RMWeapons.HeartOfRedZone\",\"itemID\":\"128824121\",\"itemName\":\"Heart of the Red Zone\",\"customName\":\"Heart of the Red Zone\",\"condition\":10,\"weight\":0.699999988079071,\"category\":\"Item\",\"description\":\"\",\"tooltip\":\"\\\"(Tier Legend)The pulsating heart of the Red Zone and radiating raw power.\\\"\",\"hasDamageBoost\":false,\"enchantMaxDamage\":0,\"enchantMinDamage\":0,\"originalMaxDamage\":0,\"originalMinDamage\":0}","{\"action\":\"CREATE_AUCTION\",\"timestamp\":\"2025-09-16T03:52:24Z\",\"unixTime\":1757994744.071,\"data\":{\"sellerUsername\":\"admin\",\"sellerSteamID\":76561198139202300,\"itemType\":\"RMWeapons.HeartOfRedZone\",\"itemName\":\"Heart of the Red Zone\",\"itemID\":\"128824121\",\"condition\":10,\"weight\":0.699999988079071,\"category\":\"Item\",\"customName\":\"Heart of the Red Zone\",\"tooltip\":\"\\\"(Tier Legend)The pulsating heart of the Red Zone and radiating raw power.\\\"\",\"startingPrice\":5000,\"buyoutPrice\":7000,\"currentBid\":5000,\"duration\":24,\"timestamp\":1757994741.8470001,\"description\":\"\",\"isActive\":true,\"serverName\":\"pzserver\",\"modData\":{},\"enchantMinDamage\":0,\"enchantMaxDamage\":0,\"originalMinDamage\":0,\"originalMaxDamage\":0,\"hasDamageBoost\":false}}","active","2025-09-16 03:53:40.959 +00:00","2025-09-16 03:53:40.959 +00:00"],"parent":{"code":"42703","file":"parse_relation.c","length":117,"line":"3665","name":"error","parameters":["319","Heart of the Red Zone","Type: RMWeapons.HeartOfRedZone | Condition: 10.0% | Buyout: 7000 | Duration: 24h | Server: pzserver",5000,5000,"tester2",7000,"RMWeapons.HeartOfRedZone",0.1,"{}","{\"itemType\":\"RMWeapons.HeartOfRedZone\",\"itemID\":\"128824121\",\"itemName\":\"Heart of the Red Zone\",\"customName\":\"Heart of the Red Zone\",\"condition\":10,\"weight\":0.699999988079071,\"category\":\"Item\",\"description\":\"\",\"tooltip\":\"\\\"(Tier Legend)The pulsating heart of the Red Zone and radiating raw power.\\\"\",\"hasDamageBoost\":false,\"enchantMaxDamage\":0,\"enchantMinDamage\":0,\"originalMaxDamage\":0,\"originalMinDamage\":0}","{\"action\":\"CREATE_AUCTION\",\"timestamp\":\"2025-09-16T03:52:24Z\",\"unixTime\":1757994744.071,\"data\":{\"sellerUsername\":\"admin\",\"sellerSteamID\":76561198139202300,\"itemType\":\"RMWeapons.HeartOfRedZone\",\"itemName\":\"Heart of the Red Zone\",\"itemID\":\"128824121\",\"condition\":10,\"weight\":0.699999988079071,\"category\":\"Item\",\"customName\":\"Heart of the Red Zone\",\"tooltip\":\"\\\"(Tier Legend)The pulsating heart of the Red Zone and radiating raw power.\\\"\",\"startingPrice\":5000,\"buyoutPrice\":7000,\"currentBid\":5000,\"duration\":24,\"timestamp\":1757994741.8470001,\"description\":\"\",\"isActive\":true,\"serverName\":\"pzserver\",\"modData\":{},\"enchantMinDamage\":0,\"enchantMaxDamage\":0,\"originalMinDamage\":0,\"originalMaxDamage\":0,\"hasDamageBoost\":false}}","active","2025-09-16 03:53:40.959 +00:00","2025-09-16 03:53:40.959 +00:00"],"position":"503","routine":"errorMissingColumn","severity":"ERROR","sql":"INSERT INTO \"player_auctions\" (\"itemid\",\"sellerid\",\"itemname\",\"itemdesc\",\"itemprice\",\"lastbid\",\"sellername\",\"buyoutprice\",\"itemtype\",\"itemcondition\",\"moddata\",\"itemdata\",\"originalsource\",\"status\",\"createdAt\",\"updatedAt\") VALUES (DEFAULT,$1,$2,$3,$4,$5,$6,$7,$8,$9,$10,$11,$12,$13,$14,$15) RETURNING \"itemid\",\"sellerid\",\"itemname\",\"itemdesc\",\"itemprice\",\"lastbid\",\"sellername\",\"buyername\",\"buyerid\",\"buyerUsername\",\"buyoutprice\",\"itemtype\",\"itemcondition\",\"moddata\",\"itemdata\",\"originalsource\",\"status\",\"discordMessageId\",\"createdAt\",\"updatedAt\";"},"sql":"INSERT INTO \"player_auctions\" (\"itemid\",\"sellerid\",\"itemname\",\"itemdesc\",\"itemprice\",\"lastbid\",\"sellername\",\"buyoutprice\",\"itemtype\",\"itemcondition\",\"moddata\",\"itemdata\",\"originalsource\",\"status\",\"createdAt\",\"updatedAt\") VALUES (DEFAULT,$1,$2,$3,$4,$5,$6,$7,$8,$9,$10,$11,$12,$13,$14,$15) RETURNING \"itemid\",\"sellerid\",\"itemname\",\"itemdesc\",\"itemprice\",\"lastbid\",\"sellername\",\"buyername\",\"buyerid\",\"buyerUsername\",\"buyoutprice\",\"itemtype\",\"itemcondition\",\"moddata\",\"itemdata\",\"originalsource\",\"status\",\"discordMessageId\",\"createdAt\",\"updatedAt\";","stack":"Error\n    at Query.run (C:\\Users\\Michael\\Zomboid\\Workshop\\ZonaNyamanBotZ\\zomboid-discord-rcon\\node_modules\\sequelize\\lib\\dialects\\postgres\\query.js:50:25)\n    at C:\\Users\\Michael\\Zomboid\\Workshop\\ZonaNyamanBotZ\\zomboid-discord-rcon\\node_modules\\sequelize\\lib\\sequelize.js:315:28\n    at process.processTicksAndRejections (node:internal/process/task_queues:95:5)\n    at async PostgresQueryInterface.insert (C:\\Users\\Michael\\Zomboid\\Workshop\\ZonaNyamanBotZ\\zomboid-discord-rcon\\node_modules\\sequelize\\lib\\dialects\\abstract\\query-interface.js:308:21)\n    at async model.save (C:\\Users\\Michael\\Zomboid\\Workshop\\ZonaNyamanBotZ\\zomboid-discord-rcon\\node_modules\\sequelize\\lib\\model.js:2490:35)\n    at async PlayerAuction.create (C:\\Users\\Michael\\Zomboid\\Workshop\\ZonaNyamanBotZ\\zomboid-discord-rcon\\node_modules\\sequelize\\lib\\model.js:1362:12)\n    at async AuctionLogMonitor.handleCreateAuction (file:///C:/Users/Michael/Zomboid/Workshop/ZonaNyamanBotZ/zomboid-discord-rcon/src/services/auctionLogMonitor.js:223:23)\n    at async AuctionLogMonitor.processAuctionEntry (file:///C:/Users/Michael/Zomboid/Workshop/ZonaNyamanBotZ/zomboid-discord-rcon/src/services/auctionLogMonitor.js:121:11)\n    at async AuctionLogMonitor.scanAndProcessAuctions (file:///C:/Users/Michael/Zomboid/Workshop/ZonaNyamanBotZ/zomboid-discord-rcon/src/services/auctionLogMonitor.js:80:22)\n    at async Timeout._onTimeout (file:///C:/Users/Michael/Zomboid/Workshop/ZonaNyamanBotZ/zomboid-discord-rcon/src/services/auctionLogMonitor.js:36:7)","timestamp":"2025-09-16T03:53:40.986Z"}
{"level":"error","message":"[AuctionLogMonitor] Failed entry data:","timestamp":"2025-09-16T03:53:40.987Z"}
{"level":"warn","message":"[AuctionLogMonitor] Some entries failed; auction log preserved for retry.","timestamp":"2025-09-16T03:53:40.988Z"}
{"level":"info","message":"[AuctionLogMonitor] Found 1 new auction entries","timestamp":"2025-09-16T03:54:10.684Z"}
{"level":"info","message":"[AuctionLogMonitor] Processing CREATE_AUCTION at 2025-09-16T03:52:24Z","timestamp":"2025-09-16T03:54:10.685Z"}
{"level":"error","message":"[AuctionLogMonitor] Error handling CREATE_AUCTION: column \"discordMessageId\" does not exist","name":"SequelizeDatabaseError","original":{"code":"42703","file":"parse_relation.c","length":117,"line":"3665","name":"error","parameters":["319","Heart of the Red Zone","Type: RMWeapons.HeartOfRedZone | Condition: 10.0% | Buyout: 7000 | Duration: 24h | Server: pzserver",5000,5000,"tester2",7000,"RMWeapons.HeartOfRedZone",0.1,"{}","{\"itemType\":\"RMWeapons.HeartOfRedZone\",\"itemID\":\"128824121\",\"itemName\":\"Heart of the Red Zone\",\"customName\":\"Heart of the Red Zone\",\"condition\":10,\"weight\":0.699999988079071,\"category\":\"Item\",\"description\":\"\",\"tooltip\":\"\\\"(Tier Legend)The pulsating heart of the Red Zone and radiating raw power.\\\"\",\"hasDamageBoost\":false,\"enchantMaxDamage\":0,\"enchantMinDamage\":0,\"originalMaxDamage\":0,\"originalMinDamage\":0}","{\"action\":\"CREATE_AUCTION\",\"timestamp\":\"2025-09-16T03:52:24Z\",\"unixTime\":1757994744.071,\"data\":{\"sellerUsername\":\"admin\",\"sellerSteamID\":76561198139202300,\"itemType\":\"RMWeapons.HeartOfRedZone\",\"itemName\":\"Heart of the Red Zone\",\"itemID\":\"128824121\",\"condition\":10,\"weight\":0.699999988079071,\"category\":\"Item\",\"customName\":\"Heart of the Red Zone\",\"tooltip\":\"\\\"(Tier Legend)The pulsating heart of the Red Zone and radiating raw power.\\\"\",\"startingPrice\":5000,\"buyoutPrice\":7000,\"currentBid\":5000,\"duration\":24,\"timestamp\":1757994741.8470001,\"description\":\"\",\"isActive\":true,\"serverName\":\"pzserver\",\"modData\":{},\"enchantMinDamage\":0,\"enchantMaxDamage\":0,\"originalMinDamage\":0,\"originalMaxDamage\":0,\"hasDamageBoost\":false}}","active","2025-09-16 03:54:10.914 +00:00","2025-09-16 03:54:10.914 +00:00"],"position":"503","routine":"errorMissingColumn","severity":"ERROR","sql":"INSERT INTO \"player_auctions\" (\"itemid\",\"sellerid\",\"itemname\",\"itemdesc\",\"itemprice\",\"lastbid\",\"sellername\",\"buyoutprice\",\"itemtype\",\"itemcondition\",\"moddata\",\"itemdata\",\"originalsource\",\"status\",\"createdAt\",\"updatedAt\") VALUES (DEFAULT,$1,$2,$3,$4,$5,$6,$7,$8,$9,$10,$11,$12,$13,$14,$15) RETURNING \"itemid\",\"sellerid\",\"itemname\",\"itemdesc\",\"itemprice\",\"lastbid\",\"sellername\",\"buyername\",\"buyerid\",\"buyerUsername\",\"buyoutprice\",\"itemtype\",\"itemcondition\",\"moddata\",\"itemdata\",\"originalsource\",\"status\",\"discordMessageId\",\"createdAt\",\"updatedAt\";"},"parameters":["319","Heart of the Red Zone","Type: RMWeapons.HeartOfRedZone | Condition: 10.0% | Buyout: 7000 | Duration: 24h | Server: pzserver",5000,5000,"tester2",7000,"RMWeapons.HeartOfRedZone",0.1,"{}","{\"itemType\":\"RMWeapons.HeartOfRedZone\",\"itemID\":\"128824121\",\"itemName\":\"Heart of the Red Zone\",\"customName\":\"Heart of the Red Zone\",\"condition\":10,\"weight\":0.699999988079071,\"category\":\"Item\",\"description\":\"\",\"tooltip\":\"\\\"(Tier Legend)The pulsating heart of the Red Zone and radiating raw power.\\\"\",\"hasDamageBoost\":false,\"enchantMaxDamage\":0,\"enchantMinDamage\":0,\"originalMaxDamage\":0,\"originalMinDamage\":0}","{\"action\":\"CREATE_AUCTION\",\"timestamp\":\"2025-09-16T03:52:24Z\",\"unixTime\":1757994744.071,\"data\":{\"sellerUsername\":\"admin\",\"sellerSteamID\":76561198139202300,\"itemType\":\"RMWeapons.HeartOfRedZone\",\"itemName\":\"Heart of the Red Zone\",\"itemID\":\"128824121\",\"condition\":10,\"weight\":0.699999988079071,\"category\":\"Item\",\"customName\":\"Heart of the Red Zone\",\"tooltip\":\"\\\"(Tier Legend)The pulsating heart of the Red Zone and radiating raw power.\\\"\",\"startingPrice\":5000,\"buyoutPrice\":7000,\"currentBid\":5000,\"duration\":24,\"timestamp\":1757994741.8470001,\"description\":\"\",\"isActive\":true,\"serverName\":\"pzserver\",\"modData\":{},\"enchantMinDamage\":0,\"enchantMaxDamage\":0,\"originalMinDamage\":0,\"originalMaxDamage\":0,\"hasDamageBoost\":false}}","active","2025-09-16 03:54:10.914 +00:00","2025-09-16 03:54:10.914 +00:00"],"parent":{"code":"42703","file":"parse_relation.c","length":117,"line":"3665","name":"error","parameters":["319","Heart of the Red Zone","Type: RMWeapons.HeartOfRedZone | Condition: 10.0% | Buyout: 7000 | Duration: 24h | Server: pzserver",5000,5000,"tester2",7000,"RMWeapons.HeartOfRedZone",0.1,"{}","{\"itemType\":\"RMWeapons.HeartOfRedZone\",\"itemID\":\"128824121\",\"itemName\":\"Heart of the Red Zone\",\"customName\":\"Heart of the Red Zone\",\"condition\":10,\"weight\":0.699999988079071,\"category\":\"Item\",\"description\":\"\",\"tooltip\":\"\\\"(Tier Legend)The pulsating heart of the Red Zone and radiating raw power.\\\"\",\"hasDamageBoost\":false,\"enchantMaxDamage\":0,\"enchantMinDamage\":0,\"originalMaxDamage\":0,\"originalMinDamage\":0}","{\"action\":\"CREATE_AUCTION\",\"timestamp\":\"2025-09-16T03:52:24Z\",\"unixTime\":1757994744.071,\"data\":{\"sellerUsername\":\"admin\",\"sellerSteamID\":76561198139202300,\"itemType\":\"RMWeapons.HeartOfRedZone\",\"itemName\":\"Heart of the Red Zone\",\"itemID\":\"128824121\",\"condition\":10,\"weight\":0.699999988079071,\"category\":\"Item\",\"customName\":\"Heart of the Red Zone\",\"tooltip\":\"\\\"(Tier Legend)The pulsating heart of the Red Zone and radiating raw power.\\\"\",\"startingPrice\":5000,\"buyoutPrice\":7000,\"currentBid\":5000,\"duration\":24,\"timestamp\":1757994741.8470001,\"description\":\"\",\"isActive\":true,\"serverName\":\"pzserver\",\"modData\":{},\"enchantMinDamage\":0,\"enchantMaxDamage\":0,\"originalMinDamage\":0,\"originalMaxDamage\":0,\"hasDamageBoost\":false}}","active","2025-09-16 03:54:10.914 +00:00","2025-09-16 03:54:10.914 +00:00"],"position":"503","routine":"errorMissingColumn","severity":"ERROR","sql":"INSERT INTO \"player_auctions\" (\"itemid\",\"sellerid\",\"itemname\",\"itemdesc\",\"itemprice\",\"lastbid\",\"sellername\",\"buyoutprice\",\"itemtype\",\"itemcondition\",\"moddata\",\"itemdata\",\"originalsource\",\"status\",\"createdAt\",\"updatedAt\") VALUES (DEFAULT,$1,$2,$3,$4,$5,$6,$7,$8,$9,$10,$11,$12,$13,$14,$15) RETURNING \"itemid\",\"sellerid\",\"itemname\",\"itemdesc\",\"itemprice\",\"lastbid\",\"sellername\",\"buyername\",\"buyerid\",\"buyerUsername\",\"buyoutprice\",\"itemtype\",\"itemcondition\",\"moddata\",\"itemdata\",\"originalsource\",\"status\",\"discordMessageId\",\"createdAt\",\"updatedAt\";"},"sql":"INSERT INTO \"player_auctions\" (\"itemid\",\"sellerid\",\"itemname\",\"itemdesc\",\"itemprice\",\"lastbid\",\"sellername\",\"buyoutprice\",\"itemtype\",\"itemcondition\",\"moddata\",\"itemdata\",\"originalsource\",\"status\",\"createdAt\",\"updatedAt\") VALUES (DEFAULT,$1,$2,$3,$4,$5,$6,$7,$8,$9,$10,$11,$12,$13,$14,$15) RETURNING \"itemid\",\"sellerid\",\"itemname\",\"itemdesc\",\"itemprice\",\"lastbid\",\"sellername\",\"buyername\",\"buyerid\",\"buyerUsername\",\"buyoutprice\",\"itemtype\",\"itemcondition\",\"moddata\",\"itemdata\",\"originalsource\",\"status\",\"discordMessageId\",\"createdAt\",\"updatedAt\";","stack":"Error\n    at Query.run (C:\\Users\\Michael\\Zomboid\\Workshop\\ZonaNyamanBotZ\\zomboid-discord-rcon\\node_modules\\sequelize\\lib\\dialects\\postgres\\query.js:50:25)\n    at C:\\Users\\Michael\\Zomboid\\Workshop\\ZonaNyamanBotZ\\zomboid-discord-rcon\\node_modules\\sequelize\\lib\\sequelize.js:315:28\n    at process.processTicksAndRejections (node:internal/process/task_queues:95:5)\n    at async PostgresQueryInterface.insert (C:\\Users\\Michael\\Zomboid\\Workshop\\ZonaNyamanBotZ\\zomboid-discord-rcon\\node_modules\\sequelize\\lib\\dialects\\abstract\\query-interface.js:308:21)\n    at async model.save (C:\\Users\\Michael\\Zomboid\\Workshop\\ZonaNyamanBotZ\\zomboid-discord-rcon\\node_modules\\sequelize\\lib\\model.js:2490:35)\n    at async PlayerAuction.create (C:\\Users\\Michael\\Zomboid\\Workshop\\ZonaNyamanBotZ\\zomboid-discord-rcon\\node_modules\\sequelize\\lib\\model.js:1362:12)\n    at async AuctionLogMonitor.handleCreateAuction (file:///C:/Users/Michael/Zomboid/Workshop/ZonaNyamanBotZ/zomboid-discord-rcon/src/services/auctionLogMonitor.js:223:23)\n    at async AuctionLogMonitor.processAuctionEntry (file:///C:/Users/Michael/Zomboid/Workshop/ZonaNyamanBotZ/zomboid-discord-rcon/src/services/auctionLogMonitor.js:121:11)\n    at async AuctionLogMonitor.scanAndProcessAuctions (file:///C:/Users/Michael/Zomboid/Workshop/ZonaNyamanBotZ/zomboid-discord-rcon/src/services/auctionLogMonitor.js:80:22)\n    at async Timeout._onTimeout (file:///C:/Users/Michael/Zomboid/Workshop/ZonaNyamanBotZ/zomboid-discord-rcon/src/services/auctionLogMonitor.js:36:7)","timestamp":"2025-09-16T03:54:10.942Z"}
{"level":"error","message":"[AuctionLogMonitor] Error processing auction entry: column \"discordMessageId\" does not exist","name":"SequelizeDatabaseError","original":{"code":"42703","file":"parse_relation.c","length":117,"line":"3665","name":"error","parameters":["319","Heart of the Red Zone","Type: RMWeapons.HeartOfRedZone | Condition: 10.0% | Buyout: 7000 | Duration: 24h | Server: pzserver",5000,5000,"tester2",7000,"RMWeapons.HeartOfRedZone",0.1,"{}","{\"itemType\":\"RMWeapons.HeartOfRedZone\",\"itemID\":\"128824121\",\"itemName\":\"Heart of the Red Zone\",\"customName\":\"Heart of the Red Zone\",\"condition\":10,\"weight\":0.699999988079071,\"category\":\"Item\",\"description\":\"\",\"tooltip\":\"\\\"(Tier Legend)The pulsating heart of the Red Zone and radiating raw power.\\\"\",\"hasDamageBoost\":false,\"enchantMaxDamage\":0,\"enchantMinDamage\":0,\"originalMaxDamage\":0,\"originalMinDamage\":0}","{\"action\":\"CREATE_AUCTION\",\"timestamp\":\"2025-09-16T03:52:24Z\",\"unixTime\":1757994744.071,\"data\":{\"sellerUsername\":\"admin\",\"sellerSteamID\":76561198139202300,\"itemType\":\"RMWeapons.HeartOfRedZone\",\"itemName\":\"Heart of the Red Zone\",\"itemID\":\"128824121\",\"condition\":10,\"weight\":0.699999988079071,\"category\":\"Item\",\"customName\":\"Heart of the Red Zone\",\"tooltip\":\"\\\"(Tier Legend)The pulsating heart of the Red Zone and radiating raw power.\\\"\",\"startingPrice\":5000,\"buyoutPrice\":7000,\"currentBid\":5000,\"duration\":24,\"timestamp\":1757994741.8470001,\"description\":\"\",\"isActive\":true,\"serverName\":\"pzserver\",\"modData\":{},\"enchantMinDamage\":0,\"enchantMaxDamage\":0,\"originalMinDamage\":0,\"originalMaxDamage\":0,\"hasDamageBoost\":false}}","active","2025-09-16 03:54:10.914 +00:00","2025-09-16 03:54:10.914 +00:00"],"position":"503","routine":"errorMissingColumn","severity":"ERROR","sql":"INSERT INTO \"player_auctions\" (\"itemid\",\"sellerid\",\"itemname\",\"itemdesc\",\"itemprice\",\"lastbid\",\"sellername\",\"buyoutprice\",\"itemtype\",\"itemcondition\",\"moddata\",\"itemdata\",\"originalsource\",\"status\",\"createdAt\",\"updatedAt\") VALUES (DEFAULT,$1,$2,$3,$4,$5,$6,$7,$8,$9,$10,$11,$12,$13,$14,$15) RETURNING \"itemid\",\"sellerid\",\"itemname\",\"itemdesc\",\"itemprice\",\"lastbid\",\"sellername\",\"buyername\",\"buyerid\",\"buyerUsername\",\"buyoutprice\",\"itemtype\",\"itemcondition\",\"moddata\",\"itemdata\",\"originalsource\",\"status\",\"discordMessageId\",\"createdAt\",\"updatedAt\";"},"parameters":["319","Heart of the Red Zone","Type: RMWeapons.HeartOfRedZone | Condition: 10.0% | Buyout: 7000 | Duration: 24h | Server: pzserver",5000,5000,"tester2",7000,"RMWeapons.HeartOfRedZone",0.1,"{}","{\"itemType\":\"RMWeapons.HeartOfRedZone\",\"itemID\":\"128824121\",\"itemName\":\"Heart of the Red Zone\",\"customName\":\"Heart of the Red Zone\",\"condition\":10,\"weight\":0.699999988079071,\"category\":\"Item\",\"description\":\"\",\"tooltip\":\"\\\"(Tier Legend)The pulsating heart of the Red Zone and radiating raw power.\\\"\",\"hasDamageBoost\":false,\"enchantMaxDamage\":0,\"enchantMinDamage\":0,\"originalMaxDamage\":0,\"originalMinDamage\":0}","{\"action\":\"CREATE_AUCTION\",\"timestamp\":\"2025-09-16T03:52:24Z\",\"unixTime\":1757994744.071,\"data\":{\"sellerUsername\":\"admin\",\"sellerSteamID\":76561198139202300,\"itemType\":\"RMWeapons.HeartOfRedZone\",\"itemName\":\"Heart of the Red Zone\",\"itemID\":\"128824121\",\"condition\":10,\"weight\":0.699999988079071,\"category\":\"Item\",\"customName\":\"Heart of the Red Zone\",\"tooltip\":\"\\\"(Tier Legend)The pulsating heart of the Red Zone and radiating raw power.\\\"\",\"startingPrice\":5000,\"buyoutPrice\":7000,\"currentBid\":5000,\"duration\":24,\"timestamp\":1757994741.8470001,\"description\":\"\",\"isActive\":true,\"serverName\":\"pzserver\",\"modData\":{},\"enchantMinDamage\":0,\"enchantMaxDamage\":0,\"originalMinDamage\":0,\"originalMaxDamage\":0,\"hasDamageBoost\":false}}","active","2025-09-16 03:54:10.914 +00:00","2025-09-16 03:54:10.914 +00:00"],"parent":{"code":"42703","file":"parse_relation.c","length":117,"line":"3665","name":"error","parameters":["319","Heart of the Red Zone","Type: RMWeapons.HeartOfRedZone | Condition: 10.0% | Buyout: 7000 | Duration: 24h | Server: pzserver",5000,5000,"tester2",7000,"RMWeapons.HeartOfRedZone",0.1,"{}","{\"itemType\":\"RMWeapons.HeartOfRedZone\",\"itemID\":\"128824121\",\"itemName\":\"Heart of the Red Zone\",\"customName\":\"Heart of the Red Zone\",\"condition\":10,\"weight\":0.699999988079071,\"category\":\"Item\",\"description\":\"\",\"tooltip\":\"\\\"(Tier Legend)The pulsating heart of the Red Zone and radiating raw power.\\\"\",\"hasDamageBoost\":false,\"enchantMaxDamage\":0,\"enchantMinDamage\":0,\"originalMaxDamage\":0,\"originalMinDamage\":0}","{\"action\":\"CREATE_AUCTION\",\"timestamp\":\"2025-09-16T03:52:24Z\",\"unixTime\":1757994744.071,\"data\":{\"sellerUsername\":\"admin\",\"sellerSteamID\":76561198139202300,\"itemType\":\"RMWeapons.HeartOfRedZone\",\"itemName\":\"Heart of the Red Zone\",\"itemID\":\"128824121\",\"condition\":10,\"weight\":0.699999988079071,\"category\":\"Item\",\"customName\":\"Heart of the Red Zone\",\"tooltip\":\"\\\"(Tier Legend)The pulsating heart of the Red Zone and radiating raw power.\\\"\",\"startingPrice\":5000,\"buyoutPrice\":7000,\"currentBid\":5000,\"duration\":24,\"timestamp\":1757994741.8470001,\"description\":\"\",\"isActive\":true,\"serverName\":\"pzserver\",\"modData\":{},\"enchantMinDamage\":0,\"enchantMaxDamage\":0,\"originalMinDamage\":0,\"originalMaxDamage\":0,\"hasDamageBoost\":false}}","active","2025-09-16 03:54:10.914 +00:00","2025-09-16 03:54:10.914 +00:00"],"position":"503","routine":"errorMissingColumn","severity":"ERROR","sql":"INSERT INTO \"player_auctions\" (\"itemid\",\"sellerid\",\"itemname\",\"itemdesc\",\"itemprice\",\"lastbid\",\"sellername\",\"buyoutprice\",\"itemtype\",\"itemcondition\",\"moddata\",\"itemdata\",\"originalsource\",\"status\",\"createdAt\",\"updatedAt\") VALUES (DEFAULT,$1,$2,$3,$4,$5,$6,$7,$8,$9,$10,$11,$12,$13,$14,$15) RETURNING \"itemid\",\"sellerid\",\"itemname\",\"itemdesc\",\"itemprice\",\"lastbid\",\"sellername\",\"buyername\",\"buyerid\",\"buyerUsername\",\"buyoutprice\",\"itemtype\",\"itemcondition\",\"moddata\",\"itemdata\",\"originalsource\",\"status\",\"discordMessageId\",\"createdAt\",\"updatedAt\";"},"sql":"INSERT INTO \"player_auctions\" (\"itemid\",\"sellerid\",\"itemname\",\"itemdesc\",\"itemprice\",\"lastbid\",\"sellername\",\"buyoutprice\",\"itemtype\",\"itemcondition\",\"moddata\",\"itemdata\",\"originalsource\",\"status\",\"createdAt\",\"updatedAt\") VALUES (DEFAULT,$1,$2,$3,$4,$5,$6,$7,$8,$9,$10,$11,$12,$13,$14,$15) RETURNING \"itemid\",\"sellerid\",\"itemname\",\"itemdesc\",\"itemprice\",\"lastbid\",\"sellername\",\"buyername\",\"buyerid\",\"buyerUsername\",\"buyoutprice\",\"itemtype\",\"itemcondition\",\"moddata\",\"itemdata\",\"originalsource\",\"status\",\"discordMessageId\",\"createdAt\",\"updatedAt\";","stack":"Error\n    at Query.run (C:\\Users\\Michael\\Zomboid\\Workshop\\ZonaNyamanBotZ\\zomboid-discord-rcon\\node_modules\\sequelize\\lib\\dialects\\postgres\\query.js:50:25)\n    at C:\\Users\\Michael\\Zomboid\\Workshop\\ZonaNyamanBotZ\\zomboid-discord-rcon\\node_modules\\sequelize\\lib\\sequelize.js:315:28\n    at process.processTicksAndRejections (node:internal/process/task_queues:95:5)\n    at async PostgresQueryInterface.insert (C:\\Users\\Michael\\Zomboid\\Workshop\\ZonaNyamanBotZ\\zomboid-discord-rcon\\node_modules\\sequelize\\lib\\dialects\\abstract\\query-interface.js:308:21)\n    at async model.save (C:\\Users\\Michael\\Zomboid\\Workshop\\ZonaNyamanBotZ\\zomboid-discord-rcon\\node_modules\\sequelize\\lib\\model.js:2490:35)\n    at async PlayerAuction.create (C:\\Users\\Michael\\Zomboid\\Workshop\\ZonaNyamanBotZ\\zomboid-discord-rcon\\node_modules\\sequelize\\lib\\model.js:1362:12)\n    at async AuctionLogMonitor.handleCreateAuction (file:///C:/Users/Michael/Zomboid/Workshop/ZonaNyamanBotZ/zomboid-discord-rcon/src/services/auctionLogMonitor.js:223:23)\n    at async AuctionLogMonitor.processAuctionEntry (file:///C:/Users/Michael/Zomboid/Workshop/ZonaNyamanBotZ/zomboid-discord-rcon/src/services/auctionLogMonitor.js:121:11)\n    at async AuctionLogMonitor.scanAndProcessAuctions (file:///C:/Users/Michael/Zomboid/Workshop/ZonaNyamanBotZ/zomboid-discord-rcon/src/services/auctionLogMonitor.js:80:22)\n    at async Timeout._onTimeout (file:///C:/Users/Michael/Zomboid/Workshop/ZonaNyamanBotZ/zomboid-discord-rcon/src/services/auctionLogMonitor.js:36:7)","timestamp":"2025-09-16T03:54:10.943Z"}
{"level":"error","message":"[AuctionLogMonitor] Failed entry data:","timestamp":"2025-09-16T03:54:10.943Z"}
{"level":"warn","message":"[AuctionLogMonitor] Some entries failed; auction log preserved for retry.","timestamp":"2025-09-16T03:54:10.943Z"}
{"level":"info","message":"[AuctionLogMonitor] Found 1 new auction entries","timestamp":"2025-09-16T03:54:40.752Z"}
{"level":"info","message":"[AuctionLogMonitor] Processing CREATE_AUCTION at 2025-09-16T03:52:24Z","timestamp":"2025-09-16T03:54:40.752Z"}
{"level":"error","message":"[AuctionLogMonitor] Error handling CREATE_AUCTION: column \"discordMessageId\" does not exist","name":"SequelizeDatabaseError","original":{"code":"42703","file":"parse_relation.c","length":117,"line":"3665","name":"error","parameters":["319","Heart of the Red Zone","Type: RMWeapons.HeartOfRedZone | Condition: 10.0% | Buyout: 7000 | Duration: 24h | Server: pzserver",5000,5000,"tester2",7000,"RMWeapons.HeartOfRedZone",0.1,"{}","{\"itemType\":\"RMWeapons.HeartOfRedZone\",\"itemID\":\"128824121\",\"itemName\":\"Heart of the Red Zone\",\"customName\":\"Heart of the Red Zone\",\"condition\":10,\"weight\":0.699999988079071,\"category\":\"Item\",\"description\":\"\",\"tooltip\":\"\\\"(Tier Legend)The pulsating heart of the Red Zone and radiating raw power.\\\"\",\"hasDamageBoost\":false,\"enchantMaxDamage\":0,\"enchantMinDamage\":0,\"originalMaxDamage\":0,\"originalMinDamage\":0}","{\"action\":\"CREATE_AUCTION\",\"timestamp\":\"2025-09-16T03:52:24Z\",\"unixTime\":1757994744.071,\"data\":{\"sellerUsername\":\"admin\",\"sellerSteamID\":76561198139202300,\"itemType\":\"RMWeapons.HeartOfRedZone\",\"itemName\":\"Heart of the Red Zone\",\"itemID\":\"128824121\",\"condition\":10,\"weight\":0.699999988079071,\"category\":\"Item\",\"customName\":\"Heart of the Red Zone\",\"tooltip\":\"\\\"(Tier Legend)The pulsating heart of the Red Zone and radiating raw power.\\\"\",\"startingPrice\":5000,\"buyoutPrice\":7000,\"currentBid\":5000,\"duration\":24,\"timestamp\":1757994741.8470001,\"description\":\"\",\"isActive\":true,\"serverName\":\"pzserver\",\"modData\":{},\"enchantMinDamage\":0,\"enchantMaxDamage\":0,\"originalMinDamage\":0,\"originalMaxDamage\":0,\"hasDamageBoost\":false}}","active","2025-09-16 03:54:40.950 +00:00","2025-09-16 03:54:40.950 +00:00"],"position":"503","routine":"errorMissingColumn","severity":"ERROR","sql":"INSERT INTO \"player_auctions\" (\"itemid\",\"sellerid\",\"itemname\",\"itemdesc\",\"itemprice\",\"lastbid\",\"sellername\",\"buyoutprice\",\"itemtype\",\"itemcondition\",\"moddata\",\"itemdata\",\"originalsource\",\"status\",\"createdAt\",\"updatedAt\") VALUES (DEFAULT,$1,$2,$3,$4,$5,$6,$7,$8,$9,$10,$11,$12,$13,$14,$15) RETURNING \"itemid\",\"sellerid\",\"itemname\",\"itemdesc\",\"itemprice\",\"lastbid\",\"sellername\",\"buyername\",\"buyerid\",\"buyerUsername\",\"buyoutprice\",\"itemtype\",\"itemcondition\",\"moddata\",\"itemdata\",\"originalsource\",\"status\",\"discordMessageId\",\"createdAt\",\"updatedAt\";"},"parameters":["319","Heart of the Red Zone","Type: RMWeapons.HeartOfRedZone | Condition: 10.0% | Buyout: 7000 | Duration: 24h | Server: pzserver",5000,5000,"tester2",7000,"RMWeapons.HeartOfRedZone",0.1,"{}","{\"itemType\":\"RMWeapons.HeartOfRedZone\",\"itemID\":\"128824121\",\"itemName\":\"Heart of the Red Zone\",\"customName\":\"Heart of the Red Zone\",\"condition\":10,\"weight\":0.699999988079071,\"category\":\"Item\",\"description\":\"\",\"tooltip\":\"\\\"(Tier Legend)The pulsating heart of the Red Zone and radiating raw power.\\\"\",\"hasDamageBoost\":false,\"enchantMaxDamage\":0,\"enchantMinDamage\":0,\"originalMaxDamage\":0,\"originalMinDamage\":0}","{\"action\":\"CREATE_AUCTION\",\"timestamp\":\"2025-09-16T03:52:24Z\",\"unixTime\":1757994744.071,\"data\":{\"sellerUsername\":\"admin\",\"sellerSteamID\":76561198139202300,\"itemType\":\"RMWeapons.HeartOfRedZone\",\"itemName\":\"Heart of the Red Zone\",\"itemID\":\"128824121\",\"condition\":10,\"weight\":0.699999988079071,\"category\":\"Item\",\"customName\":\"Heart of the Red Zone\",\"tooltip\":\"\\\"(Tier Legend)The pulsating heart of the Red Zone and radiating raw power.\\\"\",\"startingPrice\":5000,\"buyoutPrice\":7000,\"currentBid\":5000,\"duration\":24,\"timestamp\":1757994741.8470001,\"description\":\"\",\"isActive\":true,\"serverName\":\"pzserver\",\"modData\":{},\"enchantMinDamage\":0,\"enchantMaxDamage\":0,\"originalMinDamage\":0,\"originalMaxDamage\":0,\"hasDamageBoost\":false}}","active","2025-09-16 03:54:40.950 +00:00","2025-09-16 03:54:40.950 +00:00"],"parent":{"code":"42703","file":"parse_relation.c","length":117,"line":"3665","name":"error","parameters":["319","Heart of the Red Zone","Type: RMWeapons.HeartOfRedZone | Condition: 10.0% | Buyout: 7000 | Duration: 24h | Server: pzserver",5000,5000,"tester2",7000,"RMWeapons.HeartOfRedZone",0.1,"{}","{\"itemType\":\"RMWeapons.HeartOfRedZone\",\"itemID\":\"128824121\",\"itemName\":\"Heart of the Red Zone\",\"customName\":\"Heart of the Red Zone\",\"condition\":10,\"weight\":0.699999988079071,\"category\":\"Item\",\"description\":\"\",\"tooltip\":\"\\\"(Tier Legend)The pulsating heart of the Red Zone and radiating raw power.\\\"\",\"hasDamageBoost\":false,\"enchantMaxDamage\":0,\"enchantMinDamage\":0,\"originalMaxDamage\":0,\"originalMinDamage\":0}","{\"action\":\"CREATE_AUCTION\",\"timestamp\":\"2025-09-16T03:52:24Z\",\"unixTime\":1757994744.071,\"data\":{\"sellerUsername\":\"admin\",\"sellerSteamID\":76561198139202300,\"itemType\":\"RMWeapons.HeartOfRedZone\",\"itemName\":\"Heart of the Red Zone\",\"itemID\":\"128824121\",\"condition\":10,\"weight\":0.699999988079071,\"category\":\"Item\",\"customName\":\"Heart of the Red Zone\",\"tooltip\":\"\\\"(Tier Legend)The pulsating heart of the Red Zone and radiating raw power.\\\"\",\"startingPrice\":5000,\"buyoutPrice\":7000,\"currentBid\":5000,\"duration\":24,\"timestamp\":1757994741.8470001,\"description\":\"\",\"isActive\":true,\"serverName\":\"pzserver\",\"modData\":{},\"enchantMinDamage\":0,\"enchantMaxDamage\":0,\"originalMinDamage\":0,\"originalMaxDamage\":0,\"hasDamageBoost\":false}}","active","2025-09-16 03:54:40.950 +00:00","2025-09-16 03:54:40.950 +00:00"],"position":"503","routine":"errorMissingColumn","severity":"ERROR","sql":"INSERT INTO \"player_auctions\" (\"itemid\",\"sellerid\",\"itemname\",\"itemdesc\",\"itemprice\",\"lastbid\",\"sellername\",\"buyoutprice\",\"itemtype\",\"itemcondition\",\"moddata\",\"itemdata\",\"originalsource\",\"status\",\"createdAt\",\"updatedAt\") VALUES (DEFAULT,$1,$2,$3,$4,$5,$6,$7,$8,$9,$10,$11,$12,$13,$14,$15) RETURNING \"itemid\",\"sellerid\",\"itemname\",\"itemdesc\",\"itemprice\",\"lastbid\",\"sellername\",\"buyername\",\"buyerid\",\"buyerUsername\",\"buyoutprice\",\"itemtype\",\"itemcondition\",\"moddata\",\"itemdata\",\"originalsource\",\"status\",\"discordMessageId\",\"createdAt\",\"updatedAt\";"},"sql":"INSERT INTO \"player_auctions\" (\"itemid\",\"sellerid\",\"itemname\",\"itemdesc\",\"itemprice\",\"lastbid\",\"sellername\",\"buyoutprice\",\"itemtype\",\"itemcondition\",\"moddata\",\"itemdata\",\"originalsource\",\"status\",\"createdAt\",\"updatedAt\") VALUES (DEFAULT,$1,$2,$3,$4,$5,$6,$7,$8,$9,$10,$11,$12,$13,$14,$15) RETURNING \"itemid\",\"sellerid\",\"itemname\",\"itemdesc\",\"itemprice\",\"lastbid\",\"sellername\",\"buyername\",\"buyerid\",\"buyerUsername\",\"buyoutprice\",\"itemtype\",\"itemcondition\",\"moddata\",\"itemdata\",\"originalsource\",\"status\",\"discordMessageId\",\"createdAt\",\"updatedAt\";","stack":"Error\n    at Query.run (C:\\Users\\Michael\\Zomboid\\Workshop\\ZonaNyamanBotZ\\zomboid-discord-rcon\\node_modules\\sequelize\\lib\\dialects\\postgres\\query.js:50:25)\n    at C:\\Users\\Michael\\Zomboid\\Workshop\\ZonaNyamanBotZ\\zomboid-discord-rcon\\node_modules\\sequelize\\lib\\sequelize.js:315:28\n    at process.processTicksAndRejections (node:internal/process/task_queues:95:5)\n    at async PostgresQueryInterface.insert (C:\\Users\\Michael\\Zomboid\\Workshop\\ZonaNyamanBotZ\\zomboid-discord-rcon\\node_modules\\sequelize\\lib\\dialects\\abstract\\query-interface.js:308:21)\n    at async model.save (C:\\Users\\Michael\\Zomboid\\Workshop\\ZonaNyamanBotZ\\zomboid-discord-rcon\\node_modules\\sequelize\\lib\\model.js:2490:35)\n    at async PlayerAuction.create (C:\\Users\\Michael\\Zomboid\\Workshop\\ZonaNyamanBotZ\\zomboid-discord-rcon\\node_modules\\sequelize\\lib\\model.js:1362:12)\n    at async AuctionLogMonitor.handleCreateAuction (file:///C:/Users/Michael/Zomboid/Workshop/ZonaNyamanBotZ/zomboid-discord-rcon/src/services/auctionLogMonitor.js:223:23)\n    at async AuctionLogMonitor.processAuctionEntry (file:///C:/Users/Michael/Zomboid/Workshop/ZonaNyamanBotZ/zomboid-discord-rcon/src/services/auctionLogMonitor.js:121:11)\n    at async AuctionLogMonitor.scanAndProcessAuctions (file:///C:/Users/Michael/Zomboid/Workshop/ZonaNyamanBotZ/zomboid-discord-rcon/src/services/auctionLogMonitor.js:80:22)\n    at async Timeout._onTimeout (file:///C:/Users/Michael/Zomboid/Workshop/ZonaNyamanBotZ/zomboid-discord-rcon/src/services/auctionLogMonitor.js:36:7)","timestamp":"2025-09-16T03:54:40.971Z"}
{"level":"error","message":"[AuctionLogMonitor] Error processing auction entry: column \"discordMessageId\" does not exist","name":"SequelizeDatabaseError","original":{"code":"42703","file":"parse_relation.c","length":117,"line":"3665","name":"error","parameters":["319","Heart of the Red Zone","Type: RMWeapons.HeartOfRedZone | Condition: 10.0% | Buyout: 7000 | Duration: 24h | Server: pzserver",5000,5000,"tester2",7000,"RMWeapons.HeartOfRedZone",0.1,"{}","{\"itemType\":\"RMWeapons.HeartOfRedZone\",\"itemID\":\"128824121\",\"itemName\":\"Heart of the Red Zone\",\"customName\":\"Heart of the Red Zone\",\"condition\":10,\"weight\":0.699999988079071,\"category\":\"Item\",\"description\":\"\",\"tooltip\":\"\\\"(Tier Legend)The pulsating heart of the Red Zone and radiating raw power.\\\"\",\"hasDamageBoost\":false,\"enchantMaxDamage\":0,\"enchantMinDamage\":0,\"originalMaxDamage\":0,\"originalMinDamage\":0}","{\"action\":\"CREATE_AUCTION\",\"timestamp\":\"2025-09-16T03:52:24Z\",\"unixTime\":1757994744.071,\"data\":{\"sellerUsername\":\"admin\",\"sellerSteamID\":76561198139202300,\"itemType\":\"RMWeapons.HeartOfRedZone\",\"itemName\":\"Heart of the Red Zone\",\"itemID\":\"128824121\",\"condition\":10,\"weight\":0.699999988079071,\"category\":\"Item\",\"customName\":\"Heart of the Red Zone\",\"tooltip\":\"\\\"(Tier Legend)The pulsating heart of the Red Zone and radiating raw power.\\\"\",\"startingPrice\":5000,\"buyoutPrice\":7000,\"currentBid\":5000,\"duration\":24,\"timestamp\":1757994741.8470001,\"description\":\"\",\"isActive\":true,\"serverName\":\"pzserver\",\"modData\":{},\"enchantMinDamage\":0,\"enchantMaxDamage\":0,\"originalMinDamage\":0,\"originalMaxDamage\":0,\"hasDamageBoost\":false}}","active","2025-09-16 03:54:40.950 +00:00","2025-09-16 03:54:40.950 +00:00"],"position":"503","routine":"errorMissingColumn","severity":"ERROR","sql":"INSERT INTO \"player_auctions\" (\"itemid\",\"sellerid\",\"itemname\",\"itemdesc\",\"itemprice\",\"lastbid\",\"sellername\",\"buyoutprice\",\"itemtype\",\"itemcondition\",\"moddata\",\"itemdata\",\"originalsource\",\"status\",\"createdAt\",\"updatedAt\") VALUES (DEFAULT,$1,$2,$3,$4,$5,$6,$7,$8,$9,$10,$11,$12,$13,$14,$15) RETURNING \"itemid\",\"sellerid\",\"itemname\",\"itemdesc\",\"itemprice\",\"lastbid\",\"sellername\",\"buyername\",\"buyerid\",\"buyerUsername\",\"buyoutprice\",\"itemtype\",\"itemcondition\",\"moddata\",\"itemdata\",\"originalsource\",\"status\",\"discordMessageId\",\"createdAt\",\"updatedAt\";"},"parameters":["319","Heart of the Red Zone","Type: RMWeapons.HeartOfRedZone | Condition: 10.0% | Buyout: 7000 | Duration: 24h | Server: pzserver",5000,5000,"tester2",7000,"RMWeapons.HeartOfRedZone",0.1,"{}","{\"itemType\":\"RMWeapons.HeartOfRedZone\",\"itemID\":\"128824121\",\"itemName\":\"Heart of the Red Zone\",\"customName\":\"Heart of the Red Zone\",\"condition\":10,\"weight\":0.699999988079071,\"category\":\"Item\",\"description\":\"\",\"tooltip\":\"\\\"(Tier Legend)The pulsating heart of the Red Zone and radiating raw power.\\\"\",\"hasDamageBoost\":false,\"enchantMaxDamage\":0,\"enchantMinDamage\":0,\"originalMaxDamage\":0,\"originalMinDamage\":0}","{\"action\":\"CREATE_AUCTION\",\"timestamp\":\"2025-09-16T03:52:24Z\",\"unixTime\":1757994744.071,\"data\":{\"sellerUsername\":\"admin\",\"sellerSteamID\":76561198139202300,\"itemType\":\"RMWeapons.HeartOfRedZone\",\"itemName\":\"Heart of the Red Zone\",\"itemID\":\"128824121\",\"condition\":10,\"weight\":0.699999988079071,\"category\":\"Item\",\"customName\":\"Heart of the Red Zone\",\"tooltip\":\"\\\"(Tier Legend)The pulsating heart of the Red Zone and radiating raw power.\\\"\",\"startingPrice\":5000,\"buyoutPrice\":7000,\"currentBid\":5000,\"duration\":24,\"timestamp\":1757994741.8470001,\"description\":\"\",\"isActive\":true,\"serverName\":\"pzserver\",\"modData\":{},\"enchantMinDamage\":0,\"enchantMaxDamage\":0,\"originalMinDamage\":0,\"originalMaxDamage\":0,\"hasDamageBoost\":false}}","active","2025-09-16 03:54:40.950 +00:00","2025-09-16 03:54:40.950 +00:00"],"parent":{"code":"42703","file":"parse_relation.c","length":117,"line":"3665","name":"error","parameters":["319","Heart of the Red Zone","Type: RMWeapons.HeartOfRedZone | Condition: 10.0% | Buyout: 7000 | Duration: 24h | Server: pzserver",5000,5000,"tester2",7000,"RMWeapons.HeartOfRedZone",0.1,"{}","{\"itemType\":\"RMWeapons.HeartOfRedZone\",\"itemID\":\"128824121\",\"itemName\":\"Heart of the Red Zone\",\"customName\":\"Heart of the Red Zone\",\"condition\":10,\"weight\":0.699999988079071,\"category\":\"Item\",\"description\":\"\",\"tooltip\":\"\\\"(Tier Legend)The pulsating heart of the Red Zone and radiating raw power.\\\"\",\"hasDamageBoost\":false,\"enchantMaxDamage\":0,\"enchantMinDamage\":0,\"originalMaxDamage\":0,\"originalMinDamage\":0}","{\"action\":\"CREATE_AUCTION\",\"timestamp\":\"2025-09-16T03:52:24Z\",\"unixTime\":1757994744.071,\"data\":{\"sellerUsername\":\"admin\",\"sellerSteamID\":76561198139202300,\"itemType\":\"RMWeapons.HeartOfRedZone\",\"itemName\":\"Heart of the Red Zone\",\"itemID\":\"128824121\",\"condition\":10,\"weight\":0.699999988079071,\"category\":\"Item\",\"customName\":\"Heart of the Red Zone\",\"tooltip\":\"\\\"(Tier Legend)The pulsating heart of the Red Zone and radiating raw power.\\\"\",\"startingPrice\":5000,\"buyoutPrice\":7000,\"currentBid\":5000,\"duration\":24,\"timestamp\":1757994741.8470001,\"description\":\"\",\"isActive\":true,\"serverName\":\"pzserver\",\"modData\":{},\"enchantMinDamage\":0,\"enchantMaxDamage\":0,\"originalMinDamage\":0,\"originalMaxDamage\":0,\"hasDamageBoost\":false}}","active","2025-09-16 03:54:40.950 +00:00","2025-09-16 03:54:40.950 +00:00"],"position":"503","routine":"errorMissingColumn","severity":"ERROR","sql":"INSERT INTO \"player_auctions\" (\"itemid\",\"sellerid\",\"itemname\",\"itemdesc\",\"itemprice\",\"lastbid\",\"sellername\",\"buyoutprice\",\"itemtype\",\"itemcondition\",\"moddata\",\"itemdata\",\"originalsource\",\"status\",\"createdAt\",\"updatedAt\") VALUES (DEFAULT,$1,$2,$3,$4,$5,$6,$7,$8,$9,$10,$11,$12,$13,$14,$15) RETURNING \"itemid\",\"sellerid\",\"itemname\",\"itemdesc\",\"itemprice\",\"lastbid\",\"sellername\",\"buyername\",\"buyerid\",\"buyerUsername\",\"buyoutprice\",\"itemtype\",\"itemcondition\",\"moddata\",\"itemdata\",\"originalsource\",\"status\",\"discordMessageId\",\"createdAt\",\"updatedAt\";"},"sql":"INSERT INTO \"player_auctions\" (\"itemid\",\"sellerid\",\"itemname\",\"itemdesc\",\"itemprice\",\"lastbid\",\"sellername\",\"buyoutprice\",\"itemtype\",\"itemcondition\",\"moddata\",\"itemdata\",\"originalsource\",\"status\",\"createdAt\",\"updatedAt\") VALUES (DEFAULT,$1,$2,$3,$4,$5,$6,$7,$8,$9,$10,$11,$12,$13,$14,$15) RETURNING \"itemid\",\"sellerid\",\"itemname\",\"itemdesc\",\"itemprice\",\"lastbid\",\"sellername\",\"buyername\",\"buyerid\",\"buyerUsername\",\"buyoutprice\",\"itemtype\",\"itemcondition\",\"moddata\",\"itemdata\",\"originalsource\",\"status\",\"discordMessageId\",\"createdAt\",\"updatedAt\";","stack":"Error\n    at Query.run (C:\\Users\\Michael\\Zomboid\\Workshop\\ZonaNyamanBotZ\\zomboid-discord-rcon\\node_modules\\sequelize\\lib\\dialects\\postgres\\query.js:50:25)\n    at C:\\Users\\Michael\\Zomboid\\Workshop\\ZonaNyamanBotZ\\zomboid-discord-rcon\\node_modules\\sequelize\\lib\\sequelize.js:315:28\n    at process.processTicksAndRejections (node:internal/process/task_queues:95:5)\n    at async PostgresQueryInterface.insert (C:\\Users\\Michael\\Zomboid\\Workshop\\ZonaNyamanBotZ\\zomboid-discord-rcon\\node_modules\\sequelize\\lib\\dialects\\abstract\\query-interface.js:308:21)\n    at async model.save (C:\\Users\\Michael\\Zomboid\\Workshop\\ZonaNyamanBotZ\\zomboid-discord-rcon\\node_modules\\sequelize\\lib\\model.js:2490:35)\n    at async PlayerAuction.create (C:\\Users\\Michael\\Zomboid\\Workshop\\ZonaNyamanBotZ\\zomboid-discord-rcon\\node_modules\\sequelize\\lib\\model.js:1362:12)\n    at async AuctionLogMonitor.handleCreateAuction (file:///C:/Users/Michael/Zomboid/Workshop/ZonaNyamanBotZ/zomboid-discord-rcon/src/services/auctionLogMonitor.js:223:23)\n    at async AuctionLogMonitor.processAuctionEntry (file:///C:/Users/Michael/Zomboid/Workshop/ZonaNyamanBotZ/zomboid-discord-rcon/src/services/auctionLogMonitor.js:121:11)\n    at async AuctionLogMonitor.scanAndProcessAuctions (file:///C:/Users/Michael/Zomboid/Workshop/ZonaNyamanBotZ/zomboid-discord-rcon/src/services/auctionLogMonitor.js:80:22)\n    at async Timeout._onTimeout (file:///C:/Users/Michael/Zomboid/Workshop/ZonaNyamanBotZ/zomboid-discord-rcon/src/services/auctionLogMonitor.js:36:7)","timestamp":"2025-09-16T03:54:40.971Z"}
{"level":"error","message":"[AuctionLogMonitor] Failed entry data:","timestamp":"2025-09-16T03:54:40.972Z"}
{"level":"warn","message":"[AuctionLogMonitor] Some entries failed; auction log preserved for retry.","timestamp":"2025-09-16T03:54:40.972Z"}
{"level":"info","message":"[AuctionLogMonitor] Found 1 new auction entries","timestamp":"2025-09-16T03:55:10.676Z"}
{"level":"info","message":"[AuctionLogMonitor] Processing CREATE_AUCTION at 2025-09-16T03:52:24Z","timestamp":"2025-09-16T03:55:10.677Z"}
{"level":"error","message":"[AuctionLogMonitor] Error handling CREATE_AUCTION: column \"discordMessageId\" does not exist","name":"SequelizeDatabaseError","original":{"code":"42703","file":"parse_relation.c","length":117,"line":"3665","name":"error","parameters":["319","Heart of the Red Zone","Type: RMWeapons.HeartOfRedZone | Condition: 10.0% | Buyout: 7000 | Duration: 24h | Server: pzserver",5000,5000,"tester2",7000,"RMWeapons.HeartOfRedZone",0.1,"{}","{\"itemType\":\"RMWeapons.HeartOfRedZone\",\"itemID\":\"128824121\",\"itemName\":\"Heart of the Red Zone\",\"customName\":\"Heart of the Red Zone\",\"condition\":10,\"weight\":0.699999988079071,\"category\":\"Item\",\"description\":\"\",\"tooltip\":\"\\\"(Tier Legend)The pulsating heart of the Red Zone and radiating raw power.\\\"\",\"hasDamageBoost\":false,\"enchantMaxDamage\":0,\"enchantMinDamage\":0,\"originalMaxDamage\":0,\"originalMinDamage\":0}","{\"action\":\"CREATE_AUCTION\",\"timestamp\":\"2025-09-16T03:52:24Z\",\"unixTime\":1757994744.071,\"data\":{\"sellerUsername\":\"admin\",\"sellerSteamID\":76561198139202300,\"itemType\":\"RMWeapons.HeartOfRedZone\",\"itemName\":\"Heart of the Red Zone\",\"itemID\":\"128824121\",\"condition\":10,\"weight\":0.699999988079071,\"category\":\"Item\",\"customName\":\"Heart of the Red Zone\",\"tooltip\":\"\\\"(Tier Legend)The pulsating heart of the Red Zone and radiating raw power.\\\"\",\"startingPrice\":5000,\"buyoutPrice\":7000,\"currentBid\":5000,\"duration\":24,\"timestamp\":1757994741.8470001,\"description\":\"\",\"isActive\":true,\"serverName\":\"pzserver\",\"modData\":{},\"enchantMinDamage\":0,\"enchantMaxDamage\":0,\"originalMinDamage\":0,\"originalMaxDamage\":0,\"hasDamageBoost\":false}}","active","2025-09-16 03:55:10.735 +00:00","2025-09-16 03:55:10.735 +00:00"],"position":"503","routine":"errorMissingColumn","severity":"ERROR","sql":"INSERT INTO \"player_auctions\" (\"itemid\",\"sellerid\",\"itemname\",\"itemdesc\",\"itemprice\",\"lastbid\",\"sellername\",\"buyoutprice\",\"itemtype\",\"itemcondition\",\"moddata\",\"itemdata\",\"originalsource\",\"status\",\"createdAt\",\"updatedAt\") VALUES (DEFAULT,$1,$2,$3,$4,$5,$6,$7,$8,$9,$10,$11,$12,$13,$14,$15) RETURNING \"itemid\",\"sellerid\",\"itemname\",\"itemdesc\",\"itemprice\",\"lastbid\",\"sellername\",\"buyername\",\"buyerid\",\"buyerUsername\",\"buyoutprice\",\"itemtype\",\"itemcondition\",\"moddata\",\"itemdata\",\"originalsource\",\"status\",\"discordMessageId\",\"createdAt\",\"updatedAt\";"},"parameters":["319","Heart of the Red Zone","Type: RMWeapons.HeartOfRedZone | Condition: 10.0% | Buyout: 7000 | Duration: 24h | Server: pzserver",5000,5000,"tester2",7000,"RMWeapons.HeartOfRedZone",0.1,"{}","{\"itemType\":\"RMWeapons.HeartOfRedZone\",\"itemID\":\"128824121\",\"itemName\":\"Heart of the Red Zone\",\"customName\":\"Heart of the Red Zone\",\"condition\":10,\"weight\":0.699999988079071,\"category\":\"Item\",\"description\":\"\",\"tooltip\":\"\\\"(Tier Legend)The pulsating heart of the Red Zone and radiating raw power.\\\"\",\"hasDamageBoost\":false,\"enchantMaxDamage\":0,\"enchantMinDamage\":0,\"originalMaxDamage\":0,\"originalMinDamage\":0}","{\"action\":\"CREATE_AUCTION\",\"timestamp\":\"2025-09-16T03:52:24Z\",\"unixTime\":1757994744.071,\"data\":{\"sellerUsername\":\"admin\",\"sellerSteamID\":76561198139202300,\"itemType\":\"RMWeapons.HeartOfRedZone\",\"itemName\":\"Heart of the Red Zone\",\"itemID\":\"128824121\",\"condition\":10,\"weight\":0.699999988079071,\"category\":\"Item\",\"customName\":\"Heart of the Red Zone\",\"tooltip\":\"\\\"(Tier Legend)The pulsating heart of the Red Zone and radiating raw power.\\\"\",\"startingPrice\":5000,\"buyoutPrice\":7000,\"currentBid\":5000,\"duration\":24,\"timestamp\":1757994741.8470001,\"description\":\"\",\"isActive\":true,\"serverName\":\"pzserver\",\"modData\":{},\"enchantMinDamage\":0,\"enchantMaxDamage\":0,\"originalMinDamage\":0,\"originalMaxDamage\":0,\"hasDamageBoost\":false}}","active","2025-09-16 03:55:10.735 +00:00","2025-09-16 03:55:10.735 +00:00"],"parent":{"code":"42703","file":"parse_relation.c","length":117,"line":"3665","name":"error","parameters":["319","Heart of the Red Zone","Type: RMWeapons.HeartOfRedZone | Condition: 10.0% | Buyout: 7000 | Duration: 24h | Server: pzserver",5000,5000,"tester2",7000,"RMWeapons.HeartOfRedZone",0.1,"{}","{\"itemType\":\"RMWeapons.HeartOfRedZone\",\"itemID\":\"128824121\",\"itemName\":\"Heart of the Red Zone\",\"customName\":\"Heart of the Red Zone\",\"condition\":10,\"weight\":0.699999988079071,\"category\":\"Item\",\"description\":\"\",\"tooltip\":\"\\\"(Tier Legend)The pulsating heart of the Red Zone and radiating raw power.\\\"\",\"hasDamageBoost\":false,\"enchantMaxDamage\":0,\"enchantMinDamage\":0,\"originalMaxDamage\":0,\"originalMinDamage\":0}","{\"action\":\"CREATE_AUCTION\",\"timestamp\":\"2025-09-16T03:52:24Z\",\"unixTime\":1757994744.071,\"data\":{\"sellerUsername\":\"admin\",\"sellerSteamID\":76561198139202300,\"itemType\":\"RMWeapons.HeartOfRedZone\",\"itemName\":\"Heart of the Red Zone\",\"itemID\":\"128824121\",\"condition\":10,\"weight\":0.699999988079071,\"category\":\"Item\",\"customName\":\"Heart of the Red Zone\",\"tooltip\":\"\\\"(Tier Legend)The pulsating heart of the Red Zone and radiating raw power.\\\"\",\"startingPrice\":5000,\"buyoutPrice\":7000,\"currentBid\":5000,\"duration\":24,\"timestamp\":1757994741.8470001,\"description\":\"\",\"isActive\":true,\"serverName\":\"pzserver\",\"modData\":{},\"enchantMinDamage\":0,\"enchantMaxDamage\":0,\"originalMinDamage\":0,\"originalMaxDamage\":0,\"hasDamageBoost\":false}}","active","2025-09-16 03:55:10.735 +00:00","2025-09-16 03:55:10.735 +00:00"],"position":"503","routine":"errorMissingColumn","severity":"ERROR","sql":"INSERT INTO \"player_auctions\" (\"itemid\",\"sellerid\",\"itemname\",\"itemdesc\",\"itemprice\",\"lastbid\",\"sellername\",\"buyoutprice\",\"itemtype\",\"itemcondition\",\"moddata\",\"itemdata\",\"originalsource\",\"status\",\"createdAt\",\"updatedAt\") VALUES (DEFAULT,$1,$2,$3,$4,$5,$6,$7,$8,$9,$10,$11,$12,$13,$14,$15) RETURNING \"itemid\",\"sellerid\",\"itemname\",\"itemdesc\",\"itemprice\",\"lastbid\",\"sellername\",\"buyername\",\"buyerid\",\"buyerUsername\",\"buyoutprice\",\"itemtype\",\"itemcondition\",\"moddata\",\"itemdata\",\"originalsource\",\"status\",\"discordMessageId\",\"createdAt\",\"updatedAt\";"},"sql":"INSERT INTO \"player_auctions\" (\"itemid\",\"sellerid\",\"itemname\",\"itemdesc\",\"itemprice\",\"lastbid\",\"sellername\",\"buyoutprice\",\"itemtype\",\"itemcondition\",\"moddata\",\"itemdata\",\"originalsource\",\"status\",\"createdAt\",\"updatedAt\") VALUES (DEFAULT,$1,$2,$3,$4,$5,$6,$7,$8,$9,$10,$11,$12,$13,$14,$15) RETURNING \"itemid\",\"sellerid\",\"itemname\",\"itemdesc\",\"itemprice\",\"lastbid\",\"sellername\",\"buyername\",\"buyerid\",\"buyerUsername\",\"buyoutprice\",\"itemtype\",\"itemcondition\",\"moddata\",\"itemdata\",\"originalsource\",\"status\",\"discordMessageId\",\"createdAt\",\"updatedAt\";","stack":"Error\n    at Query.run (C:\\Users\\Michael\\Zomboid\\Workshop\\ZonaNyamanBotZ\\zomboid-discord-rcon\\node_modules\\sequelize\\lib\\dialects\\postgres\\query.js:50:25)\n    at C:\\Users\\Michael\\Zomboid\\Workshop\\ZonaNyamanBotZ\\zomboid-discord-rcon\\node_modules\\sequelize\\lib\\sequelize.js:315:28\n    at process.processTicksAndRejections (node:internal/process/task_queues:95:5)\n    at async PostgresQueryInterface.insert (C:\\Users\\Michael\\Zomboid\\Workshop\\ZonaNyamanBotZ\\zomboid-discord-rcon\\node_modules\\sequelize\\lib\\dialects\\abstract\\query-interface.js:308:21)\n    at async model.save (C:\\Users\\Michael\\Zomboid\\Workshop\\ZonaNyamanBotZ\\zomboid-discord-rcon\\node_modules\\sequelize\\lib\\model.js:2490:35)\n    at async PlayerAuction.create (C:\\Users\\Michael\\Zomboid\\Workshop\\ZonaNyamanBotZ\\zomboid-discord-rcon\\node_modules\\sequelize\\lib\\model.js:1362:12)\n    at async AuctionLogMonitor.handleCreateAuction (file:///C:/Users/Michael/Zomboid/Workshop/ZonaNyamanBotZ/zomboid-discord-rcon/src/services/auctionLogMonitor.js:223:23)\n    at async AuctionLogMonitor.processAuctionEntry (file:///C:/Users/Michael/Zomboid/Workshop/ZonaNyamanBotZ/zomboid-discord-rcon/src/services/auctionLogMonitor.js:121:11)\n    at async AuctionLogMonitor.scanAndProcessAuctions (file:///C:/Users/Michael/Zomboid/Workshop/ZonaNyamanBotZ/zomboid-discord-rcon/src/services/auctionLogMonitor.js:80:22)\n    at async Timeout._onTimeout (file:///C:/Users/Michael/Zomboid/Workshop/ZonaNyamanBotZ/zomboid-discord-rcon/src/services/auctionLogMonitor.js:36:7)","timestamp":"2025-09-16T03:55:10.757Z"}
{"level":"error","message":"[AuctionLogMonitor] Error processing auction entry: column \"discordMessageId\" does not exist","name":"SequelizeDatabaseError","original":{"code":"42703","file":"parse_relation.c","length":117,"line":"3665","name":"error","parameters":["319","Heart of the Red Zone","Type: RMWeapons.HeartOfRedZone | Condition: 10.0% | Buyout: 7000 | Duration: 24h | Server: pzserver",5000,5000,"tester2",7000,"RMWeapons.HeartOfRedZone",0.1,"{}","{\"itemType\":\"RMWeapons.HeartOfRedZone\",\"itemID\":\"128824121\",\"itemName\":\"Heart of the Red Zone\",\"customName\":\"Heart of the Red Zone\",\"condition\":10,\"weight\":0.699999988079071,\"category\":\"Item\",\"description\":\"\",\"tooltip\":\"\\\"(Tier Legend)The pulsating heart of the Red Zone and radiating raw power.\\\"\",\"hasDamageBoost\":false,\"enchantMaxDamage\":0,\"enchantMinDamage\":0,\"originalMaxDamage\":0,\"originalMinDamage\":0}","{\"action\":\"CREATE_AUCTION\",\"timestamp\":\"2025-09-16T03:52:24Z\",\"unixTime\":1757994744.071,\"data\":{\"sellerUsername\":\"admin\",\"sellerSteamID\":76561198139202300,\"itemType\":\"RMWeapons.HeartOfRedZone\",\"itemName\":\"Heart of the Red Zone\",\"itemID\":\"128824121\",\"condition\":10,\"weight\":0.699999988079071,\"category\":\"Item\",\"customName\":\"Heart of the Red Zone\",\"tooltip\":\"\\\"(Tier Legend)The pulsating heart of the Red Zone and radiating raw power.\\\"\",\"startingPrice\":5000,\"buyoutPrice\":7000,\"currentBid\":5000,\"duration\":24,\"timestamp\":1757994741.8470001,\"description\":\"\",\"isActive\":true,\"serverName\":\"pzserver\",\"modData\":{},\"enchantMinDamage\":0,\"enchantMaxDamage\":0,\"originalMinDamage\":0,\"originalMaxDamage\":0,\"hasDamageBoost\":false}}","active","2025-09-16 03:55:10.735 +00:00","2025-09-16 03:55:10.735 +00:00"],"position":"503","routine":"errorMissingColumn","severity":"ERROR","sql":"INSERT INTO \"player_auctions\" (\"itemid\",\"sellerid\",\"itemname\",\"itemdesc\",\"itemprice\",\"lastbid\",\"sellername\",\"buyoutprice\",\"itemtype\",\"itemcondition\",\"moddata\",\"itemdata\",\"originalsource\",\"status\",\"createdAt\",\"updatedAt\") VALUES (DEFAULT,$1,$2,$3,$4,$5,$6,$7,$8,$9,$10,$11,$12,$13,$14,$15) RETURNING \"itemid\",\"sellerid\",\"itemname\",\"itemdesc\",\"itemprice\",\"lastbid\",\"sellername\",\"buyername\",\"buyerid\",\"buyerUsername\",\"buyoutprice\",\"itemtype\",\"itemcondition\",\"moddata\",\"itemdata\",\"originalsource\",\"status\",\"discordMessageId\",\"createdAt\",\"updatedAt\";"},"parameters":["319","Heart of the Red Zone","Type: RMWeapons.HeartOfRedZone | Condition: 10.0% | Buyout: 7000 | Duration: 24h | Server: pzserver",5000,5000,"tester2",7000,"RMWeapons.HeartOfRedZone",0.1,"{}","{\"itemType\":\"RMWeapons.HeartOfRedZone\",\"itemID\":\"128824121\",\"itemName\":\"Heart of the Red Zone\",\"customName\":\"Heart of the Red Zone\",\"condition\":10,\"weight\":0.699999988079071,\"category\":\"Item\",\"description\":\"\",\"tooltip\":\"\\\"(Tier Legend)The pulsating heart of the Red Zone and radiating raw power.\\\"\",\"hasDamageBoost\":false,\"enchantMaxDamage\":0,\"enchantMinDamage\":0,\"originalMaxDamage\":0,\"originalMinDamage\":0}","{\"action\":\"CREATE_AUCTION\",\"timestamp\":\"2025-09-16T03:52:24Z\",\"unixTime\":1757994744.071,\"data\":{\"sellerUsername\":\"admin\",\"sellerSteamID\":76561198139202300,\"itemType\":\"RMWeapons.HeartOfRedZone\",\"itemName\":\"Heart of the Red Zone\",\"itemID\":\"128824121\",\"condition\":10,\"weight\":0.699999988079071,\"category\":\"Item\",\"customName\":\"Heart of the Red Zone\",\"tooltip\":\"\\\"(Tier Legend)The pulsating heart of the Red Zone and radiating raw power.\\\"\",\"startingPrice\":5000,\"buyoutPrice\":7000,\"currentBid\":5000,\"duration\":24,\"timestamp\":1757994741.8470001,\"description\":\"\",\"isActive\":true,\"serverName\":\"pzserver\",\"modData\":{},\"enchantMinDamage\":0,\"enchantMaxDamage\":0,\"originalMinDamage\":0,\"originalMaxDamage\":0,\"hasDamageBoost\":false}}","active","2025-09-16 03:55:10.735 +00:00","2025-09-16 03:55:10.735 +00:00"],"parent":{"code":"42703","file":"parse_relation.c","length":117,"line":"3665","name":"error","parameters":["319","Heart of the Red Zone","Type: RMWeapons.HeartOfRedZone | Condition: 10.0% | Buyout: 7000 | Duration: 24h | Server: pzserver",5000,5000,"tester2",7000,"RMWeapons.HeartOfRedZone",0.1,"{}","{\"itemType\":\"RMWeapons.HeartOfRedZone\",\"itemID\":\"128824121\",\"itemName\":\"Heart of the Red Zone\",\"customName\":\"Heart of the Red Zone\",\"condition\":10,\"weight\":0.699999988079071,\"category\":\"Item\",\"description\":\"\",\"tooltip\":\"\\\"(Tier Legend)The pulsating heart of the Red Zone and radiating raw power.\\\"\",\"hasDamageBoost\":false,\"enchantMaxDamage\":0,\"enchantMinDamage\":0,\"originalMaxDamage\":0,\"originalMinDamage\":0}","{\"action\":\"CREATE_AUCTION\",\"timestamp\":\"2025-09-16T03:52:24Z\",\"unixTime\":1757994744.071,\"data\":{\"sellerUsername\":\"admin\",\"sellerSteamID\":76561198139202300,\"itemType\":\"RMWeapons.HeartOfRedZone\",\"itemName\":\"Heart of the Red Zone\",\"itemID\":\"128824121\",\"condition\":10,\"weight\":0.699999988079071,\"category\":\"Item\",\"customName\":\"Heart of the Red Zone\",\"tooltip\":\"\\\"(Tier Legend)The pulsating heart of the Red Zone and radiating raw power.\\\"\",\"startingPrice\":5000,\"buyoutPrice\":7000,\"currentBid\":5000,\"duration\":24,\"timestamp\":1757994741.8470001,\"description\":\"\",\"isActive\":true,\"serverName\":\"pzserver\",\"modData\":{},\"enchantMinDamage\":0,\"enchantMaxDamage\":0,\"originalMinDamage\":0,\"originalMaxDamage\":0,\"hasDamageBoost\":false}}","active","2025-09-16 03:55:10.735 +00:00","2025-09-16 03:55:10.735 +00:00"],"position":"503","routine":"errorMissingColumn","severity":"ERROR","sql":"INSERT INTO \"player_auctions\" (\"itemid\",\"sellerid\",\"itemname\",\"itemdesc\",\"itemprice\",\"lastbid\",\"sellername\",\"buyoutprice\",\"itemtype\",\"itemcondition\",\"moddata\",\"itemdata\",\"originalsource\",\"status\",\"createdAt\",\"updatedAt\") VALUES (DEFAULT,$1,$2,$3,$4,$5,$6,$7,$8,$9,$10,$11,$12,$13,$14,$15) RETURNING \"itemid\",\"sellerid\",\"itemname\",\"itemdesc\",\"itemprice\",\"lastbid\",\"sellername\",\"buyername\",\"buyerid\",\"buyerUsername\",\"buyoutprice\",\"itemtype\",\"itemcondition\",\"moddata\",\"itemdata\",\"originalsource\",\"status\",\"discordMessageId\",\"createdAt\",\"updatedAt\";"},"sql":"INSERT INTO \"player_auctions\" (\"itemid\",\"sellerid\",\"itemname\",\"itemdesc\",\"itemprice\",\"lastbid\",\"sellername\",\"buyoutprice\",\"itemtype\",\"itemcondition\",\"moddata\",\"itemdata\",\"originalsource\",\"status\",\"createdAt\",\"updatedAt\") VALUES (DEFAULT,$1,$2,$3,$4,$5,$6,$7,$8,$9,$10,$11,$12,$13,$14,$15) RETURNING \"itemid\",\"sellerid\",\"itemname\",\"itemdesc\",\"itemprice\",\"lastbid\",\"sellername\",\"buyername\",\"buyerid\",\"buyerUsername\",\"buyoutprice\",\"itemtype\",\"itemcondition\",\"moddata\",\"itemdata\",\"originalsource\",\"status\",\"discordMessageId\",\"createdAt\",\"updatedAt\";","stack":"Error\n    at Query.run (C:\\Users\\Michael\\Zomboid\\Workshop\\ZonaNyamanBotZ\\zomboid-discord-rcon\\node_modules\\sequelize\\lib\\dialects\\postgres\\query.js:50:25)\n    at C:\\Users\\Michael\\Zomboid\\Workshop\\ZonaNyamanBotZ\\zomboid-discord-rcon\\node_modules\\sequelize\\lib\\sequelize.js:315:28\n    at process.processTicksAndRejections (node:internal/process/task_queues:95:5)\n    at async PostgresQueryInterface.insert (C:\\Users\\Michael\\Zomboid\\Workshop\\ZonaNyamanBotZ\\zomboid-discord-rcon\\node_modules\\sequelize\\lib\\dialects\\abstract\\query-interface.js:308:21)\n    at async model.save (C:\\Users\\Michael\\Zomboid\\Workshop\\ZonaNyamanBotZ\\zomboid-discord-rcon\\node_modules\\sequelize\\lib\\model.js:2490:35)\n    at async PlayerAuction.create (C:\\Users\\Michael\\Zomboid\\Workshop\\ZonaNyamanBotZ\\zomboid-discord-rcon\\node_modules\\sequelize\\lib\\model.js:1362:12)\n    at async AuctionLogMonitor.handleCreateAuction (file:///C:/Users/Michael/Zomboid/Workshop/ZonaNyamanBotZ/zomboid-discord-rcon/src/services/auctionLogMonitor.js:223:23)\n    at async AuctionLogMonitor.processAuctionEntry (file:///C:/Users/Michael/Zomboid/Workshop/ZonaNyamanBotZ/zomboid-discord-rcon/src/services/auctionLogMonitor.js:121:11)\n    at async AuctionLogMonitor.scanAndProcessAuctions (file:///C:/Users/Michael/Zomboid/Workshop/ZonaNyamanBotZ/zomboid-discord-rcon/src/services/auctionLogMonitor.js:80:22)\n    at async Timeout._onTimeout (file:///C:/Users/Michael/Zomboid/Workshop/ZonaNyamanBotZ/zomboid-discord-rcon/src/services/auctionLogMonitor.js:36:7)","timestamp":"2025-09-16T03:55:10.758Z"}
{"level":"error","message":"[AuctionLogMonitor] Failed entry data:","timestamp":"2025-09-16T03:55:10.759Z"}
{"level":"warn","message":"[AuctionLogMonitor] Some entries failed; auction log preserved for retry.","timestamp":"2025-09-16T03:55:10.759Z"}
{"level":"info","message":"[AuctionLogMonitor] Found 1 new auction entries","timestamp":"2025-09-16T03:55:40.718Z"}
{"level":"info","message":"[AuctionLogMonitor] Processing CREATE_AUCTION at 2025-09-16T03:52:24Z","timestamp":"2025-09-16T03:55:40.719Z"}
{"level":"error","message":"[AuctionLogMonitor] Error handling CREATE_AUCTION: column \"discordMessageId\" does not exist","name":"SequelizeDatabaseError","original":{"code":"42703","file":"parse_relation.c","length":117,"line":"3665","name":"error","parameters":["319","Heart of the Red Zone","Type: RMWeapons.HeartOfRedZone | Condition: 10.0% | Buyout: 7000 | Duration: 24h | Server: pzserver",5000,5000,"tester2",7000,"RMWeapons.HeartOfRedZone",0.1,"{}","{\"itemType\":\"RMWeapons.HeartOfRedZone\",\"itemID\":\"128824121\",\"itemName\":\"Heart of the Red Zone\",\"customName\":\"Heart of the Red Zone\",\"condition\":10,\"weight\":0.699999988079071,\"category\":\"Item\",\"description\":\"\",\"tooltip\":\"\\\"(Tier Legend)The pulsating heart of the Red Zone and radiating raw power.\\\"\",\"hasDamageBoost\":false,\"enchantMaxDamage\":0,\"enchantMinDamage\":0,\"originalMaxDamage\":0,\"originalMinDamage\":0}","{\"action\":\"CREATE_AUCTION\",\"timestamp\":\"2025-09-16T03:52:24Z\",\"unixTime\":1757994744.071,\"data\":{\"sellerUsername\":\"admin\",\"sellerSteamID\":76561198139202300,\"itemType\":\"RMWeapons.HeartOfRedZone\",\"itemName\":\"Heart of the Red Zone\",\"itemID\":\"128824121\",\"condition\":10,\"weight\":0.699999988079071,\"category\":\"Item\",\"customName\":\"Heart of the Red Zone\",\"tooltip\":\"\\\"(Tier Legend)The pulsating heart of the Red Zone and radiating raw power.\\\"\",\"startingPrice\":5000,\"buyoutPrice\":7000,\"currentBid\":5000,\"duration\":24,\"timestamp\":1757994741.8470001,\"description\":\"\",\"isActive\":true,\"serverName\":\"pzserver\",\"modData\":{},\"enchantMinDamage\":0,\"enchantMaxDamage\":0,\"originalMinDamage\":0,\"originalMaxDamage\":0,\"hasDamageBoost\":false}}","active","2025-09-16 03:55:40.942 +00:00","2025-09-16 03:55:40.942 +00:00"],"position":"503","routine":"errorMissingColumn","severity":"ERROR","sql":"INSERT INTO \"player_auctions\" (\"itemid\",\"sellerid\",\"itemname\",\"itemdesc\",\"itemprice\",\"lastbid\",\"sellername\",\"buyoutprice\",\"itemtype\",\"itemcondition\",\"moddata\",\"itemdata\",\"originalsource\",\"status\",\"createdAt\",\"updatedAt\") VALUES (DEFAULT,$1,$2,$3,$4,$5,$6,$7,$8,$9,$10,$11,$12,$13,$14,$15) RETURNING \"itemid\",\"sellerid\",\"itemname\",\"itemdesc\",\"itemprice\",\"lastbid\",\"sellername\",\"buyername\",\"buyerid\",\"buyerUsername\",\"buyoutprice\",\"itemtype\",\"itemcondition\",\"moddata\",\"itemdata\",\"originalsource\",\"status\",\"discordMessageId\",\"createdAt\",\"updatedAt\";"},"parameters":["319","Heart of the Red Zone","Type: RMWeapons.HeartOfRedZone | Condition: 10.0% | Buyout: 7000 | Duration: 24h | Server: pzserver",5000,5000,"tester2",7000,"RMWeapons.HeartOfRedZone",0.1,"{}","{\"itemType\":\"RMWeapons.HeartOfRedZone\",\"itemID\":\"128824121\",\"itemName\":\"Heart of the Red Zone\",\"customName\":\"Heart of the Red Zone\",\"condition\":10,\"weight\":0.699999988079071,\"category\":\"Item\",\"description\":\"\",\"tooltip\":\"\\\"(Tier Legend)The pulsating heart of the Red Zone and radiating raw power.\\\"\",\"hasDamageBoost\":false,\"enchantMaxDamage\":0,\"enchantMinDamage\":0,\"originalMaxDamage\":0,\"originalMinDamage\":0}","{\"action\":\"CREATE_AUCTION\",\"timestamp\":\"2025-09-16T03:52:24Z\",\"unixTime\":1757994744.071,\"data\":{\"sellerUsername\":\"admin\",\"sellerSteamID\":76561198139202300,\"itemType\":\"RMWeapons.HeartOfRedZone\",\"itemName\":\"Heart of the Red Zone\",\"itemID\":\"128824121\",\"condition\":10,\"weight\":0.699999988079071,\"category\":\"Item\",\"customName\":\"Heart of the Red Zone\",\"tooltip\":\"\\\"(Tier Legend)The pulsating heart of the Red Zone and radiating raw power.\\\"\",\"startingPrice\":5000,\"buyoutPrice\":7000,\"currentBid\":5000,\"duration\":24,\"timestamp\":1757994741.8470001,\"description\":\"\",\"isActive\":true,\"serverName\":\"pzserver\",\"modData\":{},\"enchantMinDamage\":0,\"enchantMaxDamage\":0,\"originalMinDamage\":0,\"originalMaxDamage\":0,\"hasDamageBoost\":false}}","active","2025-09-16 03:55:40.942 +00:00","2025-09-16 03:55:40.942 +00:00"],"parent":{"code":"42703","file":"parse_relation.c","length":117,"line":"3665","name":"error","parameters":["319","Heart of the Red Zone","Type: RMWeapons.HeartOfRedZone | Condition: 10.0% | Buyout: 7000 | Duration: 24h | Server: pzserver",5000,5000,"tester2",7000,"RMWeapons.HeartOfRedZone",0.1,"{}","{\"itemType\":\"RMWeapons.HeartOfRedZone\",\"itemID\":\"128824121\",\"itemName\":\"Heart of the Red Zone\",\"customName\":\"Heart of the Red Zone\",\"condition\":10,\"weight\":0.699999988079071,\"category\":\"Item\",\"description\":\"\",\"tooltip\":\"\\\"(Tier Legend)The pulsating heart of the Red Zone and radiating raw power.\\\"\",\"hasDamageBoost\":false,\"enchantMaxDamage\":0,\"enchantMinDamage\":0,\"originalMaxDamage\":0,\"originalMinDamage\":0}","{\"action\":\"CREATE_AUCTION\",\"timestamp\":\"2025-09-16T03:52:24Z\",\"unixTime\":1757994744.071,\"data\":{\"sellerUsername\":\"admin\",\"sellerSteamID\":76561198139202300,\"itemType\":\"RMWeapons.HeartOfRedZone\",\"itemName\":\"Heart of the Red Zone\",\"itemID\":\"128824121\",\"condition\":10,\"weight\":0.699999988079071,\"category\":\"Item\",\"customName\":\"Heart of the Red Zone\",\"tooltip\":\"\\\"(Tier Legend)The pulsating heart of the Red Zone and radiating raw power.\\\"\",\"startingPrice\":5000,\"buyoutPrice\":7000,\"currentBid\":5000,\"duration\":24,\"timestamp\":1757994741.8470001,\"description\":\"\",\"isActive\":true,\"serverName\":\"pzserver\",\"modData\":{},\"enchantMinDamage\":0,\"enchantMaxDamage\":0,\"originalMinDamage\":0,\"originalMaxDamage\":0,\"hasDamageBoost\":false}}","active","2025-09-16 03:55:40.942 +00:00","2025-09-16 03:55:40.942 +00:00"],"position":"503","routine":"errorMissingColumn","severity":"ERROR","sql":"INSERT INTO \"player_auctions\" (\"itemid\",\"sellerid\",\"itemname\",\"itemdesc\",\"itemprice\",\"lastbid\",\"sellername\",\"buyoutprice\",\"itemtype\",\"itemcondition\",\"moddata\",\"itemdata\",\"originalsource\",\"status\",\"createdAt\",\"updatedAt\") VALUES (DEFAULT,$1,$2,$3,$4,$5,$6,$7,$8,$9,$10,$11,$12,$13,$14,$15) RETURNING \"itemid\",\"sellerid\",\"itemname\",\"itemdesc\",\"itemprice\",\"lastbid\",\"sellername\",\"buyername\",\"buyerid\",\"buyerUsername\",\"buyoutprice\",\"itemtype\",\"itemcondition\",\"moddata\",\"itemdata\",\"originalsource\",\"status\",\"discordMessageId\",\"createdAt\",\"updatedAt\";"},"sql":"INSERT INTO \"player_auctions\" (\"itemid\",\"sellerid\",\"itemname\",\"itemdesc\",\"itemprice\",\"lastbid\",\"sellername\",\"buyoutprice\",\"itemtype\",\"itemcondition\",\"moddata\",\"itemdata\",\"originalsource\",\"status\",\"createdAt\",\"updatedAt\") VALUES (DEFAULT,$1,$2,$3,$4,$5,$6,$7,$8,$9,$10,$11,$12,$13,$14,$15) RETURNING \"itemid\",\"sellerid\",\"itemname\",\"itemdesc\",\"itemprice\",\"lastbid\",\"sellername\",\"buyername\",\"buyerid\",\"buyerUsername\",\"buyoutprice\",\"itemtype\",\"itemcondition\",\"moddata\",\"itemdata\",\"originalsource\",\"status\",\"discordMessageId\",\"createdAt\",\"updatedAt\";","stack":"Error\n    at Query.run (C:\\Users\\Michael\\Zomboid\\Workshop\\ZonaNyamanBotZ\\zomboid-discord-rcon\\node_modules\\sequelize\\lib\\dialects\\postgres\\query.js:50:25)\n    at C:\\Users\\Michael\\Zomboid\\Workshop\\ZonaNyamanBotZ\\zomboid-discord-rcon\\node_modules\\sequelize\\lib\\sequelize.js:315:28\n    at process.processTicksAndRejections (node:internal/process/task_queues:95:5)\n    at async PostgresQueryInterface.insert (C:\\Users\\Michael\\Zomboid\\Workshop\\ZonaNyamanBotZ\\zomboid-discord-rcon\\node_modules\\sequelize\\lib\\dialects\\abstract\\query-interface.js:308:21)\n    at async model.save (C:\\Users\\Michael\\Zomboid\\Workshop\\ZonaNyamanBotZ\\zomboid-discord-rcon\\node_modules\\sequelize\\lib\\model.js:2490:35)\n    at async PlayerAuction.create (C:\\Users\\Michael\\Zomboid\\Workshop\\ZonaNyamanBotZ\\zomboid-discord-rcon\\node_modules\\sequelize\\lib\\model.js:1362:12)\n    at async AuctionLogMonitor.handleCreateAuction (file:///C:/Users/Michael/Zomboid/Workshop/ZonaNyamanBotZ/zomboid-discord-rcon/src/services/auctionLogMonitor.js:223:23)\n    at async AuctionLogMonitor.processAuctionEntry (file:///C:/Users/Michael/Zomboid/Workshop/ZonaNyamanBotZ/zomboid-discord-rcon/src/services/auctionLogMonitor.js:121:11)\n    at async AuctionLogMonitor.scanAndProcessAuctions (file:///C:/Users/Michael/Zomboid/Workshop/ZonaNyamanBotZ/zomboid-discord-rcon/src/services/auctionLogMonitor.js:80:22)\n    at async Timeout._onTimeout (file:///C:/Users/Michael/Zomboid/Workshop/ZonaNyamanBotZ/zomboid-discord-rcon/src/services/auctionLogMonitor.js:36:7)","timestamp":"2025-09-16T03:55:40.960Z"}
{"level":"error","message":"[AuctionLogMonitor] Error processing auction entry: column \"discordMessageId\" does not exist","name":"SequelizeDatabaseError","original":{"code":"42703","file":"parse_relation.c","length":117,"line":"3665","name":"error","parameters":["319","Heart of the Red Zone","Type: RMWeapons.HeartOfRedZone | Condition: 10.0% | Buyout: 7000 | Duration: 24h | Server: pzserver",5000,5000,"tester2",7000,"RMWeapons.HeartOfRedZone",0.1,"{}","{\"itemType\":\"RMWeapons.HeartOfRedZone\",\"itemID\":\"128824121\",\"itemName\":\"Heart of the Red Zone\",\"customName\":\"Heart of the Red Zone\",\"condition\":10,\"weight\":0.699999988079071,\"category\":\"Item\",\"description\":\"\",\"tooltip\":\"\\\"(Tier Legend)The pulsating heart of the Red Zone and radiating raw power.\\\"\",\"hasDamageBoost\":false,\"enchantMaxDamage\":0,\"enchantMinDamage\":0,\"originalMaxDamage\":0,\"originalMinDamage\":0}","{\"action\":\"CREATE_AUCTION\",\"timestamp\":\"2025-09-16T03:52:24Z\",\"unixTime\":1757994744.071,\"data\":{\"sellerUsername\":\"admin\",\"sellerSteamID\":76561198139202300,\"itemType\":\"RMWeapons.HeartOfRedZone\",\"itemName\":\"Heart of the Red Zone\",\"itemID\":\"128824121\",\"condition\":10,\"weight\":0.699999988079071,\"category\":\"Item\",\"customName\":\"Heart of the Red Zone\",\"tooltip\":\"\\\"(Tier Legend)The pulsating heart of the Red Zone and radiating raw power.\\\"\",\"startingPrice\":5000,\"buyoutPrice\":7000,\"currentBid\":5000,\"duration\":24,\"timestamp\":1757994741.8470001,\"description\":\"\",\"isActive\":true,\"serverName\":\"pzserver\",\"modData\":{},\"enchantMinDamage\":0,\"enchantMaxDamage\":0,\"originalMinDamage\":0,\"originalMaxDamage\":0,\"hasDamageBoost\":false}}","active","2025-09-16 03:55:40.942 +00:00","2025-09-16 03:55:40.942 +00:00"],"position":"503","routine":"errorMissingColumn","severity":"ERROR","sql":"INSERT INTO \"player_auctions\" (\"itemid\",\"sellerid\",\"itemname\",\"itemdesc\",\"itemprice\",\"lastbid\",\"sellername\",\"buyoutprice\",\"itemtype\",\"itemcondition\",\"moddata\",\"itemdata\",\"originalsource\",\"status\",\"createdAt\",\"updatedAt\") VALUES (DEFAULT,$1,$2,$3,$4,$5,$6,$7,$8,$9,$10,$11,$12,$13,$14,$15) RETURNING \"itemid\",\"sellerid\",\"itemname\",\"itemdesc\",\"itemprice\",\"lastbid\",\"sellername\",\"buyername\",\"buyerid\",\"buyerUsername\",\"buyoutprice\",\"itemtype\",\"itemcondition\",\"moddata\",\"itemdata\",\"originalsource\",\"status\",\"discordMessageId\",\"createdAt\",\"updatedAt\";"},"parameters":["319","Heart of the Red Zone","Type: RMWeapons.HeartOfRedZone | Condition: 10.0% | Buyout: 7000 | Duration: 24h | Server: pzserver",5000,5000,"tester2",7000,"RMWeapons.HeartOfRedZone",0.1,"{}","{\"itemType\":\"RMWeapons.HeartOfRedZone\",\"itemID\":\"128824121\",\"itemName\":\"Heart of the Red Zone\",\"customName\":\"Heart of the Red Zone\",\"condition\":10,\"weight\":0.699999988079071,\"category\":\"Item\",\"description\":\"\",\"tooltip\":\"\\\"(Tier Legend)The pulsating heart of the Red Zone and radiating raw power.\\\"\",\"hasDamageBoost\":false,\"enchantMaxDamage\":0,\"enchantMinDamage\":0,\"originalMaxDamage\":0,\"originalMinDamage\":0}","{\"action\":\"CREATE_AUCTION\",\"timestamp\":\"2025-09-16T03:52:24Z\",\"unixTime\":1757994744.071,\"data\":{\"sellerUsername\":\"admin\",\"sellerSteamID\":76561198139202300,\"itemType\":\"RMWeapons.HeartOfRedZone\",\"itemName\":\"Heart of the Red Zone\",\"itemID\":\"128824121\",\"condition\":10,\"weight\":0.699999988079071,\"category\":\"Item\",\"customName\":\"Heart of the Red Zone\",\"tooltip\":\"\\\"(Tier Legend)The pulsating heart of the Red Zone and radiating raw power.\\\"\",\"startingPrice\":5000,\"buyoutPrice\":7000,\"currentBid\":5000,\"duration\":24,\"timestamp\":1757994741.8470001,\"description\":\"\",\"isActive\":true,\"serverName\":\"pzserver\",\"modData\":{},\"enchantMinDamage\":0,\"enchantMaxDamage\":0,\"originalMinDamage\":0,\"originalMaxDamage\":0,\"hasDamageBoost\":false}}","active","2025-09-16 03:55:40.942 +00:00","2025-09-16 03:55:40.942 +00:00"],"parent":{"code":"42703","file":"parse_relation.c","length":117,"line":"3665","name":"error","parameters":["319","Heart of the Red Zone","Type: RMWeapons.HeartOfRedZone | Condition: 10.0% | Buyout: 7000 | Duration: 24h | Server: pzserver",5000,5000,"tester2",7000,"RMWeapons.HeartOfRedZone",0.1,"{}","{\"itemType\":\"RMWeapons.HeartOfRedZone\",\"itemID\":\"128824121\",\"itemName\":\"Heart of the Red Zone\",\"customName\":\"Heart of the Red Zone\",\"condition\":10,\"weight\":0.699999988079071,\"category\":\"Item\",\"description\":\"\",\"tooltip\":\"\\\"(Tier Legend)The pulsating heart of the Red Zone and radiating raw power.\\\"\",\"hasDamageBoost\":false,\"enchantMaxDamage\":0,\"enchantMinDamage\":0,\"originalMaxDamage\":0,\"originalMinDamage\":0}","{\"action\":\"CREATE_AUCTION\",\"timestamp\":\"2025-09-16T03:52:24Z\",\"unixTime\":1757994744.071,\"data\":{\"sellerUsername\":\"admin\",\"sellerSteamID\":76561198139202300,\"itemType\":\"RMWeapons.HeartOfRedZone\",\"itemName\":\"Heart of the Red Zone\",\"itemID\":\"128824121\",\"condition\":10,\"weight\":0.699999988079071,\"category\":\"Item\",\"customName\":\"Heart of the Red Zone\",\"tooltip\":\"\\\"(Tier Legend)The pulsating heart of the Red Zone and radiating raw power.\\\"\",\"startingPrice\":5000,\"buyoutPrice\":7000,\"currentBid\":5000,\"duration\":24,\"timestamp\":1757994741.8470001,\"description\":\"\",\"isActive\":true,\"serverName\":\"pzserver\",\"modData\":{},\"enchantMinDamage\":0,\"enchantMaxDamage\":0,\"originalMinDamage\":0,\"originalMaxDamage\":0,\"hasDamageBoost\":false}}","active","2025-09-16 03:55:40.942 +00:00","2025-09-16 03:55:40.942 +00:00"],"position":"503","routine":"errorMissingColumn","severity":"ERROR","sql":"INSERT INTO \"player_auctions\" (\"itemid\",\"sellerid\",\"itemname\",\"itemdesc\",\"itemprice\",\"lastbid\",\"sellername\",\"buyoutprice\",\"itemtype\",\"itemcondition\",\"moddata\",\"itemdata\",\"originalsource\",\"status\",\"createdAt\",\"updatedAt\") VALUES (DEFAULT,$1,$2,$3,$4,$5,$6,$7,$8,$9,$10,$11,$12,$13,$14,$15) RETURNING \"itemid\",\"sellerid\",\"itemname\",\"itemdesc\",\"itemprice\",\"lastbid\",\"sellername\",\"buyername\",\"buyerid\",\"buyerUsername\",\"buyoutprice\",\"itemtype\",\"itemcondition\",\"moddata\",\"itemdata\",\"originalsource\",\"status\",\"discordMessageId\",\"createdAt\",\"updatedAt\";"},"sql":"INSERT INTO \"player_auctions\" (\"itemid\",\"sellerid\",\"itemname\",\"itemdesc\",\"itemprice\",\"lastbid\",\"sellername\",\"buyoutprice\",\"itemtype\",\"itemcondition\",\"moddata\",\"itemdata\",\"originalsource\",\"status\",\"createdAt\",\"updatedAt\") VALUES (DEFAULT,$1,$2,$3,$4,$5,$6,$7,$8,$9,$10,$11,$12,$13,$14,$15) RETURNING \"itemid\",\"sellerid\",\"itemname\",\"itemdesc\",\"itemprice\",\"lastbid\",\"sellername\",\"buyername\",\"buyerid\",\"buyerUsername\",\"buyoutprice\",\"itemtype\",\"itemcondition\",\"moddata\",\"itemdata\",\"originalsource\",\"status\",\"discordMessageId\",\"createdAt\",\"updatedAt\";","stack":"Error\n    at Query.run (C:\\Users\\Michael\\Zomboid\\Workshop\\ZonaNyamanBotZ\\zomboid-discord-rcon\\node_modules\\sequelize\\lib\\dialects\\postgres\\query.js:50:25)\n    at C:\\Users\\Michael\\Zomboid\\Workshop\\ZonaNyamanBotZ\\zomboid-discord-rcon\\node_modules\\sequelize\\lib\\sequelize.js:315:28\n    at process.processTicksAndRejections (node:internal/process/task_queues:95:5)\n    at async PostgresQueryInterface.insert (C:\\Users\\Michael\\Zomboid\\Workshop\\ZonaNyamanBotZ\\zomboid-discord-rcon\\node_modules\\sequelize\\lib\\dialects\\abstract\\query-interface.js:308:21)\n    at async model.save (C:\\Users\\Michael\\Zomboid\\Workshop\\ZonaNyamanBotZ\\zomboid-discord-rcon\\node_modules\\sequelize\\lib\\model.js:2490:35)\n    at async PlayerAuction.create (C:\\Users\\Michael\\Zomboid\\Workshop\\ZonaNyamanBotZ\\zomboid-discord-rcon\\node_modules\\sequelize\\lib\\model.js:1362:12)\n    at async AuctionLogMonitor.handleCreateAuction (file:///C:/Users/Michael/Zomboid/Workshop/ZonaNyamanBotZ/zomboid-discord-rcon/src/services/auctionLogMonitor.js:223:23)\n    at async AuctionLogMonitor.processAuctionEntry (file:///C:/Users/Michael/Zomboid/Workshop/ZonaNyamanBotZ/zomboid-discord-rcon/src/services/auctionLogMonitor.js:121:11)\n    at async AuctionLogMonitor.scanAndProcessAuctions (file:///C:/Users/Michael/Zomboid/Workshop/ZonaNyamanBotZ/zomboid-discord-rcon/src/services/auctionLogMonitor.js:80:22)\n    at async Timeout._onTimeout (file:///C:/Users/Michael/Zomboid/Workshop/ZonaNyamanBotZ/zomboid-discord-rcon/src/services/auctionLogMonitor.js:36:7)","timestamp":"2025-09-16T03:55:40.962Z"}
{"level":"error","message":"[AuctionLogMonitor] Failed entry data:","timestamp":"2025-09-16T03:55:40.962Z"}
{"level":"warn","message":"[AuctionLogMonitor] Some entries failed; auction log preserved for retry.","timestamp":"2025-09-16T03:55:40.962Z"}
{"level":"info","message":"[AuctionLogMonitor] Found 1 new auction entries","timestamp":"2025-09-16T03:56:10.770Z"}
{"level":"info","message":"[AuctionLogMonitor] Processing CREATE_AUCTION at 2025-09-16T03:52:24Z","timestamp":"2025-09-16T03:56:10.771Z"}
{"level":"error","message":"[AuctionLogMonitor] Error handling CREATE_AUCTION: column \"discordMessageId\" does not exist","name":"SequelizeDatabaseError","original":{"code":"42703","file":"parse_relation.c","length":117,"line":"3665","name":"error","parameters":["319","Heart of the Red Zone","Type: RMWeapons.HeartOfRedZone | Condition: 10.0% | Buyout: 7000 | Duration: 24h | Server: pzserver",5000,5000,"tester2",7000,"RMWeapons.HeartOfRedZone",0.1,"{}","{\"itemType\":\"RMWeapons.HeartOfRedZone\",\"itemID\":\"128824121\",\"itemName\":\"Heart of the Red Zone\",\"customName\":\"Heart of the Red Zone\",\"condition\":10,\"weight\":0.699999988079071,\"category\":\"Item\",\"description\":\"\",\"tooltip\":\"\\\"(Tier Legend)The pulsating heart of the Red Zone and radiating raw power.\\\"\",\"hasDamageBoost\":false,\"enchantMaxDamage\":0,\"enchantMinDamage\":0,\"originalMaxDamage\":0,\"originalMinDamage\":0}","{\"action\":\"CREATE_AUCTION\",\"timestamp\":\"2025-09-16T03:52:24Z\",\"unixTime\":1757994744.071,\"data\":{\"sellerUsername\":\"admin\",\"sellerSteamID\":76561198139202300,\"itemType\":\"RMWeapons.HeartOfRedZone\",\"itemName\":\"Heart of the Red Zone\",\"itemID\":\"128824121\",\"condition\":10,\"weight\":0.699999988079071,\"category\":\"Item\",\"customName\":\"Heart of the Red Zone\",\"tooltip\":\"\\\"(Tier Legend)The pulsating heart of the Red Zone and radiating raw power.\\\"\",\"startingPrice\":5000,\"buyoutPrice\":7000,\"currentBid\":5000,\"duration\":24,\"timestamp\":1757994741.8470001,\"description\":\"\",\"isActive\":true,\"serverName\":\"pzserver\",\"modData\":{},\"enchantMinDamage\":0,\"enchantMaxDamage\":0,\"originalMinDamage\":0,\"originalMaxDamage\":0,\"hasDamageBoost\":false}}","active","2025-09-16 03:56:10.963 +00:00","2025-09-16 03:56:10.963 +00:00"],"position":"503","routine":"errorMissingColumn","severity":"ERROR","sql":"INSERT INTO \"player_auctions\" (\"itemid\",\"sellerid\",\"itemname\",\"itemdesc\",\"itemprice\",\"lastbid\",\"sellername\",\"buyoutprice\",\"itemtype\",\"itemcondition\",\"moddata\",\"itemdata\",\"originalsource\",\"status\",\"createdAt\",\"updatedAt\") VALUES (DEFAULT,$1,$2,$3,$4,$5,$6,$7,$8,$9,$10,$11,$12,$13,$14,$15) RETURNING \"itemid\",\"sellerid\",\"itemname\",\"itemdesc\",\"itemprice\",\"lastbid\",\"sellername\",\"buyername\",\"buyerid\",\"buyerUsername\",\"buyoutprice\",\"itemtype\",\"itemcondition\",\"moddata\",\"itemdata\",\"originalsource\",\"status\",\"discordMessageId\",\"createdAt\",\"updatedAt\";"},"parameters":["319","Heart of the Red Zone","Type: RMWeapons.HeartOfRedZone | Condition: 10.0% | Buyout: 7000 | Duration: 24h | Server: pzserver",5000,5000,"tester2",7000,"RMWeapons.HeartOfRedZone",0.1,"{}","{\"itemType\":\"RMWeapons.HeartOfRedZone\",\"itemID\":\"128824121\",\"itemName\":\"Heart of the Red Zone\",\"customName\":\"Heart of the Red Zone\",\"condition\":10,\"weight\":0.699999988079071,\"category\":\"Item\",\"description\":\"\",\"tooltip\":\"\\\"(Tier Legend)The pulsating heart of the Red Zone and radiating raw power.\\\"\",\"hasDamageBoost\":false,\"enchantMaxDamage\":0,\"enchantMinDamage\":0,\"originalMaxDamage\":0,\"originalMinDamage\":0}","{\"action\":\"CREATE_AUCTION\",\"timestamp\":\"2025-09-16T03:52:24Z\",\"unixTime\":1757994744.071,\"data\":{\"sellerUsername\":\"admin\",\"sellerSteamID\":76561198139202300,\"itemType\":\"RMWeapons.HeartOfRedZone\",\"itemName\":\"Heart of the Red Zone\",\"itemID\":\"128824121\",\"condition\":10,\"weight\":0.699999988079071,\"category\":\"Item\",\"customName\":\"Heart of the Red Zone\",\"tooltip\":\"\\\"(Tier Legend)The pulsating heart of the Red Zone and radiating raw power.\\\"\",\"startingPrice\":5000,\"buyoutPrice\":7000,\"currentBid\":5000,\"duration\":24,\"timestamp\":1757994741.8470001,\"description\":\"\",\"isActive\":true,\"serverName\":\"pzserver\",\"modData\":{},\"enchantMinDamage\":0,\"enchantMaxDamage\":0,\"originalMinDamage\":0,\"originalMaxDamage\":0,\"hasDamageBoost\":false}}","active","2025-09-16 03:56:10.963 +00:00","2025-09-16 03:56:10.963 +00:00"],"parent":{"code":"42703","file":"parse_relation.c","length":117,"line":"3665","name":"error","parameters":["319","Heart of the Red Zone","Type: RMWeapons.HeartOfRedZone | Condition: 10.0% | Buyout: 7000 | Duration: 24h | Server: pzserver",5000,5000,"tester2",7000,"RMWeapons.HeartOfRedZone",0.1,"{}","{\"itemType\":\"RMWeapons.HeartOfRedZone\",\"itemID\":\"128824121\",\"itemName\":\"Heart of the Red Zone\",\"customName\":\"Heart of the Red Zone\",\"condition\":10,\"weight\":0.699999988079071,\"category\":\"Item\",\"description\":\"\",\"tooltip\":\"\\\"(Tier Legend)The pulsating heart of the Red Zone and radiating raw power.\\\"\",\"hasDamageBoost\":false,\"enchantMaxDamage\":0,\"enchantMinDamage\":0,\"originalMaxDamage\":0,\"originalMinDamage\":0}","{\"action\":\"CREATE_AUCTION\",\"timestamp\":\"2025-09-16T03:52:24Z\",\"unixTime\":1757994744.071,\"data\":{\"sellerUsername\":\"admin\",\"sellerSteamID\":76561198139202300,\"itemType\":\"RMWeapons.HeartOfRedZone\",\"itemName\":\"Heart of the Red Zone\",\"itemID\":\"128824121\",\"condition\":10,\"weight\":0.699999988079071,\"category\":\"Item\",\"customName\":\"Heart of the Red Zone\",\"tooltip\":\"\\\"(Tier Legend)The pulsating heart of the Red Zone and radiating raw power.\\\"\",\"startingPrice\":5000,\"buyoutPrice\":7000,\"currentBid\":5000,\"duration\":24,\"timestamp\":1757994741.8470001,\"description\":\"\",\"isActive\":true,\"serverName\":\"pzserver\",\"modData\":{},\"enchantMinDamage\":0,\"enchantMaxDamage\":0,\"originalMinDamage\":0,\"originalMaxDamage\":0,\"hasDamageBoost\":false}}","active","2025-09-16 03:56:10.963 +00:00","2025-09-16 03:56:10.963 +00:00"],"position":"503","routine":"errorMissingColumn","severity":"ERROR","sql":"INSERT INTO \"player_auctions\" (\"itemid\",\"sellerid\",\"itemname\",\"itemdesc\",\"itemprice\",\"lastbid\",\"sellername\",\"buyoutprice\",\"itemtype\",\"itemcondition\",\"moddata\",\"itemdata\",\"originalsource\",\"status\",\"createdAt\",\"updatedAt\") VALUES (DEFAULT,$1,$2,$3,$4,$5,$6,$7,$8,$9,$10,$11,$12,$13,$14,$15) RETURNING \"itemid\",\"sellerid\",\"itemname\",\"itemdesc\",\"itemprice\",\"lastbid\",\"sellername\",\"buyername\",\"buyerid\",\"buyerUsername\",\"buyoutprice\",\"itemtype\",\"itemcondition\",\"moddata\",\"itemdata\",\"originalsource\",\"status\",\"discordMessageId\",\"createdAt\",\"updatedAt\";"},"sql":"INSERT INTO \"player_auctions\" (\"itemid\",\"sellerid\",\"itemname\",\"itemdesc\",\"itemprice\",\"lastbid\",\"sellername\",\"buyoutprice\",\"itemtype\",\"itemcondition\",\"moddata\",\"itemdata\",\"originalsource\",\"status\",\"createdAt\",\"updatedAt\") VALUES (DEFAULT,$1,$2,$3,$4,$5,$6,$7,$8,$9,$10,$11,$12,$13,$14,$15) RETURNING \"itemid\",\"sellerid\",\"itemname\",\"itemdesc\",\"itemprice\",\"lastbid\",\"sellername\",\"buyername\",\"buyerid\",\"buyerUsername\",\"buyoutprice\",\"itemtype\",\"itemcondition\",\"moddata\",\"itemdata\",\"originalsource\",\"status\",\"discordMessageId\",\"createdAt\",\"updatedAt\";","stack":"Error\n    at Query.run (C:\\Users\\Michael\\Zomboid\\Workshop\\ZonaNyamanBotZ\\zomboid-discord-rcon\\node_modules\\sequelize\\lib\\dialects\\postgres\\query.js:50:25)\n    at C:\\Users\\Michael\\Zomboid\\Workshop\\ZonaNyamanBotZ\\zomboid-discord-rcon\\node_modules\\sequelize\\lib\\sequelize.js:315:28\n    at process.processTicksAndRejections (node:internal/process/task_queues:95:5)\n    at async PostgresQueryInterface.insert (C:\\Users\\Michael\\Zomboid\\Workshop\\ZonaNyamanBotZ\\zomboid-discord-rcon\\node_modules\\sequelize\\lib\\dialects\\abstract\\query-interface.js:308:21)\n    at async model.save (C:\\Users\\Michael\\Zomboid\\Workshop\\ZonaNyamanBotZ\\zomboid-discord-rcon\\node_modules\\sequelize\\lib\\model.js:2490:35)\n    at async PlayerAuction.create (C:\\Users\\Michael\\Zomboid\\Workshop\\ZonaNyamanBotZ\\zomboid-discord-rcon\\node_modules\\sequelize\\lib\\model.js:1362:12)\n    at async AuctionLogMonitor.handleCreateAuction (file:///C:/Users/Michael/Zomboid/Workshop/ZonaNyamanBotZ/zomboid-discord-rcon/src/services/auctionLogMonitor.js:223:23)\n    at async AuctionLogMonitor.processAuctionEntry (file:///C:/Users/Michael/Zomboid/Workshop/ZonaNyamanBotZ/zomboid-discord-rcon/src/services/auctionLogMonitor.js:121:11)\n    at async AuctionLogMonitor.scanAndProcessAuctions (file:///C:/Users/Michael/Zomboid/Workshop/ZonaNyamanBotZ/zomboid-discord-rcon/src/services/auctionLogMonitor.js:80:22)\n    at async Timeout._onTimeout (file:///C:/Users/Michael/Zomboid/Workshop/ZonaNyamanBotZ/zomboid-discord-rcon/src/services/auctionLogMonitor.js:36:7)","timestamp":"2025-09-16T03:56:10.981Z"}
{"level":"error","message":"[AuctionLogMonitor] Error processing auction entry: column \"discordMessageId\" does not exist","name":"SequelizeDatabaseError","original":{"code":"42703","file":"parse_relation.c","length":117,"line":"3665","name":"error","parameters":["319","Heart of the Red Zone","Type: RMWeapons.HeartOfRedZone | Condition: 10.0% | Buyout: 7000 | Duration: 24h | Server: pzserver",5000,5000,"tester2",7000,"RMWeapons.HeartOfRedZone",0.1,"{}","{\"itemType\":\"RMWeapons.HeartOfRedZone\",\"itemID\":\"128824121\",\"itemName\":\"Heart of the Red Zone\",\"customName\":\"Heart of the Red Zone\",\"condition\":10,\"weight\":0.699999988079071,\"category\":\"Item\",\"description\":\"\",\"tooltip\":\"\\\"(Tier Legend)The pulsating heart of the Red Zone and radiating raw power.\\\"\",\"hasDamageBoost\":false,\"enchantMaxDamage\":0,\"enchantMinDamage\":0,\"originalMaxDamage\":0,\"originalMinDamage\":0}","{\"action\":\"CREATE_AUCTION\",\"timestamp\":\"2025-09-16T03:52:24Z\",\"unixTime\":1757994744.071,\"data\":{\"sellerUsername\":\"admin\",\"sellerSteamID\":76561198139202300,\"itemType\":\"RMWeapons.HeartOfRedZone\",\"itemName\":\"Heart of the Red Zone\",\"itemID\":\"128824121\",\"condition\":10,\"weight\":0.699999988079071,\"category\":\"Item\",\"customName\":\"Heart of the Red Zone\",\"tooltip\":\"\\\"(Tier Legend)The pulsating heart of the Red Zone and radiating raw power.\\\"\",\"startingPrice\":5000,\"buyoutPrice\":7000,\"currentBid\":5000,\"duration\":24,\"timestamp\":1757994741.8470001,\"description\":\"\",\"isActive\":true,\"serverName\":\"pzserver\",\"modData\":{},\"enchantMinDamage\":0,\"enchantMaxDamage\":0,\"originalMinDamage\":0,\"originalMaxDamage\":0,\"hasDamageBoost\":false}}","active","2025-09-16 03:56:10.963 +00:00","2025-09-16 03:56:10.963 +00:00"],"position":"503","routine":"errorMissingColumn","severity":"ERROR","sql":"INSERT INTO \"player_auctions\" (\"itemid\",\"sellerid\",\"itemname\",\"itemdesc\",\"itemprice\",\"lastbid\",\"sellername\",\"buyoutprice\",\"itemtype\",\"itemcondition\",\"moddata\",\"itemdata\",\"originalsource\",\"status\",\"createdAt\",\"updatedAt\") VALUES (DEFAULT,$1,$2,$3,$4,$5,$6,$7,$8,$9,$10,$11,$12,$13,$14,$15) RETURNING \"itemid\",\"sellerid\",\"itemname\",\"itemdesc\",\"itemprice\",\"lastbid\",\"sellername\",\"buyername\",\"buyerid\",\"buyerUsername\",\"buyoutprice\",\"itemtype\",\"itemcondition\",\"moddata\",\"itemdata\",\"originalsource\",\"status\",\"discordMessageId\",\"createdAt\",\"updatedAt\";"},"parameters":["319","Heart of the Red Zone","Type: RMWeapons.HeartOfRedZone | Condition: 10.0% | Buyout: 7000 | Duration: 24h | Server: pzserver",5000,5000,"tester2",7000,"RMWeapons.HeartOfRedZone",0.1,"{}","{\"itemType\":\"RMWeapons.HeartOfRedZone\",\"itemID\":\"128824121\",\"itemName\":\"Heart of the Red Zone\",\"customName\":\"Heart of the Red Zone\",\"condition\":10,\"weight\":0.699999988079071,\"category\":\"Item\",\"description\":\"\",\"tooltip\":\"\\\"(Tier Legend)The pulsating heart of the Red Zone and radiating raw power.\\\"\",\"hasDamageBoost\":false,\"enchantMaxDamage\":0,\"enchantMinDamage\":0,\"originalMaxDamage\":0,\"originalMinDamage\":0}","{\"action\":\"CREATE_AUCTION\",\"timestamp\":\"2025-09-16T03:52:24Z\",\"unixTime\":1757994744.071,\"data\":{\"sellerUsername\":\"admin\",\"sellerSteamID\":76561198139202300,\"itemType\":\"RMWeapons.HeartOfRedZone\",\"itemName\":\"Heart of the Red Zone\",\"itemID\":\"128824121\",\"condition\":10,\"weight\":0.699999988079071,\"category\":\"Item\",\"customName\":\"Heart of the Red Zone\",\"tooltip\":\"\\\"(Tier Legend)The pulsating heart of the Red Zone and radiating raw power.\\\"\",\"startingPrice\":5000,\"buyoutPrice\":7000,\"currentBid\":5000,\"duration\":24,\"timestamp\":1757994741.8470001,\"description\":\"\",\"isActive\":true,\"serverName\":\"pzserver\",\"modData\":{},\"enchantMinDamage\":0,\"enchantMaxDamage\":0,\"originalMinDamage\":0,\"originalMaxDamage\":0,\"hasDamageBoost\":false}}","active","2025-09-16 03:56:10.963 +00:00","2025-09-16 03:56:10.963 +00:00"],"parent":{"code":"42703","file":"parse_relation.c","length":117,"line":"3665","name":"error","parameters":["319","Heart of the Red Zone","Type: RMWeapons.HeartOfRedZone | Condition: 10.0% | Buyout: 7000 | Duration: 24h | Server: pzserver",5000,5000,"tester2",7000,"RMWeapons.HeartOfRedZone",0.1,"{}","{\"itemType\":\"RMWeapons.HeartOfRedZone\",\"itemID\":\"128824121\",\"itemName\":\"Heart of the Red Zone\",\"customName\":\"Heart of the Red Zone\",\"condition\":10,\"weight\":0.699999988079071,\"category\":\"Item\",\"description\":\"\",\"tooltip\":\"\\\"(Tier Legend)The pulsating heart of the Red Zone and radiating raw power.\\\"\",\"hasDamageBoost\":false,\"enchantMaxDamage\":0,\"enchantMinDamage\":0,\"originalMaxDamage\":0,\"originalMinDamage\":0}","{\"action\":\"CREATE_AUCTION\",\"timestamp\":\"2025-09-16T03:52:24Z\",\"unixTime\":1757994744.071,\"data\":{\"sellerUsername\":\"admin\",\"sellerSteamID\":76561198139202300,\"itemType\":\"RMWeapons.HeartOfRedZone\",\"itemName\":\"Heart of the Red Zone\",\"itemID\":\"128824121\",\"condition\":10,\"weight\":0.699999988079071,\"category\":\"Item\",\"customName\":\"Heart of the Red Zone\",\"tooltip\":\"\\\"(Tier Legend)The pulsating heart of the Red Zone and radiating raw power.\\\"\",\"startingPrice\":5000,\"buyoutPrice\":7000,\"currentBid\":5000,\"duration\":24,\"timestamp\":1757994741.8470001,\"description\":\"\",\"isActive\":true,\"serverName\":\"pzserver\",\"modData\":{},\"enchantMinDamage\":0,\"enchantMaxDamage\":0,\"originalMinDamage\":0,\"originalMaxDamage\":0,\"hasDamageBoost\":false}}","active","2025-09-16 03:56:10.963 +00:00","2025-09-16 03:56:10.963 +00:00"],"position":"503","routine":"errorMissingColumn","severity":"ERROR","sql":"INSERT INTO \"player_auctions\" (\"itemid\",\"sellerid\",\"itemname\",\"itemdesc\",\"itemprice\",\"lastbid\",\"sellername\",\"buyoutprice\",\"itemtype\",\"itemcondition\",\"moddata\",\"itemdata\",\"originalsource\",\"status\",\"createdAt\",\"updatedAt\") VALUES (DEFAULT,$1,$2,$3,$4,$5,$6,$7,$8,$9,$10,$11,$12,$13,$14,$15) RETURNING \"itemid\",\"sellerid\",\"itemname\",\"itemdesc\",\"itemprice\",\"lastbid\",\"sellername\",\"buyername\",\"buyerid\",\"buyerUsername\",\"buyoutprice\",\"itemtype\",\"itemcondition\",\"moddata\",\"itemdata\",\"originalsource\",\"status\",\"discordMessageId\",\"createdAt\",\"updatedAt\";"},"sql":"INSERT INTO \"player_auctions\" (\"itemid\",\"sellerid\",\"itemname\",\"itemdesc\",\"itemprice\",\"lastbid\",\"sellername\",\"buyoutprice\",\"itemtype\",\"itemcondition\",\"moddata\",\"itemdata\",\"originalsource\",\"status\",\"createdAt\",\"updatedAt\") VALUES (DEFAULT,$1,$2,$3,$4,$5,$6,$7,$8,$9,$10,$11,$12,$13,$14,$15) RETURNING \"itemid\",\"sellerid\",\"itemname\",\"itemdesc\",\"itemprice\",\"lastbid\",\"sellername\",\"buyername\",\"buyerid\",\"buyerUsername\",\"buyoutprice\",\"itemtype\",\"itemcondition\",\"moddata\",\"itemdata\",\"originalsource\",\"status\",\"discordMessageId\",\"createdAt\",\"updatedAt\";","stack":"Error\n    at Query.run (C:\\Users\\Michael\\Zomboid\\Workshop\\ZonaNyamanBotZ\\zomboid-discord-rcon\\node_modules\\sequelize\\lib\\dialects\\postgres\\query.js:50:25)\n    at C:\\Users\\Michael\\Zomboid\\Workshop\\ZonaNyamanBotZ\\zomboid-discord-rcon\\node_modules\\sequelize\\lib\\sequelize.js:315:28\n    at process.processTicksAndRejections (node:internal/process/task_queues:95:5)\n    at async PostgresQueryInterface.insert (C:\\Users\\Michael\\Zomboid\\Workshop\\ZonaNyamanBotZ\\zomboid-discord-rcon\\node_modules\\sequelize\\lib\\dialects\\abstract\\query-interface.js:308:21)\n    at async model.save (C:\\Users\\Michael\\Zomboid\\Workshop\\ZonaNyamanBotZ\\zomboid-discord-rcon\\node_modules\\sequelize\\lib\\model.js:2490:35)\n    at async PlayerAuction.create (C:\\Users\\Michael\\Zomboid\\Workshop\\ZonaNyamanBotZ\\zomboid-discord-rcon\\node_modules\\sequelize\\lib\\model.js:1362:12)\n    at async AuctionLogMonitor.handleCreateAuction (file:///C:/Users/Michael/Zomboid/Workshop/ZonaNyamanBotZ/zomboid-discord-rcon/src/services/auctionLogMonitor.js:223:23)\n    at async AuctionLogMonitor.processAuctionEntry (file:///C:/Users/Michael/Zomboid/Workshop/ZonaNyamanBotZ/zomboid-discord-rcon/src/services/auctionLogMonitor.js:121:11)\n    at async AuctionLogMonitor.scanAndProcessAuctions (file:///C:/Users/Michael/Zomboid/Workshop/ZonaNyamanBotZ/zomboid-discord-rcon/src/services/auctionLogMonitor.js:80:22)\n    at async Timeout._onTimeout (file:///C:/Users/Michael/Zomboid/Workshop/ZonaNyamanBotZ/zomboid-discord-rcon/src/services/auctionLogMonitor.js:36:7)","timestamp":"2025-09-16T03:56:10.982Z"}
{"level":"error","message":"[AuctionLogMonitor] Failed entry data:","timestamp":"2025-09-16T03:56:10.983Z"}
{"level":"warn","message":"[AuctionLogMonitor] Some entries failed; auction log preserved for retry.","timestamp":"2025-09-16T03:56:10.983Z"}
{"level":"info","message":"[AuctionLogMonitor] Found 1 new auction entries","timestamp":"2025-09-16T03:56:40.723Z"}
{"level":"info","message":"[AuctionLogMonitor] Processing CREATE_AUCTION at 2025-09-16T03:52:24Z","timestamp":"2025-09-16T03:56:40.724Z"}
{"level":"error","message":"[AuctionLogMonitor] Error handling CREATE_AUCTION: column \"discordMessageId\" does not exist","name":"SequelizeDatabaseError","original":{"code":"42703","file":"parse_relation.c","length":117,"line":"3665","name":"error","parameters":["319","Heart of the Red Zone","Type: RMWeapons.HeartOfRedZone | Condition: 10.0% | Buyout: 7000 | Duration: 24h | Server: pzserver",5000,5000,"tester2",7000,"RMWeapons.HeartOfRedZone",0.1,"{}","{\"itemType\":\"RMWeapons.HeartOfRedZone\",\"itemID\":\"128824121\",\"itemName\":\"Heart of the Red Zone\",\"customName\":\"Heart of the Red Zone\",\"condition\":10,\"weight\":0.699999988079071,\"category\":\"Item\",\"description\":\"\",\"tooltip\":\"\\\"(Tier Legend)The pulsating heart of the Red Zone and radiating raw power.\\\"\",\"hasDamageBoost\":false,\"enchantMaxDamage\":0,\"enchantMinDamage\":0,\"originalMaxDamage\":0,\"originalMinDamage\":0}","{\"action\":\"CREATE_AUCTION\",\"timestamp\":\"2025-09-16T03:52:24Z\",\"unixTime\":1757994744.071,\"data\":{\"sellerUsername\":\"admin\",\"sellerSteamID\":76561198139202300,\"itemType\":\"RMWeapons.HeartOfRedZone\",\"itemName\":\"Heart of the Red Zone\",\"itemID\":\"128824121\",\"condition\":10,\"weight\":0.699999988079071,\"category\":\"Item\",\"customName\":\"Heart of the Red Zone\",\"tooltip\":\"\\\"(Tier Legend)The pulsating heart of the Red Zone and radiating raw power.\\\"\",\"startingPrice\":5000,\"buyoutPrice\":7000,\"currentBid\":5000,\"duration\":24,\"timestamp\":1757994741.8470001,\"description\":\"\",\"isActive\":true,\"serverName\":\"pzserver\",\"modData\":{},\"enchantMinDamage\":0,\"enchantMaxDamage\":0,\"originalMinDamage\":0,\"originalMaxDamage\":0,\"hasDamageBoost\":false}}","active","2025-09-16 03:56:40.998 +00:00","2025-09-16 03:56:40.998 +00:00"],"position":"503","routine":"errorMissingColumn","severity":"ERROR","sql":"INSERT INTO \"player_auctions\" (\"itemid\",\"sellerid\",\"itemname\",\"itemdesc\",\"itemprice\",\"lastbid\",\"sellername\",\"buyoutprice\",\"itemtype\",\"itemcondition\",\"moddata\",\"itemdata\",\"originalsource\",\"status\",\"createdAt\",\"updatedAt\") VALUES (DEFAULT,$1,$2,$3,$4,$5,$6,$7,$8,$9,$10,$11,$12,$13,$14,$15) RETURNING \"itemid\",\"sellerid\",\"itemname\",\"itemdesc\",\"itemprice\",\"lastbid\",\"sellername\",\"buyername\",\"buyerid\",\"buyerUsername\",\"buyoutprice\",\"itemtype\",\"itemcondition\",\"moddata\",\"itemdata\",\"originalsource\",\"status\",\"discordMessageId\",\"createdAt\",\"updatedAt\";"},"parameters":["319","Heart of the Red Zone","Type: RMWeapons.HeartOfRedZone | Condition: 10.0% | Buyout: 7000 | Duration: 24h | Server: pzserver",5000,5000,"tester2",7000,"RMWeapons.HeartOfRedZone",0.1,"{}","{\"itemType\":\"RMWeapons.HeartOfRedZone\",\"itemID\":\"128824121\",\"itemName\":\"Heart of the Red Zone\",\"customName\":\"Heart of the Red Zone\",\"condition\":10,\"weight\":0.699999988079071,\"category\":\"Item\",\"description\":\"\",\"tooltip\":\"\\\"(Tier Legend)The pulsating heart of the Red Zone and radiating raw power.\\\"\",\"hasDamageBoost\":false,\"enchantMaxDamage\":0,\"enchantMinDamage\":0,\"originalMaxDamage\":0,\"originalMinDamage\":0}","{\"action\":\"CREATE_AUCTION\",\"timestamp\":\"2025-09-16T03:52:24Z\",\"unixTime\":1757994744.071,\"data\":{\"sellerUsername\":\"admin\",\"sellerSteamID\":76561198139202300,\"itemType\":\"RMWeapons.HeartOfRedZone\",\"itemName\":\"Heart of the Red Zone\",\"itemID\":\"128824121\",\"condition\":10,\"weight\":0.699999988079071,\"category\":\"Item\",\"customName\":\"Heart of the Red Zone\",\"tooltip\":\"\\\"(Tier Legend)The pulsating heart of the Red Zone and radiating raw power.\\\"\",\"startingPrice\":5000,\"buyoutPrice\":7000,\"currentBid\":5000,\"duration\":24,\"timestamp\":1757994741.8470001,\"description\":\"\",\"isActive\":true,\"serverName\":\"pzserver\",\"modData\":{},\"enchantMinDamage\":0,\"enchantMaxDamage\":0,\"originalMinDamage\":0,\"originalMaxDamage\":0,\"hasDamageBoost\":false}}","active","2025-09-16 03:56:40.998 +00:00","2025-09-16 03:56:40.998 +00:00"],"parent":{"code":"42703","file":"parse_relation.c","length":117,"line":"3665","name":"error","parameters":["319","Heart of the Red Zone","Type: RMWeapons.HeartOfRedZone | Condition: 10.0% | Buyout: 7000 | Duration: 24h | Server: pzserver",5000,5000,"tester2",7000,"RMWeapons.HeartOfRedZone",0.1,"{}","{\"itemType\":\"RMWeapons.HeartOfRedZone\",\"itemID\":\"128824121\",\"itemName\":\"Heart of the Red Zone\",\"customName\":\"Heart of the Red Zone\",\"condition\":10,\"weight\":0.699999988079071,\"category\":\"Item\",\"description\":\"\",\"tooltip\":\"\\\"(Tier Legend)The pulsating heart of the Red Zone and radiating raw power.\\\"\",\"hasDamageBoost\":false,\"enchantMaxDamage\":0,\"enchantMinDamage\":0,\"originalMaxDamage\":0,\"originalMinDamage\":0}","{\"action\":\"CREATE_AUCTION\",\"timestamp\":\"2025-09-16T03:52:24Z\",\"unixTime\":1757994744.071,\"data\":{\"sellerUsername\":\"admin\",\"sellerSteamID\":76561198139202300,\"itemType\":\"RMWeapons.HeartOfRedZone\",\"itemName\":\"Heart of the Red Zone\",\"itemID\":\"128824121\",\"condition\":10,\"weight\":0.699999988079071,\"category\":\"Item\",\"customName\":\"Heart of the Red Zone\",\"tooltip\":\"\\\"(Tier Legend)The pulsating heart of the Red Zone and radiating raw power.\\\"\",\"startingPrice\":5000,\"buyoutPrice\":7000,\"currentBid\":5000,\"duration\":24,\"timestamp\":1757994741.8470001,\"description\":\"\",\"isActive\":true,\"serverName\":\"pzserver\",\"modData\":{},\"enchantMinDamage\":0,\"enchantMaxDamage\":0,\"originalMinDamage\":0,\"originalMaxDamage\":0,\"hasDamageBoost\":false}}","active","2025-09-16 03:56:40.998 +00:00","2025-09-16 03:56:40.998 +00:00"],"position":"503","routine":"errorMissingColumn","severity":"ERROR","sql":"INSERT INTO \"player_auctions\" (\"itemid\",\"sellerid\",\"itemname\",\"itemdesc\",\"itemprice\",\"lastbid\",\"sellername\",\"buyoutprice\",\"itemtype\",\"itemcondition\",\"moddata\",\"itemdata\",\"originalsource\",\"status\",\"createdAt\",\"updatedAt\") VALUES (DEFAULT,$1,$2,$3,$4,$5,$6,$7,$8,$9,$10,$11,$12,$13,$14,$15) RETURNING \"itemid\",\"sellerid\",\"itemname\",\"itemdesc\",\"itemprice\",\"lastbid\",\"sellername\",\"buyername\",\"buyerid\",\"buyerUsername\",\"buyoutprice\",\"itemtype\",\"itemcondition\",\"moddata\",\"itemdata\",\"originalsource\",\"status\",\"discordMessageId\",\"createdAt\",\"updatedAt\";"},"sql":"INSERT INTO \"player_auctions\" (\"itemid\",\"sellerid\",\"itemname\",\"itemdesc\",\"itemprice\",\"lastbid\",\"sellername\",\"buyoutprice\",\"itemtype\",\"itemcondition\",\"moddata\",\"itemdata\",\"originalsource\",\"status\",\"createdAt\",\"updatedAt\") VALUES (DEFAULT,$1,$2,$3,$4,$5,$6,$7,$8,$9,$10,$11,$12,$13,$14,$15) RETURNING \"itemid\",\"sellerid\",\"itemname\",\"itemdesc\",\"itemprice\",\"lastbid\",\"sellername\",\"buyername\",\"buyerid\",\"buyerUsername\",\"buyoutprice\",\"itemtype\",\"itemcondition\",\"moddata\",\"itemdata\",\"originalsource\",\"status\",\"discordMessageId\",\"createdAt\",\"updatedAt\";","stack":"Error\n    at Query.run (C:\\Users\\Michael\\Zomboid\\Workshop\\ZonaNyamanBotZ\\zomboid-discord-rcon\\node_modules\\sequelize\\lib\\dialects\\postgres\\query.js:50:25)\n    at C:\\Users\\Michael\\Zomboid\\Workshop\\ZonaNyamanBotZ\\zomboid-discord-rcon\\node_modules\\sequelize\\lib\\sequelize.js:315:28\n    at process.processTicksAndRejections (node:internal/process/task_queues:95:5)\n    at async PostgresQueryInterface.insert (C:\\Users\\Michael\\Zomboid\\Workshop\\ZonaNyamanBotZ\\zomboid-discord-rcon\\node_modules\\sequelize\\lib\\dialects\\abstract\\query-interface.js:308:21)\n    at async model.save (C:\\Users\\Michael\\Zomboid\\Workshop\\ZonaNyamanBotZ\\zomboid-discord-rcon\\node_modules\\sequelize\\lib\\model.js:2490:35)\n    at async PlayerAuction.create (C:\\Users\\Michael\\Zomboid\\Workshop\\ZonaNyamanBotZ\\zomboid-discord-rcon\\node_modules\\sequelize\\lib\\model.js:1362:12)\n    at async AuctionLogMonitor.handleCreateAuction (file:///C:/Users/Michael/Zomboid/Workshop/ZonaNyamanBotZ/zomboid-discord-rcon/src/services/auctionLogMonitor.js:223:23)\n    at async AuctionLogMonitor.processAuctionEntry (file:///C:/Users/Michael/Zomboid/Workshop/ZonaNyamanBotZ/zomboid-discord-rcon/src/services/auctionLogMonitor.js:121:11)\n    at async AuctionLogMonitor.scanAndProcessAuctions (file:///C:/Users/Michael/Zomboid/Workshop/ZonaNyamanBotZ/zomboid-discord-rcon/src/services/auctionLogMonitor.js:80:22)\n    at async Timeout._onTimeout (file:///C:/Users/Michael/Zomboid/Workshop/ZonaNyamanBotZ/zomboid-discord-rcon/src/services/auctionLogMonitor.js:36:7)","timestamp":"2025-09-16T03:56:41.020Z"}
{"level":"error","message":"[AuctionLogMonitor] Error processing auction entry: column \"discordMessageId\" does not exist","name":"SequelizeDatabaseError","original":{"code":"42703","file":"parse_relation.c","length":117,"line":"3665","name":"error","parameters":["319","Heart of the Red Zone","Type: RMWeapons.HeartOfRedZone | Condition: 10.0% | Buyout: 7000 | Duration: 24h | Server: pzserver",5000,5000,"tester2",7000,"RMWeapons.HeartOfRedZone",0.1,"{}","{\"itemType\":\"RMWeapons.HeartOfRedZone\",\"itemID\":\"128824121\",\"itemName\":\"Heart of the Red Zone\",\"customName\":\"Heart of the Red Zone\",\"condition\":10,\"weight\":0.699999988079071,\"category\":\"Item\",\"description\":\"\",\"tooltip\":\"\\\"(Tier Legend)The pulsating heart of the Red Zone and radiating raw power.\\\"\",\"hasDamageBoost\":false,\"enchantMaxDamage\":0,\"enchantMinDamage\":0,\"originalMaxDamage\":0,\"originalMinDamage\":0}","{\"action\":\"CREATE_AUCTION\",\"timestamp\":\"2025-09-16T03:52:24Z\",\"unixTime\":1757994744.071,\"data\":{\"sellerUsername\":\"admin\",\"sellerSteamID\":76561198139202300,\"itemType\":\"RMWeapons.HeartOfRedZone\",\"itemName\":\"Heart of the Red Zone\",\"itemID\":\"128824121\",\"condition\":10,\"weight\":0.699999988079071,\"category\":\"Item\",\"customName\":\"Heart of the Red Zone\",\"tooltip\":\"\\\"(Tier Legend)The pulsating heart of the Red Zone and radiating raw power.\\\"\",\"startingPrice\":5000,\"buyoutPrice\":7000,\"currentBid\":5000,\"duration\":24,\"timestamp\":1757994741.8470001,\"description\":\"\",\"isActive\":true,\"serverName\":\"pzserver\",\"modData\":{},\"enchantMinDamage\":0,\"enchantMaxDamage\":0,\"originalMinDamage\":0,\"originalMaxDamage\":0,\"hasDamageBoost\":false}}","active","2025-09-16 03:56:40.998 +00:00","2025-09-16 03:56:40.998 +00:00"],"position":"503","routine":"errorMissingColumn","severity":"ERROR","sql":"INSERT INTO \"player_auctions\" (\"itemid\",\"sellerid\",\"itemname\",\"itemdesc\",\"itemprice\",\"lastbid\",\"sellername\",\"buyoutprice\",\"itemtype\",\"itemcondition\",\"moddata\",\"itemdata\",\"originalsource\",\"status\",\"createdAt\",\"updatedAt\") VALUES (DEFAULT,$1,$2,$3,$4,$5,$6,$7,$8,$9,$10,$11,$12,$13,$14,$15) RETURNING \"itemid\",\"sellerid\",\"itemname\",\"itemdesc\",\"itemprice\",\"lastbid\",\"sellername\",\"buyername\",\"buyerid\",\"buyerUsername\",\"buyoutprice\",\"itemtype\",\"itemcondition\",\"moddata\",\"itemdata\",\"originalsource\",\"status\",\"discordMessageId\",\"createdAt\",\"updatedAt\";"},"parameters":["319","Heart of the Red Zone","Type: RMWeapons.HeartOfRedZone | Condition: 10.0% | Buyout: 7000 | Duration: 24h | Server: pzserver",5000,5000,"tester2",7000,"RMWeapons.HeartOfRedZone",0.1,"{}","{\"itemType\":\"RMWeapons.HeartOfRedZone\",\"itemID\":\"128824121\",\"itemName\":\"Heart of the Red Zone\",\"customName\":\"Heart of the Red Zone\",\"condition\":10,\"weight\":0.699999988079071,\"category\":\"Item\",\"description\":\"\",\"tooltip\":\"\\\"(Tier Legend)The pulsating heart of the Red Zone and radiating raw power.\\\"\",\"hasDamageBoost\":false,\"enchantMaxDamage\":0,\"enchantMinDamage\":0,\"originalMaxDamage\":0,\"originalMinDamage\":0}","{\"action\":\"CREATE_AUCTION\",\"timestamp\":\"2025-09-16T03:52:24Z\",\"unixTime\":1757994744.071,\"data\":{\"sellerUsername\":\"admin\",\"sellerSteamID\":76561198139202300,\"itemType\":\"RMWeapons.HeartOfRedZone\",\"itemName\":\"Heart of the Red Zone\",\"itemID\":\"128824121\",\"condition\":10,\"weight\":0.699999988079071,\"category\":\"Item\",\"customName\":\"Heart of the Red Zone\",\"tooltip\":\"\\\"(Tier Legend)The pulsating heart of the Red Zone and radiating raw power.\\\"\",\"startingPrice\":5000,\"buyoutPrice\":7000,\"currentBid\":5000,\"duration\":24,\"timestamp\":1757994741.8470001,\"description\":\"\",\"isActive\":true,\"serverName\":\"pzserver\",\"modData\":{},\"enchantMinDamage\":0,\"enchantMaxDamage\":0,\"originalMinDamage\":0,\"originalMaxDamage\":0,\"hasDamageBoost\":false}}","active","2025-09-16 03:56:40.998 +00:00","2025-09-16 03:56:40.998 +00:00"],"parent":{"code":"42703","file":"parse_relation.c","length":117,"line":"3665","name":"error","parameters":["319","Heart of the Red Zone","Type: RMWeapons.HeartOfRedZone | Condition: 10.0% | Buyout: 7000 | Duration: 24h | Server: pzserver",5000,5000,"tester2",7000,"RMWeapons.HeartOfRedZone",0.1,"{}","{\"itemType\":\"RMWeapons.HeartOfRedZone\",\"itemID\":\"128824121\",\"itemName\":\"Heart of the Red Zone\",\"customName\":\"Heart of the Red Zone\",\"condition\":10,\"weight\":0.699999988079071,\"category\":\"Item\",\"description\":\"\",\"tooltip\":\"\\\"(Tier Legend)The pulsating heart of the Red Zone and radiating raw power.\\\"\",\"hasDamageBoost\":false,\"enchantMaxDamage\":0,\"enchantMinDamage\":0,\"originalMaxDamage\":0,\"originalMinDamage\":0}","{\"action\":\"CREATE_AUCTION\",\"timestamp\":\"2025-09-16T03:52:24Z\",\"unixTime\":1757994744.071,\"data\":{\"sellerUsername\":\"admin\",\"sellerSteamID\":76561198139202300,\"itemType\":\"RMWeapons.HeartOfRedZone\",\"itemName\":\"Heart of the Red Zone\",\"itemID\":\"128824121\",\"condition\":10,\"weight\":0.699999988079071,\"category\":\"Item\",\"customName\":\"Heart of the Red Zone\",\"tooltip\":\"\\\"(Tier Legend)The pulsating heart of the Red Zone and radiating raw power.\\\"\",\"startingPrice\":5000,\"buyoutPrice\":7000,\"currentBid\":5000,\"duration\":24,\"timestamp\":1757994741.8470001,\"description\":\"\",\"isActive\":true,\"serverName\":\"pzserver\",\"modData\":{},\"enchantMinDamage\":0,\"enchantMaxDamage\":0,\"originalMinDamage\":0,\"originalMaxDamage\":0,\"hasDamageBoost\":false}}","active","2025-09-16 03:56:40.998 +00:00","2025-09-16 03:56:40.998 +00:00"],"position":"503","routine":"errorMissingColumn","severity":"ERROR","sql":"INSERT INTO \"player_auctions\" (\"itemid\",\"sellerid\",\"itemname\",\"itemdesc\",\"itemprice\",\"lastbid\",\"sellername\",\"buyoutprice\",\"itemtype\",\"itemcondition\",\"moddata\",\"itemdata\",\"originalsource\",\"status\",\"createdAt\",\"updatedAt\") VALUES (DEFAULT,$1,$2,$3,$4,$5,$6,$7,$8,$9,$10,$11,$12,$13,$14,$15) RETURNING \"itemid\",\"sellerid\",\"itemname\",\"itemdesc\",\"itemprice\",\"lastbid\",\"sellername\",\"buyername\",\"buyerid\",\"buyerUsername\",\"buyoutprice\",\"itemtype\",\"itemcondition\",\"moddata\",\"itemdata\",\"originalsource\",\"status\",\"discordMessageId\",\"createdAt\",\"updatedAt\";"},"sql":"INSERT INTO \"player_auctions\" (\"itemid\",\"sellerid\",\"itemname\",\"itemdesc\",\"itemprice\",\"lastbid\",\"sellername\",\"buyoutprice\",\"itemtype\",\"itemcondition\",\"moddata\",\"itemdata\",\"originalsource\",\"status\",\"createdAt\",\"updatedAt\") VALUES (DEFAULT,$1,$2,$3,$4,$5,$6,$7,$8,$9,$10,$11,$12,$13,$14,$15) RETURNING \"itemid\",\"sellerid\",\"itemname\",\"itemdesc\",\"itemprice\",\"lastbid\",\"sellername\",\"buyername\",\"buyerid\",\"buyerUsername\",\"buyoutprice\",\"itemtype\",\"itemcondition\",\"moddata\",\"itemdata\",\"originalsource\",\"status\",\"discordMessageId\",\"createdAt\",\"updatedAt\";","stack":"Error\n    at Query.run (C:\\Users\\Michael\\Zomboid\\Workshop\\ZonaNyamanBotZ\\zomboid-discord-rcon\\node_modules\\sequelize\\lib\\dialects\\postgres\\query.js:50:25)\n    at C:\\Users\\Michael\\Zomboid\\Workshop\\ZonaNyamanBotZ\\zomboid-discord-rcon\\node_modules\\sequelize\\lib\\sequelize.js:315:28\n    at process.processTicksAndRejections (node:internal/process/task_queues:95:5)\n    at async PostgresQueryInterface.insert (C:\\Users\\Michael\\Zomboid\\Workshop\\ZonaNyamanBotZ\\zomboid-discord-rcon\\node_modules\\sequelize\\lib\\dialects\\abstract\\query-interface.js:308:21)\n    at async model.save (C:\\Users\\Michael\\Zomboid\\Workshop\\ZonaNyamanBotZ\\zomboid-discord-rcon\\node_modules\\sequelize\\lib\\model.js:2490:35)\n    at async PlayerAuction.create (C:\\Users\\Michael\\Zomboid\\Workshop\\ZonaNyamanBotZ\\zomboid-discord-rcon\\node_modules\\sequelize\\lib\\model.js:1362:12)\n    at async AuctionLogMonitor.handleCreateAuction (file:///C:/Users/Michael/Zomboid/Workshop/ZonaNyamanBotZ/zomboid-discord-rcon/src/services/auctionLogMonitor.js:223:23)\n    at async AuctionLogMonitor.processAuctionEntry (file:///C:/Users/Michael/Zomboid/Workshop/ZonaNyamanBotZ/zomboid-discord-rcon/src/services/auctionLogMonitor.js:121:11)\n    at async AuctionLogMonitor.scanAndProcessAuctions (file:///C:/Users/Michael/Zomboid/Workshop/ZonaNyamanBotZ/zomboid-discord-rcon/src/services/auctionLogMonitor.js:80:22)\n    at async Timeout._onTimeout (file:///C:/Users/Michael/Zomboid/Workshop/ZonaNyamanBotZ/zomboid-discord-rcon/src/services/auctionLogMonitor.js:36:7)","timestamp":"2025-09-16T03:56:41.023Z"}
{"level":"error","message":"[AuctionLogMonitor] Failed entry data:","timestamp":"2025-09-16T03:56:41.026Z"}
{"level":"warn","message":"[AuctionLogMonitor] Some entries failed; auction log preserved for retry.","timestamp":"2025-09-16T03:56:41.026Z"}
{"level":"info","message":"[AuctionLogMonitor] Found 1 new auction entries","timestamp":"2025-09-16T03:57:10.745Z"}
{"level":"info","message":"[AuctionLogMonitor] Processing CREATE_AUCTION at 2025-09-16T03:52:24Z","timestamp":"2025-09-16T03:57:10.745Z"}
{"level":"error","message":"[AuctionLogMonitor] Error handling CREATE_AUCTION: column \"discordMessageId\" does not exist","name":"SequelizeDatabaseError","original":{"code":"42703","file":"parse_relation.c","length":117,"line":"3665","name":"error","parameters":["319","Heart of the Red Zone","Type: RMWeapons.HeartOfRedZone | Condition: 10.0% | Buyout: 7000 | Duration: 24h | Server: pzserver",5000,5000,"tester2",7000,"RMWeapons.HeartOfRedZone",0.1,"{}","{\"itemType\":\"RMWeapons.HeartOfRedZone\",\"itemID\":\"128824121\",\"itemName\":\"Heart of the Red Zone\",\"customName\":\"Heart of the Red Zone\",\"condition\":10,\"weight\":0.699999988079071,\"category\":\"Item\",\"description\":\"\",\"tooltip\":\"\\\"(Tier Legend)The pulsating heart of the Red Zone and radiating raw power.\\\"\",\"hasDamageBoost\":false,\"enchantMaxDamage\":0,\"enchantMinDamage\":0,\"originalMaxDamage\":0,\"originalMinDamage\":0}","{\"action\":\"CREATE_AUCTION\",\"timestamp\":\"2025-09-16T03:52:24Z\",\"unixTime\":1757994744.071,\"data\":{\"sellerUsername\":\"admin\",\"sellerSteamID\":76561198139202300,\"itemType\":\"RMWeapons.HeartOfRedZone\",\"itemName\":\"Heart of the Red Zone\",\"itemID\":\"128824121\",\"condition\":10,\"weight\":0.699999988079071,\"category\":\"Item\",\"customName\":\"Heart of the Red Zone\",\"tooltip\":\"\\\"(Tier Legend)The pulsating heart of the Red Zone and radiating raw power.\\\"\",\"startingPrice\":5000,\"buyoutPrice\":7000,\"currentBid\":5000,\"duration\":24,\"timestamp\":1757994741.8470001,\"description\":\"\",\"isActive\":true,\"serverName\":\"pzserver\",\"modData\":{},\"enchantMinDamage\":0,\"enchantMaxDamage\":0,\"originalMinDamage\":0,\"originalMaxDamage\":0,\"hasDamageBoost\":false}}","active","2025-09-16 03:57:10.958 +00:00","2025-09-16 03:57:10.958 +00:00"],"position":"503","routine":"errorMissingColumn","severity":"ERROR","sql":"INSERT INTO \"player_auctions\" (\"itemid\",\"sellerid\",\"itemname\",\"itemdesc\",\"itemprice\",\"lastbid\",\"sellername\",\"buyoutprice\",\"itemtype\",\"itemcondition\",\"moddata\",\"itemdata\",\"originalsource\",\"status\",\"createdAt\",\"updatedAt\") VALUES (DEFAULT,$1,$2,$3,$4,$5,$6,$7,$8,$9,$10,$11,$12,$13,$14,$15) RETURNING \"itemid\",\"sellerid\",\"itemname\",\"itemdesc\",\"itemprice\",\"lastbid\",\"sellername\",\"buyername\",\"buyerid\",\"buyerUsername\",\"buyoutprice\",\"itemtype\",\"itemcondition\",\"moddata\",\"itemdata\",\"originalsource\",\"status\",\"discordMessageId\",\"createdAt\",\"updatedAt\";"},"parameters":["319","Heart of the Red Zone","Type: RMWeapons.HeartOfRedZone | Condition: 10.0% | Buyout: 7000 | Duration: 24h | Server: pzserver",5000,5000,"tester2",7000,"RMWeapons.HeartOfRedZone",0.1,"{}","{\"itemType\":\"RMWeapons.HeartOfRedZone\",\"itemID\":\"128824121\",\"itemName\":\"Heart of the Red Zone\",\"customName\":\"Heart of the Red Zone\",\"condition\":10,\"weight\":0.699999988079071,\"category\":\"Item\",\"description\":\"\",\"tooltip\":\"\\\"(Tier Legend)The pulsating heart of the Red Zone and radiating raw power.\\\"\",\"hasDamageBoost\":false,\"enchantMaxDamage\":0,\"enchantMinDamage\":0,\"originalMaxDamage\":0,\"originalMinDamage\":0}","{\"action\":\"CREATE_AUCTION\",\"timestamp\":\"2025-09-16T03:52:24Z\",\"unixTime\":1757994744.071,\"data\":{\"sellerUsername\":\"admin\",\"sellerSteamID\":76561198139202300,\"itemType\":\"RMWeapons.HeartOfRedZone\",\"itemName\":\"Heart of the Red Zone\",\"itemID\":\"128824121\",\"condition\":10,\"weight\":0.699999988079071,\"category\":\"Item\",\"customName\":\"Heart of the Red Zone\",\"tooltip\":\"\\\"(Tier Legend)The pulsating heart of the Red Zone and radiating raw power.\\\"\",\"startingPrice\":5000,\"buyoutPrice\":7000,\"currentBid\":5000,\"duration\":24,\"timestamp\":1757994741.8470001,\"description\":\"\",\"isActive\":true,\"serverName\":\"pzserver\",\"modData\":{},\"enchantMinDamage\":0,\"enchantMaxDamage\":0,\"originalMinDamage\":0,\"originalMaxDamage\":0,\"hasDamageBoost\":false}}","active","2025-09-16 03:57:10.958 +00:00","2025-09-16 03:57:10.958 +00:00"],"parent":{"code":"42703","file":"parse_relation.c","length":117,"line":"3665","name":"error","parameters":["319","Heart of the Red Zone","Type: RMWeapons.HeartOfRedZone | Condition: 10.0% | Buyout: 7000 | Duration: 24h | Server: pzserver",5000,5000,"tester2",7000,"RMWeapons.HeartOfRedZone",0.1,"{}","{\"itemType\":\"RMWeapons.HeartOfRedZone\",\"itemID\":\"128824121\",\"itemName\":\"Heart of the Red Zone\",\"customName\":\"Heart of the Red Zone\",\"condition\":10,\"weight\":0.699999988079071,\"category\":\"Item\",\"description\":\"\",\"tooltip\":\"\\\"(Tier Legend)The pulsating heart of the Red Zone and radiating raw power.\\\"\",\"hasDamageBoost\":false,\"enchantMaxDamage\":0,\"enchantMinDamage\":0,\"originalMaxDamage\":0,\"originalMinDamage\":0}","{\"action\":\"CREATE_AUCTION\",\"timestamp\":\"2025-09-16T03:52:24Z\",\"unixTime\":1757994744.071,\"data\":{\"sellerUsername\":\"admin\",\"sellerSteamID\":76561198139202300,\"itemType\":\"RMWeapons.HeartOfRedZone\",\"itemName\":\"Heart of the Red Zone\",\"itemID\":\"128824121\",\"condition\":10,\"weight\":0.699999988079071,\"category\":\"Item\",\"customName\":\"Heart of the Red Zone\",\"tooltip\":\"\\\"(Tier Legend)The pulsating heart of the Red Zone and radiating raw power.\\\"\",\"startingPrice\":5000,\"buyoutPrice\":7000,\"currentBid\":5000,\"duration\":24,\"timestamp\":1757994741.8470001,\"description\":\"\",\"isActive\":true,\"serverName\":\"pzserver\",\"modData\":{},\"enchantMinDamage\":0,\"enchantMaxDamage\":0,\"originalMinDamage\":0,\"originalMaxDamage\":0,\"hasDamageBoost\":false}}","active","2025-09-16 03:57:10.958 +00:00","2025-09-16 03:57:10.958 +00:00"],"position":"503","routine":"errorMissingColumn","severity":"ERROR","sql":"INSERT INTO \"player_auctions\" (\"itemid\",\"sellerid\",\"itemname\",\"itemdesc\",\"itemprice\",\"lastbid\",\"sellername\",\"buyoutprice\",\"itemtype\",\"itemcondition\",\"moddata\",\"itemdata\",\"originalsource\",\"status\",\"createdAt\",\"updatedAt\") VALUES (DEFAULT,$1,$2,$3,$4,$5,$6,$7,$8,$9,$10,$11,$12,$13,$14,$15) RETURNING \"itemid\",\"sellerid\",\"itemname\",\"itemdesc\",\"itemprice\",\"lastbid\",\"sellername\",\"buyername\",\"buyerid\",\"buyerUsername\",\"buyoutprice\",\"itemtype\",\"itemcondition\",\"moddata\",\"itemdata\",\"originalsource\",\"status\",\"discordMessageId\",\"createdAt\",\"updatedAt\";"},"sql":"INSERT INTO \"player_auctions\" (\"itemid\",\"sellerid\",\"itemname\",\"itemdesc\",\"itemprice\",\"lastbid\",\"sellername\",\"buyoutprice\",\"itemtype\",\"itemcondition\",\"moddata\",\"itemdata\",\"originalsource\",\"status\",\"createdAt\",\"updatedAt\") VALUES (DEFAULT,$1,$2,$3,$4,$5,$6,$7,$8,$9,$10,$11,$12,$13,$14,$15) RETURNING \"itemid\",\"sellerid\",\"itemname\",\"itemdesc\",\"itemprice\",\"lastbid\",\"sellername\",\"buyername\",\"buyerid\",\"buyerUsername\",\"buyoutprice\",\"itemtype\",\"itemcondition\",\"moddata\",\"itemdata\",\"originalsource\",\"status\",\"discordMessageId\",\"createdAt\",\"updatedAt\";","stack":"Error\n    at Query.run (C:\\Users\\Michael\\Zomboid\\Workshop\\ZonaNyamanBotZ\\zomboid-discord-rcon\\node_modules\\sequelize\\lib\\dialects\\postgres\\query.js:50:25)\n    at C:\\Users\\Michael\\Zomboid\\Workshop\\ZonaNyamanBotZ\\zomboid-discord-rcon\\node_modules\\sequelize\\lib\\sequelize.js:315:28\n    at process.processTicksAndRejections (node:internal/process/task_queues:95:5)\n    at async PostgresQueryInterface.insert (C:\\Users\\Michael\\Zomboid\\Workshop\\ZonaNyamanBotZ\\zomboid-discord-rcon\\node_modules\\sequelize\\lib\\dialects\\abstract\\query-interface.js:308:21)\n    at async model.save (C:\\Users\\Michael\\Zomboid\\Workshop\\ZonaNyamanBotZ\\zomboid-discord-rcon\\node_modules\\sequelize\\lib\\model.js:2490:35)\n    at async PlayerAuction.create (C:\\Users\\Michael\\Zomboid\\Workshop\\ZonaNyamanBotZ\\zomboid-discord-rcon\\node_modules\\sequelize\\lib\\model.js:1362:12)\n    at async AuctionLogMonitor.handleCreateAuction (file:///C:/Users/Michael/Zomboid/Workshop/ZonaNyamanBotZ/zomboid-discord-rcon/src/services/auctionLogMonitor.js:223:23)\n    at async AuctionLogMonitor.processAuctionEntry (file:///C:/Users/Michael/Zomboid/Workshop/ZonaNyamanBotZ/zomboid-discord-rcon/src/services/auctionLogMonitor.js:121:11)\n    at async AuctionLogMonitor.scanAndProcessAuctions (file:///C:/Users/Michael/Zomboid/Workshop/ZonaNyamanBotZ/zomboid-discord-rcon/src/services/auctionLogMonitor.js:80:22)\n    at async Timeout._onTimeout (file:///C:/Users/Michael/Zomboid/Workshop/ZonaNyamanBotZ/zomboid-discord-rcon/src/services/auctionLogMonitor.js:36:7)","timestamp":"2025-09-16T03:57:10.978Z"}
{"level":"error","message":"[AuctionLogMonitor] Error processing auction entry: column \"discordMessageId\" does not exist","name":"SequelizeDatabaseError","original":{"code":"42703","file":"parse_relation.c","length":117,"line":"3665","name":"error","parameters":["319","Heart of the Red Zone","Type: RMWeapons.HeartOfRedZone | Condition: 10.0% | Buyout: 7000 | Duration: 24h | Server: pzserver",5000,5000,"tester2",7000,"RMWeapons.HeartOfRedZone",0.1,"{}","{\"itemType\":\"RMWeapons.HeartOfRedZone\",\"itemID\":\"128824121\",\"itemName\":\"Heart of the Red Zone\",\"customName\":\"Heart of the Red Zone\",\"condition\":10,\"weight\":0.699999988079071,\"category\":\"Item\",\"description\":\"\",\"tooltip\":\"\\\"(Tier Legend)The pulsating heart of the Red Zone and radiating raw power.\\\"\",\"hasDamageBoost\":false,\"enchantMaxDamage\":0,\"enchantMinDamage\":0,\"originalMaxDamage\":0,\"originalMinDamage\":0}","{\"action\":\"CREATE_AUCTION\",\"timestamp\":\"2025-09-16T03:52:24Z\",\"unixTime\":1757994744.071,\"data\":{\"sellerUsername\":\"admin\",\"sellerSteamID\":76561198139202300,\"itemType\":\"RMWeapons.HeartOfRedZone\",\"itemName\":\"Heart of the Red Zone\",\"itemID\":\"128824121\",\"condition\":10,\"weight\":0.699999988079071,\"category\":\"Item\",\"customName\":\"Heart of the Red Zone\",\"tooltip\":\"\\\"(Tier Legend)The pulsating heart of the Red Zone and radiating raw power.\\\"\",\"startingPrice\":5000,\"buyoutPrice\":7000,\"currentBid\":5000,\"duration\":24,\"timestamp\":1757994741.8470001,\"description\":\"\",\"isActive\":true,\"serverName\":\"pzserver\",\"modData\":{},\"enchantMinDamage\":0,\"enchantMaxDamage\":0,\"originalMinDamage\":0,\"originalMaxDamage\":0,\"hasDamageBoost\":false}}","active","2025-09-16 03:57:10.958 +00:00","2025-09-16 03:57:10.958 +00:00"],"position":"503","routine":"errorMissingColumn","severity":"ERROR","sql":"INSERT INTO \"player_auctions\" (\"itemid\",\"sellerid\",\"itemname\",\"itemdesc\",\"itemprice\",\"lastbid\",\"sellername\",\"buyoutprice\",\"itemtype\",\"itemcondition\",\"moddata\",\"itemdata\",\"originalsource\",\"status\",\"createdAt\",\"updatedAt\") VALUES (DEFAULT,$1,$2,$3,$4,$5,$6,$7,$8,$9,$10,$11,$12,$13,$14,$15) RETURNING \"itemid\",\"sellerid\",\"itemname\",\"itemdesc\",\"itemprice\",\"lastbid\",\"sellername\",\"buyername\",\"buyerid\",\"buyerUsername\",\"buyoutprice\",\"itemtype\",\"itemcondition\",\"moddata\",\"itemdata\",\"originalsource\",\"status\",\"discordMessageId\",\"createdAt\",\"updatedAt\";"},"parameters":["319","Heart of the Red Zone","Type: RMWeapons.HeartOfRedZone | Condition: 10.0% | Buyout: 7000 | Duration: 24h | Server: pzserver",5000,5000,"tester2",7000,"RMWeapons.HeartOfRedZone",0.1,"{}","{\"itemType\":\"RMWeapons.HeartOfRedZone\",\"itemID\":\"128824121\",\"itemName\":\"Heart of the Red Zone\",\"customName\":\"Heart of the Red Zone\",\"condition\":10,\"weight\":0.699999988079071,\"category\":\"Item\",\"description\":\"\",\"tooltip\":\"\\\"(Tier Legend)The pulsating heart of the Red Zone and radiating raw power.\\\"\",\"hasDamageBoost\":false,\"enchantMaxDamage\":0,\"enchantMinDamage\":0,\"originalMaxDamage\":0,\"originalMinDamage\":0}","{\"action\":\"CREATE_AUCTION\",\"timestamp\":\"2025-09-16T03:52:24Z\",\"unixTime\":1757994744.071,\"data\":{\"sellerUsername\":\"admin\",\"sellerSteamID\":76561198139202300,\"itemType\":\"RMWeapons.HeartOfRedZone\",\"itemName\":\"Heart of the Red Zone\",\"itemID\":\"128824121\",\"condition\":10,\"weight\":0.699999988079071,\"category\":\"Item\",\"customName\":\"Heart of the Red Zone\",\"tooltip\":\"\\\"(Tier Legend)The pulsating heart of the Red Zone and radiating raw power.\\\"\",\"startingPrice\":5000,\"buyoutPrice\":7000,\"currentBid\":5000,\"duration\":24,\"timestamp\":1757994741.8470001,\"description\":\"\",\"isActive\":true,\"serverName\":\"pzserver\",\"modData\":{},\"enchantMinDamage\":0,\"enchantMaxDamage\":0,\"originalMinDamage\":0,\"originalMaxDamage\":0,\"hasDamageBoost\":false}}","active","2025-09-16 03:57:10.958 +00:00","2025-09-16 03:57:10.958 +00:00"],"parent":{"code":"42703","file":"parse_relation.c","length":117,"line":"3665","name":"error","parameters":["319","Heart of the Red Zone","Type: RMWeapons.HeartOfRedZone | Condition: 10.0% | Buyout: 7000 | Duration: 24h | Server: pzserver",5000,5000,"tester2",7000,"RMWeapons.HeartOfRedZone",0.1,"{}","{\"itemType\":\"RMWeapons.HeartOfRedZone\",\"itemID\":\"128824121\",\"itemName\":\"Heart of the Red Zone\",\"customName\":\"Heart of the Red Zone\",\"condition\":10,\"weight\":0.699999988079071,\"category\":\"Item\",\"description\":\"\",\"tooltip\":\"\\\"(Tier Legend)The pulsating heart of the Red Zone and radiating raw power.\\\"\",\"hasDamageBoost\":false,\"enchantMaxDamage\":0,\"enchantMinDamage\":0,\"originalMaxDamage\":0,\"originalMinDamage\":0}","{\"action\":\"CREATE_AUCTION\",\"timestamp\":\"2025-09-16T03:52:24Z\",\"unixTime\":1757994744.071,\"data\":{\"sellerUsername\":\"admin\",\"sellerSteamID\":76561198139202300,\"itemType\":\"RMWeapons.HeartOfRedZone\",\"itemName\":\"Heart of the Red Zone\",\"itemID\":\"128824121\",\"condition\":10,\"weight\":0.699999988079071,\"category\":\"Item\",\"customName\":\"Heart of the Red Zone\",\"tooltip\":\"\\\"(Tier Legend)The pulsating heart of the Red Zone and radiating raw power.\\\"\",\"startingPrice\":5000,\"buyoutPrice\":7000,\"currentBid\":5000,\"duration\":24,\"timestamp\":1757994741.8470001,\"description\":\"\",\"isActive\":true,\"serverName\":\"pzserver\",\"modData\":{},\"enchantMinDamage\":0,\"enchantMaxDamage\":0,\"originalMinDamage\":0,\"originalMaxDamage\":0,\"hasDamageBoost\":false}}","active","2025-09-16 03:57:10.958 +00:00","2025-09-16 03:57:10.958 +00:00"],"position":"503","routine":"errorMissingColumn","severity":"ERROR","sql":"INSERT INTO \"player_auctions\" (\"itemid\",\"sellerid\",\"itemname\",\"itemdesc\",\"itemprice\",\"lastbid\",\"sellername\",\"buyoutprice\",\"itemtype\",\"itemcondition\",\"moddata\",\"itemdata\",\"originalsource\",\"status\",\"createdAt\",\"updatedAt\") VALUES (DEFAULT,$1,$2,$3,$4,$5,$6,$7,$8,$9,$10,$11,$12,$13,$14,$15) RETURNING \"itemid\",\"sellerid\",\"itemname\",\"itemdesc\",\"itemprice\",\"lastbid\",\"sellername\",\"buyername\",\"buyerid\",\"buyerUsername\",\"buyoutprice\",\"itemtype\",\"itemcondition\",\"moddata\",\"itemdata\",\"originalsource\",\"status\",\"discordMessageId\",\"createdAt\",\"updatedAt\";"},"sql":"INSERT INTO \"player_auctions\" (\"itemid\",\"sellerid\",\"itemname\",\"itemdesc\",\"itemprice\",\"lastbid\",\"sellername\",\"buyoutprice\",\"itemtype\",\"itemcondition\",\"moddata\",\"itemdata\",\"originalsource\",\"status\",\"createdAt\",\"updatedAt\") VALUES (DEFAULT,$1,$2,$3,$4,$5,$6,$7,$8,$9,$10,$11,$12,$13,$14,$15) RETURNING \"itemid\",\"sellerid\",\"itemname\",\"itemdesc\",\"itemprice\",\"lastbid\",\"sellername\",\"buyername\",\"buyerid\",\"buyerUsername\",\"buyoutprice\",\"itemtype\",\"itemcondition\",\"moddata\",\"itemdata\",\"originalsource\",\"status\",\"discordMessageId\",\"createdAt\",\"updatedAt\";","stack":"Error\n    at Query.run (C:\\Users\\Michael\\Zomboid\\Workshop\\ZonaNyamanBotZ\\zomboid-discord-rcon\\node_modules\\sequelize\\lib\\dialects\\postgres\\query.js:50:25)\n    at C:\\Users\\Michael\\Zomboid\\Workshop\\ZonaNyamanBotZ\\zomboid-discord-rcon\\node_modules\\sequelize\\lib\\sequelize.js:315:28\n    at process.processTicksAndRejections (node:internal/process/task_queues:95:5)\n    at async PostgresQueryInterface.insert (C:\\Users\\Michael\\Zomboid\\Workshop\\ZonaNyamanBotZ\\zomboid-discord-rcon\\node_modules\\sequelize\\lib\\dialects\\abstract\\query-interface.js:308:21)\n    at async model.save (C:\\Users\\Michael\\Zomboid\\Workshop\\ZonaNyamanBotZ\\zomboid-discord-rcon\\node_modules\\sequelize\\lib\\model.js:2490:35)\n    at async PlayerAuction.create (C:\\Users\\Michael\\Zomboid\\Workshop\\ZonaNyamanBotZ\\zomboid-discord-rcon\\node_modules\\sequelize\\lib\\model.js:1362:12)\n    at async AuctionLogMonitor.handleCreateAuction (file:///C:/Users/Michael/Zomboid/Workshop/ZonaNyamanBotZ/zomboid-discord-rcon/src/services/auctionLogMonitor.js:223:23)\n    at async AuctionLogMonitor.processAuctionEntry (file:///C:/Users/Michael/Zomboid/Workshop/ZonaNyamanBotZ/zomboid-discord-rcon/src/services/auctionLogMonitor.js:121:11)\n    at async AuctionLogMonitor.scanAndProcessAuctions (file:///C:/Users/Michael/Zomboid/Workshop/ZonaNyamanBotZ/zomboid-discord-rcon/src/services/auctionLogMonitor.js:80:22)\n    at async Timeout._onTimeout (file:///C:/Users/Michael/Zomboid/Workshop/ZonaNyamanBotZ/zomboid-discord-rcon/src/services/auctionLogMonitor.js:36:7)","timestamp":"2025-09-16T03:57:10.984Z"}
{"level":"error","message":"[AuctionLogMonitor] Failed entry data:","timestamp":"2025-09-16T03:57:10.986Z"}
{"level":"warn","message":"[AuctionLogMonitor] Some entries failed; auction log preserved for retry.","timestamp":"2025-09-16T03:57:10.987Z"}
{"level":"info","message":"[AuctionLogMonitor] Found 1 new auction entries","timestamp":"2025-09-16T03:57:40.772Z"}
{"level":"info","message":"[AuctionLogMonitor] Processing CREATE_AUCTION at 2025-09-16T03:52:24Z","timestamp":"2025-09-16T03:57:40.773Z"}
{"level":"error","message":"[AuctionLogMonitor] Error handling CREATE_AUCTION: column \"discordMessageId\" does not exist","name":"SequelizeDatabaseError","original":{"code":"42703","file":"parse_relation.c","length":117,"line":"3665","name":"error","parameters":["319","Heart of the Red Zone","Type: RMWeapons.HeartOfRedZone | Condition: 10.0% | Buyout: 7000 | Duration: 24h | Server: pzserver",5000,5000,"tester2",7000,"RMWeapons.HeartOfRedZone",0.1,"{}","{\"itemType\":\"RMWeapons.HeartOfRedZone\",\"itemID\":\"128824121\",\"itemName\":\"Heart of the Red Zone\",\"customName\":\"Heart of the Red Zone\",\"condition\":10,\"weight\":0.699999988079071,\"category\":\"Item\",\"description\":\"\",\"tooltip\":\"\\\"(Tier Legend)The pulsating heart of the Red Zone and radiating raw power.\\\"\",\"hasDamageBoost\":false,\"enchantMaxDamage\":0,\"enchantMinDamage\":0,\"originalMaxDamage\":0,\"originalMinDamage\":0}","{\"action\":\"CREATE_AUCTION\",\"timestamp\":\"2025-09-16T03:52:24Z\",\"unixTime\":1757994744.071,\"data\":{\"sellerUsername\":\"admin\",\"sellerSteamID\":76561198139202300,\"itemType\":\"RMWeapons.HeartOfRedZone\",\"itemName\":\"Heart of the Red Zone\",\"itemID\":\"128824121\",\"condition\":10,\"weight\":0.699999988079071,\"category\":\"Item\",\"customName\":\"Heart of the Red Zone\",\"tooltip\":\"\\\"(Tier Legend)The pulsating heart of the Red Zone and radiating raw power.\\\"\",\"startingPrice\":5000,\"buyoutPrice\":7000,\"currentBid\":5000,\"duration\":24,\"timestamp\":1757994741.8470001,\"description\":\"\",\"isActive\":true,\"serverName\":\"pzserver\",\"modData\":{},\"enchantMinDamage\":0,\"enchantMaxDamage\":0,\"originalMinDamage\":0,\"originalMaxDamage\":0,\"hasDamageBoost\":false}}","active","2025-09-16 03:57:40.988 +00:00","2025-09-16 03:57:40.988 +00:00"],"position":"503","routine":"errorMissingColumn","severity":"ERROR","sql":"INSERT INTO \"player_auctions\" (\"itemid\",\"sellerid\",\"itemname\",\"itemdesc\",\"itemprice\",\"lastbid\",\"sellername\",\"buyoutprice\",\"itemtype\",\"itemcondition\",\"moddata\",\"itemdata\",\"originalsource\",\"status\",\"createdAt\",\"updatedAt\") VALUES (DEFAULT,$1,$2,$3,$4,$5,$6,$7,$8,$9,$10,$11,$12,$13,$14,$15) RETURNING \"itemid\",\"sellerid\",\"itemname\",\"itemdesc\",\"itemprice\",\"lastbid\",\"sellername\",\"buyername\",\"buyerid\",\"buyerUsername\",\"buyoutprice\",\"itemtype\",\"itemcondition\",\"moddata\",\"itemdata\",\"originalsource\",\"status\",\"discordMessageId\",\"createdAt\",\"updatedAt\";"},"parameters":["319","Heart of the Red Zone","Type: RMWeapons.HeartOfRedZone | Condition: 10.0% | Buyout: 7000 | Duration: 24h | Server: pzserver",5000,5000,"tester2",7000,"RMWeapons.HeartOfRedZone",0.1,"{}","{\"itemType\":\"RMWeapons.HeartOfRedZone\",\"itemID\":\"128824121\",\"itemName\":\"Heart of the Red Zone\",\"customName\":\"Heart of the Red Zone\",\"condition\":10,\"weight\":0.699999988079071,\"category\":\"Item\",\"description\":\"\",\"tooltip\":\"\\\"(Tier Legend)The pulsating heart of the Red Zone and radiating raw power.\\\"\",\"hasDamageBoost\":false,\"enchantMaxDamage\":0,\"enchantMinDamage\":0,\"originalMaxDamage\":0,\"originalMinDamage\":0}","{\"action\":\"CREATE_AUCTION\",\"timestamp\":\"2025-09-16T03:52:24Z\",\"unixTime\":1757994744.071,\"data\":{\"sellerUsername\":\"admin\",\"sellerSteamID\":76561198139202300,\"itemType\":\"RMWeapons.HeartOfRedZone\",\"itemName\":\"Heart of the Red Zone\",\"itemID\":\"128824121\",\"condition\":10,\"weight\":0.699999988079071,\"category\":\"Item\",\"customName\":\"Heart of the Red Zone\",\"tooltip\":\"\\\"(Tier Legend)The pulsating heart of the Red Zone and radiating raw power.\\\"\",\"startingPrice\":5000,\"buyoutPrice\":7000,\"currentBid\":5000,\"duration\":24,\"timestamp\":1757994741.8470001,\"description\":\"\",\"isActive\":true,\"serverName\":\"pzserver\",\"modData\":{},\"enchantMinDamage\":0,\"enchantMaxDamage\":0,\"originalMinDamage\":0,\"originalMaxDamage\":0,\"hasDamageBoost\":false}}","active","2025-09-16 03:57:40.988 +00:00","2025-09-16 03:57:40.988 +00:00"],"parent":{"code":"42703","file":"parse_relation.c","length":117,"line":"3665","name":"error","parameters":["319","Heart of the Red Zone","Type: RMWeapons.HeartOfRedZone | Condition: 10.0% | Buyout: 7000 | Duration: 24h | Server: pzserver",5000,5000,"tester2",7000,"RMWeapons.HeartOfRedZone",0.1,"{}","{\"itemType\":\"RMWeapons.HeartOfRedZone\",\"itemID\":\"128824121\",\"itemName\":\"Heart of the Red Zone\",\"customName\":\"Heart of the Red Zone\",\"condition\":10,\"weight\":0.699999988079071,\"category\":\"Item\",\"description\":\"\",\"tooltip\":\"\\\"(Tier Legend)The pulsating heart of the Red Zone and radiating raw power.\\\"\",\"hasDamageBoost\":false,\"enchantMaxDamage\":0,\"enchantMinDamage\":0,\"originalMaxDamage\":0,\"originalMinDamage\":0}","{\"action\":\"CREATE_AUCTION\",\"timestamp\":\"2025-09-16T03:52:24Z\",\"unixTime\":1757994744.071,\"data\":{\"sellerUsername\":\"admin\",\"sellerSteamID\":76561198139202300,\"itemType\":\"RMWeapons.HeartOfRedZone\",\"itemName\":\"Heart of the Red Zone\",\"itemID\":\"128824121\",\"condition\":10,\"weight\":0.699999988079071,\"category\":\"Item\",\"customName\":\"Heart of the Red Zone\",\"tooltip\":\"\\\"(Tier Legend)The pulsating heart of the Red Zone and radiating raw power.\\\"\",\"startingPrice\":5000,\"buyoutPrice\":7000,\"currentBid\":5000,\"duration\":24,\"timestamp\":1757994741.8470001,\"description\":\"\",\"isActive\":true,\"serverName\":\"pzserver\",\"modData\":{},\"enchantMinDamage\":0,\"enchantMaxDamage\":0,\"originalMinDamage\":0,\"originalMaxDamage\":0,\"hasDamageBoost\":false}}","active","2025-09-16 03:57:40.988 +00:00","2025-09-16 03:57:40.988 +00:00"],"position":"503","routine":"errorMissingColumn","severity":"ERROR","sql":"INSERT INTO \"player_auctions\" (\"itemid\",\"sellerid\",\"itemname\",\"itemdesc\",\"itemprice\",\"lastbid\",\"sellername\",\"buyoutprice\",\"itemtype\",\"itemcondition\",\"moddata\",\"itemdata\",\"originalsource\",\"status\",\"createdAt\",\"updatedAt\") VALUES (DEFAULT,$1,$2,$3,$4,$5,$6,$7,$8,$9,$10,$11,$12,$13,$14,$15) RETURNING \"itemid\",\"sellerid\",\"itemname\",\"itemdesc\",\"itemprice\",\"lastbid\",\"sellername\",\"buyername\",\"buyerid\",\"buyerUsername\",\"buyoutprice\",\"itemtype\",\"itemcondition\",\"moddata\",\"itemdata\",\"originalsource\",\"status\",\"discordMessageId\",\"createdAt\",\"updatedAt\";"},"sql":"INSERT INTO \"player_auctions\" (\"itemid\",\"sellerid\",\"itemname\",\"itemdesc\",\"itemprice\",\"lastbid\",\"sellername\",\"buyoutprice\",\"itemtype\",\"itemcondition\",\"moddata\",\"itemdata\",\"originalsource\",\"status\",\"createdAt\",\"updatedAt\") VALUES (DEFAULT,$1,$2,$3,$4,$5,$6,$7,$8,$9,$10,$11,$12,$13,$14,$15) RETURNING \"itemid\",\"sellerid\",\"itemname\",\"itemdesc\",\"itemprice\",\"lastbid\",\"sellername\",\"buyername\",\"buyerid\",\"buyerUsername\",\"buyoutprice\",\"itemtype\",\"itemcondition\",\"moddata\",\"itemdata\",\"originalsource\",\"status\",\"discordMessageId\",\"createdAt\",\"updatedAt\";","stack":"Error\n    at Query.run (C:\\Users\\Michael\\Zomboid\\Workshop\\ZonaNyamanBotZ\\zomboid-discord-rcon\\node_modules\\sequelize\\lib\\dialects\\postgres\\query.js:50:25)\n    at C:\\Users\\Michael\\Zomboid\\Workshop\\ZonaNyamanBotZ\\zomboid-discord-rcon\\node_modules\\sequelize\\lib\\sequelize.js:315:28\n    at process.processTicksAndRejections (node:internal/process/task_queues:95:5)\n    at async PostgresQueryInterface.insert (C:\\Users\\Michael\\Zomboid\\Workshop\\ZonaNyamanBotZ\\zomboid-discord-rcon\\node_modules\\sequelize\\lib\\dialects\\abstract\\query-interface.js:308:21)\n    at async model.save (C:\\Users\\Michael\\Zomboid\\Workshop\\ZonaNyamanBotZ\\zomboid-discord-rcon\\node_modules\\sequelize\\lib\\model.js:2490:35)\n    at async PlayerAuction.create (C:\\Users\\Michael\\Zomboid\\Workshop\\ZonaNyamanBotZ\\zomboid-discord-rcon\\node_modules\\sequelize\\lib\\model.js:1362:12)\n    at async AuctionLogMonitor.handleCreateAuction (file:///C:/Users/Michael/Zomboid/Workshop/ZonaNyamanBotZ/zomboid-discord-rcon/src/services/auctionLogMonitor.js:223:23)\n    at async AuctionLogMonitor.processAuctionEntry (file:///C:/Users/Michael/Zomboid/Workshop/ZonaNyamanBotZ/zomboid-discord-rcon/src/services/auctionLogMonitor.js:121:11)\n    at async AuctionLogMonitor.scanAndProcessAuctions (file:///C:/Users/Michael/Zomboid/Workshop/ZonaNyamanBotZ/zomboid-discord-rcon/src/services/auctionLogMonitor.js:80:22)\n    at async Timeout._onTimeout (file:///C:/Users/Michael/Zomboid/Workshop/ZonaNyamanBotZ/zomboid-discord-rcon/src/services/auctionLogMonitor.js:36:7)","timestamp":"2025-09-16T03:57:41.009Z"}
{"level":"error","message":"[AuctionLogMonitor] Error processing auction entry: column \"discordMessageId\" does not exist","name":"SequelizeDatabaseError","original":{"code":"42703","file":"parse_relation.c","length":117,"line":"3665","name":"error","parameters":["319","Heart of the Red Zone","Type: RMWeapons.HeartOfRedZone | Condition: 10.0% | Buyout: 7000 | Duration: 24h | Server: pzserver",5000,5000,"tester2",7000,"RMWeapons.HeartOfRedZone",0.1,"{}","{\"itemType\":\"RMWeapons.HeartOfRedZone\",\"itemID\":\"128824121\",\"itemName\":\"Heart of the Red Zone\",\"customName\":\"Heart of the Red Zone\",\"condition\":10,\"weight\":0.699999988079071,\"category\":\"Item\",\"description\":\"\",\"tooltip\":\"\\\"(Tier Legend)The pulsating heart of the Red Zone and radiating raw power.\\\"\",\"hasDamageBoost\":false,\"enchantMaxDamage\":0,\"enchantMinDamage\":0,\"originalMaxDamage\":0,\"originalMinDamage\":0}","{\"action\":\"CREATE_AUCTION\",\"timestamp\":\"2025-09-16T03:52:24Z\",\"unixTime\":1757994744.071,\"data\":{\"sellerUsername\":\"admin\",\"sellerSteamID\":76561198139202300,\"itemType\":\"RMWeapons.HeartOfRedZone\",\"itemName\":\"Heart of the Red Zone\",\"itemID\":\"128824121\",\"condition\":10,\"weight\":0.699999988079071,\"category\":\"Item\",\"customName\":\"Heart of the Red Zone\",\"tooltip\":\"\\\"(Tier Legend)The pulsating heart of the Red Zone and radiating raw power.\\\"\",\"startingPrice\":5000,\"buyoutPrice\":7000,\"currentBid\":5000,\"duration\":24,\"timestamp\":1757994741.8470001,\"description\":\"\",\"isActive\":true,\"serverName\":\"pzserver\",\"modData\":{},\"enchantMinDamage\":0,\"enchantMaxDamage\":0,\"originalMinDamage\":0,\"originalMaxDamage\":0,\"hasDamageBoost\":false}}","active","2025-09-16 03:57:40.988 +00:00","2025-09-16 03:57:40.988 +00:00"],"position":"503","routine":"errorMissingColumn","severity":"ERROR","sql":"INSERT INTO \"player_auctions\" (\"itemid\",\"sellerid\",\"itemname\",\"itemdesc\",\"itemprice\",\"lastbid\",\"sellername\",\"buyoutprice\",\"itemtype\",\"itemcondition\",\"moddata\",\"itemdata\",\"originalsource\",\"status\",\"createdAt\",\"updatedAt\") VALUES (DEFAULT,$1,$2,$3,$4,$5,$6,$7,$8,$9,$10,$11,$12,$13,$14,$15) RETURNING \"itemid\",\"sellerid\",\"itemname\",\"itemdesc\",\"itemprice\",\"lastbid\",\"sellername\",\"buyername\",\"buyerid\",\"buyerUsername\",\"buyoutprice\",\"itemtype\",\"itemcondition\",\"moddata\",\"itemdata\",\"originalsource\",\"status\",\"discordMessageId\",\"createdAt\",\"updatedAt\";"},"parameters":["319","Heart of the Red Zone","Type: RMWeapons.HeartOfRedZone | Condition: 10.0% | Buyout: 7000 | Duration: 24h | Server: pzserver",5000,5000,"tester2",7000,"RMWeapons.HeartOfRedZone",0.1,"{}","{\"itemType\":\"RMWeapons.HeartOfRedZone\",\"itemID\":\"128824121\",\"itemName\":\"Heart of the Red Zone\",\"customName\":\"Heart of the Red Zone\",\"condition\":10,\"weight\":0.699999988079071,\"category\":\"Item\",\"description\":\"\",\"tooltip\":\"\\\"(Tier Legend)The pulsating heart of the Red Zone and radiating raw power.\\\"\",\"hasDamageBoost\":false,\"enchantMaxDamage\":0,\"enchantMinDamage\":0,\"originalMaxDamage\":0,\"originalMinDamage\":0}","{\"action\":\"CREATE_AUCTION\",\"timestamp\":\"2025-09-16T03:52:24Z\",\"unixTime\":1757994744.071,\"data\":{\"sellerUsername\":\"admin\",\"sellerSteamID\":76561198139202300,\"itemType\":\"RMWeapons.HeartOfRedZone\",\"itemName\":\"Heart of the Red Zone\",\"itemID\":\"128824121\",\"condition\":10,\"weight\":0.699999988079071,\"category\":\"Item\",\"customName\":\"Heart of the Red Zone\",\"tooltip\":\"\\\"(Tier Legend)The pulsating heart of the Red Zone and radiating raw power.\\\"\",\"startingPrice\":5000,\"buyoutPrice\":7000,\"currentBid\":5000,\"duration\":24,\"timestamp\":1757994741.8470001,\"description\":\"\",\"isActive\":true,\"serverName\":\"pzserver\",\"modData\":{},\"enchantMinDamage\":0,\"enchantMaxDamage\":0,\"originalMinDamage\":0,\"originalMaxDamage\":0,\"hasDamageBoost\":false}}","active","2025-09-16 03:57:40.988 +00:00","2025-09-16 03:57:40.988 +00:00"],"parent":{"code":"42703","file":"parse_relation.c","length":117,"line":"3665","name":"error","parameters":["319","Heart of the Red Zone","Type: RMWeapons.HeartOfRedZone | Condition: 10.0% | Buyout: 7000 | Duration: 24h | Server: pzserver",5000,5000,"tester2",7000,"RMWeapons.HeartOfRedZone",0.1,"{}","{\"itemType\":\"RMWeapons.HeartOfRedZone\",\"itemID\":\"128824121\",\"itemName\":\"Heart of the Red Zone\",\"customName\":\"Heart of the Red Zone\",\"condition\":10,\"weight\":0.699999988079071,\"category\":\"Item\",\"description\":\"\",\"tooltip\":\"\\\"(Tier Legend)The pulsating heart of the Red Zone and radiating raw power.\\\"\",\"hasDamageBoost\":false,\"enchantMaxDamage\":0,\"enchantMinDamage\":0,\"originalMaxDamage\":0,\"originalMinDamage\":0}","{\"action\":\"CREATE_AUCTION\",\"timestamp\":\"2025-09-16T03:52:24Z\",\"unixTime\":1757994744.071,\"data\":{\"sellerUsername\":\"admin\",\"sellerSteamID\":76561198139202300,\"itemType\":\"RMWeapons.HeartOfRedZone\",\"itemName\":\"Heart of the Red Zone\",\"itemID\":\"128824121\",\"condition\":10,\"weight\":0.699999988079071,\"category\":\"Item\",\"customName\":\"Heart of the Red Zone\",\"tooltip\":\"\\\"(Tier Legend)The pulsating heart of the Red Zone and radiating raw power.\\\"\",\"startingPrice\":5000,\"buyoutPrice\":7000,\"currentBid\":5000,\"duration\":24,\"timestamp\":1757994741.8470001,\"description\":\"\",\"isActive\":true,\"serverName\":\"pzserver\",\"modData\":{},\"enchantMinDamage\":0,\"enchantMaxDamage\":0,\"originalMinDamage\":0,\"originalMaxDamage\":0,\"hasDamageBoost\":false}}","active","2025-09-16 03:57:40.988 +00:00","2025-09-16 03:57:40.988 +00:00"],"position":"503","routine":"errorMissingColumn","severity":"ERROR","sql":"INSERT INTO \"player_auctions\" (\"itemid\",\"sellerid\",\"itemname\",\"itemdesc\",\"itemprice\",\"lastbid\",\"sellername\",\"buyoutprice\",\"itemtype\",\"itemcondition\",\"moddata\",\"itemdata\",\"originalsource\",\"status\",\"createdAt\",\"updatedAt\") VALUES (DEFAULT,$1,$2,$3,$4,$5,$6,$7,$8,$9,$10,$11,$12,$13,$14,$15) RETURNING \"itemid\",\"sellerid\",\"itemname\",\"itemdesc\",\"itemprice\",\"lastbid\",\"sellername\",\"buyername\",\"buyerid\",\"buyerUsername\",\"buyoutprice\",\"itemtype\",\"itemcondition\",\"moddata\",\"itemdata\",\"originalsource\",\"status\",\"discordMessageId\",\"createdAt\",\"updatedAt\";"},"sql":"INSERT INTO \"player_auctions\" (\"itemid\",\"sellerid\",\"itemname\",\"itemdesc\",\"itemprice\",\"lastbid\",\"sellername\",\"buyoutprice\",\"itemtype\",\"itemcondition\",\"moddata\",\"itemdata\",\"originalsource\",\"status\",\"createdAt\",\"updatedAt\") VALUES (DEFAULT,$1,$2,$3,$4,$5,$6,$7,$8,$9,$10,$11,$12,$13,$14,$15) RETURNING \"itemid\",\"sellerid\",\"itemname\",\"itemdesc\",\"itemprice\",\"lastbid\",\"sellername\",\"buyername\",\"buyerid\",\"buyerUsername\",\"buyoutprice\",\"itemtype\",\"itemcondition\",\"moddata\",\"itemdata\",\"originalsource\",\"status\",\"discordMessageId\",\"createdAt\",\"updatedAt\";","stack":"Error\n    at Query.run (C:\\Users\\Michael\\Zomboid\\Workshop\\ZonaNyamanBotZ\\zomboid-discord-rcon\\node_modules\\sequelize\\lib\\dialects\\postgres\\query.js:50:25)\n    at C:\\Users\\Michael\\Zomboid\\Workshop\\ZonaNyamanBotZ\\zomboid-discord-rcon\\node_modules\\sequelize\\lib\\sequelize.js:315:28\n    at process.processTicksAndRejections (node:internal/process/task_queues:95:5)\n    at async PostgresQueryInterface.insert (C:\\Users\\Michael\\Zomboid\\Workshop\\ZonaNyamanBotZ\\zomboid-discord-rcon\\node_modules\\sequelize\\lib\\dialects\\abstract\\query-interface.js:308:21)\n    at async model.save (C:\\Users\\Michael\\Zomboid\\Workshop\\ZonaNyamanBotZ\\zomboid-discord-rcon\\node_modules\\sequelize\\lib\\model.js:2490:35)\n    at async PlayerAuction.create (C:\\Users\\Michael\\Zomboid\\Workshop\\ZonaNyamanBotZ\\zomboid-discord-rcon\\node_modules\\sequelize\\lib\\model.js:1362:12)\n    at async AuctionLogMonitor.handleCreateAuction (file:///C:/Users/Michael/Zomboid/Workshop/ZonaNyamanBotZ/zomboid-discord-rcon/src/services/auctionLogMonitor.js:223:23)\n    at async AuctionLogMonitor.processAuctionEntry (file:///C:/Users/Michael/Zomboid/Workshop/ZonaNyamanBotZ/zomboid-discord-rcon/src/services/auctionLogMonitor.js:121:11)\n    at async AuctionLogMonitor.scanAndProcessAuctions (file:///C:/Users/Michael/Zomboid/Workshop/ZonaNyamanBotZ/zomboid-discord-rcon/src/services/auctionLogMonitor.js:80:22)\n    at async Timeout._onTimeout (file:///C:/Users/Michael/Zomboid/Workshop/ZonaNyamanBotZ/zomboid-discord-rcon/src/services/auctionLogMonitor.js:36:7)","timestamp":"2025-09-16T03:57:41.010Z"}
{"level":"error","message":"[AuctionLogMonitor] Failed entry data:","timestamp":"2025-09-16T03:57:41.011Z"}
{"level":"warn","message":"[AuctionLogMonitor] Some entries failed; auction log preserved for retry.","timestamp":"2025-09-16T03:57:41.012Z"}
{"level":"info","message":"[AuctionLogMonitor] Found 1 new auction entries","timestamp":"2025-09-16T03:58:10.778Z"}
{"level":"info","message":"[AuctionLogMonitor] Processing CREATE_AUCTION at 2025-09-16T03:52:24Z","timestamp":"2025-09-16T03:58:10.778Z"}
{"level":"error","message":"[AuctionLogMonitor] Error handling CREATE_AUCTION: column \"discordMessageId\" does not exist","name":"SequelizeDatabaseError","original":{"code":"42703","file":"parse_relation.c","length":117,"line":"3665","name":"error","parameters":["319","Heart of the Red Zone","Type: RMWeapons.HeartOfRedZone | Condition: 10.0% | Buyout: 7000 | Duration: 24h | Server: pzserver",5000,5000,"tester2",7000,"RMWeapons.HeartOfRedZone",0.1,"{}","{\"itemType\":\"RMWeapons.HeartOfRedZone\",\"itemID\":\"128824121\",\"itemName\":\"Heart of the Red Zone\",\"customName\":\"Heart of the Red Zone\",\"condition\":10,\"weight\":0.699999988079071,\"category\":\"Item\",\"description\":\"\",\"tooltip\":\"\\\"(Tier Legend)The pulsating heart of the Red Zone and radiating raw power.\\\"\",\"hasDamageBoost\":false,\"enchantMaxDamage\":0,\"enchantMinDamage\":0,\"originalMaxDamage\":0,\"originalMinDamage\":0}","{\"action\":\"CREATE_AUCTION\",\"timestamp\":\"2025-09-16T03:52:24Z\",\"unixTime\":1757994744.071,\"data\":{\"sellerUsername\":\"admin\",\"sellerSteamID\":76561198139202300,\"itemType\":\"RMWeapons.HeartOfRedZone\",\"itemName\":\"Heart of the Red Zone\",\"itemID\":\"128824121\",\"condition\":10,\"weight\":0.699999988079071,\"category\":\"Item\",\"customName\":\"Heart of the Red Zone\",\"tooltip\":\"\\\"(Tier Legend)The pulsating heart of the Red Zone and radiating raw power.\\\"\",\"startingPrice\":5000,\"buyoutPrice\":7000,\"currentBid\":5000,\"duration\":24,\"timestamp\":1757994741.8470001,\"description\":\"\",\"isActive\":true,\"serverName\":\"pzserver\",\"modData\":{},\"enchantMinDamage\":0,\"enchantMaxDamage\":0,\"originalMinDamage\":0,\"originalMaxDamage\":0,\"hasDamageBoost\":false}}","active","2025-09-16 03:58:10.982 +00:00","2025-09-16 03:58:10.982 +00:00"],"position":"503","routine":"errorMissingColumn","severity":"ERROR","sql":"INSERT INTO \"player_auctions\" (\"itemid\",\"sellerid\",\"itemname\",\"itemdesc\",\"itemprice\",\"lastbid\",\"sellername\",\"buyoutprice\",\"itemtype\",\"itemcondition\",\"moddata\",\"itemdata\",\"originalsource\",\"status\",\"createdAt\",\"updatedAt\") VALUES (DEFAULT,$1,$2,$3,$4,$5,$6,$7,$8,$9,$10,$11,$12,$13,$14,$15) RETURNING \"itemid\",\"sellerid\",\"itemname\",\"itemdesc\",\"itemprice\",\"lastbid\",\"sellername\",\"buyername\",\"buyerid\",\"buyerUsername\",\"buyoutprice\",\"itemtype\",\"itemcondition\",\"moddata\",\"itemdata\",\"originalsource\",\"status\",\"discordMessageId\",\"createdAt\",\"updatedAt\";"},"parameters":["319","Heart of the Red Zone","Type: RMWeapons.HeartOfRedZone | Condition: 10.0% | Buyout: 7000 | Duration: 24h | Server: pzserver",5000,5000,"tester2",7000,"RMWeapons.HeartOfRedZone",0.1,"{}","{\"itemType\":\"RMWeapons.HeartOfRedZone\",\"itemID\":\"128824121\",\"itemName\":\"Heart of the Red Zone\",\"customName\":\"Heart of the Red Zone\",\"condition\":10,\"weight\":0.699999988079071,\"category\":\"Item\",\"description\":\"\",\"tooltip\":\"\\\"(Tier Legend)The pulsating heart of the Red Zone and radiating raw power.\\\"\",\"hasDamageBoost\":false,\"enchantMaxDamage\":0,\"enchantMinDamage\":0,\"originalMaxDamage\":0,\"originalMinDamage\":0}","{\"action\":\"CREATE_AUCTION\",\"timestamp\":\"2025-09-16T03:52:24Z\",\"unixTime\":1757994744.071,\"data\":{\"sellerUsername\":\"admin\",\"sellerSteamID\":76561198139202300,\"itemType\":\"RMWeapons.HeartOfRedZone\",\"itemName\":\"Heart of the Red Zone\",\"itemID\":\"128824121\",\"condition\":10,\"weight\":0.699999988079071,\"category\":\"Item\",\"customName\":\"Heart of the Red Zone\",\"tooltip\":\"\\\"(Tier Legend)The pulsating heart of the Red Zone and radiating raw power.\\\"\",\"startingPrice\":5000,\"buyoutPrice\":7000,\"currentBid\":5000,\"duration\":24,\"timestamp\":1757994741.8470001,\"description\":\"\",\"isActive\":true,\"serverName\":\"pzserver\",\"modData\":{},\"enchantMinDamage\":0,\"enchantMaxDamage\":0,\"originalMinDamage\":0,\"originalMaxDamage\":0,\"hasDamageBoost\":false}}","active","2025-09-16 03:58:10.982 +00:00","2025-09-16 03:58:10.982 +00:00"],"parent":{"code":"42703","file":"parse_relation.c","length":117,"line":"3665","name":"error","parameters":["319","Heart of the Red Zone","Type: RMWeapons.HeartOfRedZone | Condition: 10.0% | Buyout: 7000 | Duration: 24h | Server: pzserver",5000,5000,"tester2",7000,"RMWeapons.HeartOfRedZone",0.1,"{}","{\"itemType\":\"RMWeapons.HeartOfRedZone\",\"itemID\":\"128824121\",\"itemName\":\"Heart of the Red Zone\",\"customName\":\"Heart of the Red Zone\",\"condition\":10,\"weight\":0.699999988079071,\"category\":\"Item\",\"description\":\"\",\"tooltip\":\"\\\"(Tier Legend)The pulsating heart of the Red Zone and radiating raw power.\\\"\",\"hasDamageBoost\":false,\"enchantMaxDamage\":0,\"enchantMinDamage\":0,\"originalMaxDamage\":0,\"originalMinDamage\":0}","{\"action\":\"CREATE_AUCTION\",\"timestamp\":\"2025-09-16T03:52:24Z\",\"unixTime\":1757994744.071,\"data\":{\"sellerUsername\":\"admin\",\"sellerSteamID\":76561198139202300,\"itemType\":\"RMWeapons.HeartOfRedZone\",\"itemName\":\"Heart of the Red Zone\",\"itemID\":\"128824121\",\"condition\":10,\"weight\":0.699999988079071,\"category\":\"Item\",\"customName\":\"Heart of the Red Zone\",\"tooltip\":\"\\\"(Tier Legend)The pulsating heart of the Red Zone and radiating raw power.\\\"\",\"startingPrice\":5000,\"buyoutPrice\":7000,\"currentBid\":5000,\"duration\":24,\"timestamp\":1757994741.8470001,\"description\":\"\",\"isActive\":true,\"serverName\":\"pzserver\",\"modData\":{},\"enchantMinDamage\":0,\"enchantMaxDamage\":0,\"originalMinDamage\":0,\"originalMaxDamage\":0,\"hasDamageBoost\":false}}","active","2025-09-16 03:58:10.982 +00:00","2025-09-16 03:58:10.982 +00:00"],"position":"503","routine":"errorMissingColumn","severity":"ERROR","sql":"INSERT INTO \"player_auctions\" (\"itemid\",\"sellerid\",\"itemname\",\"itemdesc\",\"itemprice\",\"lastbid\",\"sellername\",\"buyoutprice\",\"itemtype\",\"itemcondition\",\"moddata\",\"itemdata\",\"originalsource\",\"status\",\"createdAt\",\"updatedAt\") VALUES (DEFAULT,$1,$2,$3,$4,$5,$6,$7,$8,$9,$10,$11,$12,$13,$14,$15) RETURNING \"itemid\",\"sellerid\",\"itemname\",\"itemdesc\",\"itemprice\",\"lastbid\",\"sellername\",\"buyername\",\"buyerid\",\"buyerUsername\",\"buyoutprice\",\"itemtype\",\"itemcondition\",\"moddata\",\"itemdata\",\"originalsource\",\"status\",\"discordMessageId\",\"createdAt\",\"updatedAt\";"},"sql":"INSERT INTO \"player_auctions\" (\"itemid\",\"sellerid\",\"itemname\",\"itemdesc\",\"itemprice\",\"lastbid\",\"sellername\",\"buyoutprice\",\"itemtype\",\"itemcondition\",\"moddata\",\"itemdata\",\"originalsource\",\"status\",\"createdAt\",\"updatedAt\") VALUES (DEFAULT,$1,$2,$3,$4,$5,$6,$7,$8,$9,$10,$11,$12,$13,$14,$15) RETURNING \"itemid\",\"sellerid\",\"itemname\",\"itemdesc\",\"itemprice\",\"lastbid\",\"sellername\",\"buyername\",\"buyerid\",\"buyerUsername\",\"buyoutprice\",\"itemtype\",\"itemcondition\",\"moddata\",\"itemdata\",\"originalsource\",\"status\",\"discordMessageId\",\"createdAt\",\"updatedAt\";","stack":"Error\n    at Query.run (C:\\Users\\Michael\\Zomboid\\Workshop\\ZonaNyamanBotZ\\zomboid-discord-rcon\\node_modules\\sequelize\\lib\\dialects\\postgres\\query.js:50:25)\n    at C:\\Users\\Michael\\Zomboid\\Workshop\\ZonaNyamanBotZ\\zomboid-discord-rcon\\node_modules\\sequelize\\lib\\sequelize.js:315:28\n    at process.processTicksAndRejections (node:internal/process/task_queues:95:5)\n    at async PostgresQueryInterface.insert (C:\\Users\\Michael\\Zomboid\\Workshop\\ZonaNyamanBotZ\\zomboid-discord-rcon\\node_modules\\sequelize\\lib\\dialects\\abstract\\query-interface.js:308:21)\n    at async model.save (C:\\Users\\Michael\\Zomboid\\Workshop\\ZonaNyamanBotZ\\zomboid-discord-rcon\\node_modules\\sequelize\\lib\\model.js:2490:35)\n    at async PlayerAuction.create (C:\\Users\\Michael\\Zomboid\\Workshop\\ZonaNyamanBotZ\\zomboid-discord-rcon\\node_modules\\sequelize\\lib\\model.js:1362:12)\n    at async AuctionLogMonitor.handleCreateAuction (file:///C:/Users/Michael/Zomboid/Workshop/ZonaNyamanBotZ/zomboid-discord-rcon/src/services/auctionLogMonitor.js:223:23)\n    at async AuctionLogMonitor.processAuctionEntry (file:///C:/Users/Michael/Zomboid/Workshop/ZonaNyamanBotZ/zomboid-discord-rcon/src/services/auctionLogMonitor.js:121:11)\n    at async AuctionLogMonitor.scanAndProcessAuctions (file:///C:/Users/Michael/Zomboid/Workshop/ZonaNyamanBotZ/zomboid-discord-rcon/src/services/auctionLogMonitor.js:80:22)\n    at async Timeout._onTimeout (file:///C:/Users/Michael/Zomboid/Workshop/ZonaNyamanBotZ/zomboid-discord-rcon/src/services/auctionLogMonitor.js:36:7)","timestamp":"2025-09-16T03:58:11.003Z"}
{"level":"error","message":"[AuctionLogMonitor] Error processing auction entry: column \"discordMessageId\" does not exist","name":"SequelizeDatabaseError","original":{"code":"42703","file":"parse_relation.c","length":117,"line":"3665","name":"error","parameters":["319","Heart of the Red Zone","Type: RMWeapons.HeartOfRedZone | Condition: 10.0% | Buyout: 7000 | Duration: 24h | Server: pzserver",5000,5000,"tester2",7000,"RMWeapons.HeartOfRedZone",0.1,"{}","{\"itemType\":\"RMWeapons.HeartOfRedZone\",\"itemID\":\"128824121\",\"itemName\":\"Heart of the Red Zone\",\"customName\":\"Heart of the Red Zone\",\"condition\":10,\"weight\":0.699999988079071,\"category\":\"Item\",\"description\":\"\",\"tooltip\":\"\\\"(Tier Legend)The pulsating heart of the Red Zone and radiating raw power.\\\"\",\"hasDamageBoost\":false,\"enchantMaxDamage\":0,\"enchantMinDamage\":0,\"originalMaxDamage\":0,\"originalMinDamage\":0}","{\"action\":\"CREATE_AUCTION\",\"timestamp\":\"2025-09-16T03:52:24Z\",\"unixTime\":1757994744.071,\"data\":{\"sellerUsername\":\"admin\",\"sellerSteamID\":76561198139202300,\"itemType\":\"RMWeapons.HeartOfRedZone\",\"itemName\":\"Heart of the Red Zone\",\"itemID\":\"128824121\",\"condition\":10,\"weight\":0.699999988079071,\"category\":\"Item\",\"customName\":\"Heart of the Red Zone\",\"tooltip\":\"\\\"(Tier Legend)The pulsating heart of the Red Zone and radiating raw power.\\\"\",\"startingPrice\":5000,\"buyoutPrice\":7000,\"currentBid\":5000,\"duration\":24,\"timestamp\":1757994741.8470001,\"description\":\"\",\"isActive\":true,\"serverName\":\"pzserver\",\"modData\":{},\"enchantMinDamage\":0,\"enchantMaxDamage\":0,\"originalMinDamage\":0,\"originalMaxDamage\":0,\"hasDamageBoost\":false}}","active","2025-09-16 03:58:10.982 +00:00","2025-09-16 03:58:10.982 +00:00"],"position":"503","routine":"errorMissingColumn","severity":"ERROR","sql":"INSERT INTO \"player_auctions\" (\"itemid\",\"sellerid\",\"itemname\",\"itemdesc\",\"itemprice\",\"lastbid\",\"sellername\",\"buyoutprice\",\"itemtype\",\"itemcondition\",\"moddata\",\"itemdata\",\"originalsource\",\"status\",\"createdAt\",\"updatedAt\") VALUES (DEFAULT,$1,$2,$3,$4,$5,$6,$7,$8,$9,$10,$11,$12,$13,$14,$15) RETURNING \"itemid\",\"sellerid\",\"itemname\",\"itemdesc\",\"itemprice\",\"lastbid\",\"sellername\",\"buyername\",\"buyerid\",\"buyerUsername\",\"buyoutprice\",\"itemtype\",\"itemcondition\",\"moddata\",\"itemdata\",\"originalsource\",\"status\",\"discordMessageId\",\"createdAt\",\"updatedAt\";"},"parameters":["319","Heart of the Red Zone","Type: RMWeapons.HeartOfRedZone | Condition: 10.0% | Buyout: 7000 | Duration: 24h | Server: pzserver",5000,5000,"tester2",7000,"RMWeapons.HeartOfRedZone",0.1,"{}","{\"itemType\":\"RMWeapons.HeartOfRedZone\",\"itemID\":\"128824121\",\"itemName\":\"Heart of the Red Zone\",\"customName\":\"Heart of the Red Zone\",\"condition\":10,\"weight\":0.699999988079071,\"category\":\"Item\",\"description\":\"\",\"tooltip\":\"\\\"(Tier Legend)The pulsating heart of the Red Zone and radiating raw power.\\\"\",\"hasDamageBoost\":false,\"enchantMaxDamage\":0,\"enchantMinDamage\":0,\"originalMaxDamage\":0,\"originalMinDamage\":0}","{\"action\":\"CREATE_AUCTION\",\"timestamp\":\"2025-09-16T03:52:24Z\",\"unixTime\":1757994744.071,\"data\":{\"sellerUsername\":\"admin\",\"sellerSteamID\":76561198139202300,\"itemType\":\"RMWeapons.HeartOfRedZone\",\"itemName\":\"Heart of the Red Zone\",\"itemID\":\"128824121\",\"condition\":10,\"weight\":0.699999988079071,\"category\":\"Item\",\"customName\":\"Heart of the Red Zone\",\"tooltip\":\"\\\"(Tier Legend)The pulsating heart of the Red Zone and radiating raw power.\\\"\",\"startingPrice\":5000,\"buyoutPrice\":7000,\"currentBid\":5000,\"duration\":24,\"timestamp\":1757994741.8470001,\"description\":\"\",\"isActive\":true,\"serverName\":\"pzserver\",\"modData\":{},\"enchantMinDamage\":0,\"enchantMaxDamage\":0,\"originalMinDamage\":0,\"originalMaxDamage\":0,\"hasDamageBoost\":false}}","active","2025-09-16 03:58:10.982 +00:00","2025-09-16 03:58:10.982 +00:00"],"parent":{"code":"42703","file":"parse_relation.c","length":117,"line":"3665","name":"error","parameters":["319","Heart of the Red Zone","Type: RMWeapons.HeartOfRedZone | Condition: 10.0% | Buyout: 7000 | Duration: 24h | Server: pzserver",5000,5000,"tester2",7000,"RMWeapons.HeartOfRedZone",0.1,"{}","{\"itemType\":\"RMWeapons.HeartOfRedZone\",\"itemID\":\"128824121\",\"itemName\":\"Heart of the Red Zone\",\"customName\":\"Heart of the Red Zone\",\"condition\":10,\"weight\":0.699999988079071,\"category\":\"Item\",\"description\":\"\",\"tooltip\":\"\\\"(Tier Legend)The pulsating heart of the Red Zone and radiating raw power.\\\"\",\"hasDamageBoost\":false,\"enchantMaxDamage\":0,\"enchantMinDamage\":0,\"originalMaxDamage\":0,\"originalMinDamage\":0}","{\"action\":\"CREATE_AUCTION\",\"timestamp\":\"2025-09-16T03:52:24Z\",\"unixTime\":1757994744.071,\"data\":{\"sellerUsername\":\"admin\",\"sellerSteamID\":76561198139202300,\"itemType\":\"RMWeapons.HeartOfRedZone\",\"itemName\":\"Heart of the Red Zone\",\"itemID\":\"128824121\",\"condition\":10,\"weight\":0.699999988079071,\"category\":\"Item\",\"customName\":\"Heart of the Red Zone\",\"tooltip\":\"\\\"(Tier Legend)The pulsating heart of the Red Zone and radiating raw power.\\\"\",\"startingPrice\":5000,\"buyoutPrice\":7000,\"currentBid\":5000,\"duration\":24,\"timestamp\":1757994741.8470001,\"description\":\"\",\"isActive\":true,\"serverName\":\"pzserver\",\"modData\":{},\"enchantMinDamage\":0,\"enchantMaxDamage\":0,\"originalMinDamage\":0,\"originalMaxDamage\":0,\"hasDamageBoost\":false}}","active","2025-09-16 03:58:10.982 +00:00","2025-09-16 03:58:10.982 +00:00"],"position":"503","routine":"errorMissingColumn","severity":"ERROR","sql":"INSERT INTO \"player_auctions\" (\"itemid\",\"sellerid\",\"itemname\",\"itemdesc\",\"itemprice\",\"lastbid\",\"sellername\",\"buyoutprice\",\"itemtype\",\"itemcondition\",\"moddata\",\"itemdata\",\"originalsource\",\"status\",\"createdAt\",\"updatedAt\") VALUES (DEFAULT,$1,$2,$3,$4,$5,$6,$7,$8,$9,$10,$11,$12,$13,$14,$15) RETURNING \"itemid\",\"sellerid\",\"itemname\",\"itemdesc\",\"itemprice\",\"lastbid\",\"sellername\",\"buyername\",\"buyerid\",\"buyerUsername\",\"buyoutprice\",\"itemtype\",\"itemcondition\",\"moddata\",\"itemdata\",\"originalsource\",\"status\",\"discordMessageId\",\"createdAt\",\"updatedAt\";"},"sql":"INSERT INTO \"player_auctions\" (\"itemid\",\"sellerid\",\"itemname\",\"itemdesc\",\"itemprice\",\"lastbid\",\"sellername\",\"buyoutprice\",\"itemtype\",\"itemcondition\",\"moddata\",\"itemdata\",\"originalsource\",\"status\",\"createdAt\",\"updatedAt\") VALUES (DEFAULT,$1,$2,$3,$4,$5,$6,$7,$8,$9,$10,$11,$12,$13,$14,$15) RETURNING \"itemid\",\"sellerid\",\"itemname\",\"itemdesc\",\"itemprice\",\"lastbid\",\"sellername\",\"buyername\",\"buyerid\",\"buyerUsername\",\"buyoutprice\",\"itemtype\",\"itemcondition\",\"moddata\",\"itemdata\",\"originalsource\",\"status\",\"discordMessageId\",\"createdAt\",\"updatedAt\";","stack":"Error\n    at Query.run (C:\\Users\\Michael\\Zomboid\\Workshop\\ZonaNyamanBotZ\\zomboid-discord-rcon\\node_modules\\sequelize\\lib\\dialects\\postgres\\query.js:50:25)\n    at C:\\Users\\Michael\\Zomboid\\Workshop\\ZonaNyamanBotZ\\zomboid-discord-rcon\\node_modules\\sequelize\\lib\\sequelize.js:315:28\n    at process.processTicksAndRejections (node:internal/process/task_queues:95:5)\n    at async PostgresQueryInterface.insert (C:\\Users\\Michael\\Zomboid\\Workshop\\ZonaNyamanBotZ\\zomboid-discord-rcon\\node_modules\\sequelize\\lib\\dialects\\abstract\\query-interface.js:308:21)\n    at async model.save (C:\\Users\\Michael\\Zomboid\\Workshop\\ZonaNyamanBotZ\\zomboid-discord-rcon\\node_modules\\sequelize\\lib\\model.js:2490:35)\n    at async PlayerAuction.create (C:\\Users\\Michael\\Zomboid\\Workshop\\ZonaNyamanBotZ\\zomboid-discord-rcon\\node_modules\\sequelize\\lib\\model.js:1362:12)\n    at async AuctionLogMonitor.handleCreateAuction (file:///C:/Users/Michael/Zomboid/Workshop/ZonaNyamanBotZ/zomboid-discord-rcon/src/services/auctionLogMonitor.js:223:23)\n    at async AuctionLogMonitor.processAuctionEntry (file:///C:/Users/Michael/Zomboid/Workshop/ZonaNyamanBotZ/zomboid-discord-rcon/src/services/auctionLogMonitor.js:121:11)\n    at async AuctionLogMonitor.scanAndProcessAuctions (file:///C:/Users/Michael/Zomboid/Workshop/ZonaNyamanBotZ/zomboid-discord-rcon/src/services/auctionLogMonitor.js:80:22)\n    at async Timeout._onTimeout (file:///C:/Users/Michael/Zomboid/Workshop/ZonaNyamanBotZ/zomboid-discord-rcon/src/services/auctionLogMonitor.js:36:7)","timestamp":"2025-09-16T03:58:11.004Z"}
{"level":"error","message":"[AuctionLogMonitor] Failed entry data:","timestamp":"2025-09-16T03:58:11.005Z"}
{"level":"warn","message":"[AuctionLogMonitor] Some entries failed; auction log preserved for retry.","timestamp":"2025-09-16T03:58:11.005Z"}
{"level":"info","message":"[AuctionLogMonitor] Found 1 new auction entries","timestamp":"2025-09-16T03:58:40.729Z"}
{"level":"info","message":"[AuctionLogMonitor] Processing CREATE_AUCTION at 2025-09-16T03:52:24Z","timestamp":"2025-09-16T03:58:40.729Z"}
{"level":"info","message":"[AuctionLogMonitor] ✅ Created auction #29: Heart of the Red Zone by admin","timestamp":"2025-09-16T03:58:40.953Z"}
{"level":"info","message":"[AuctionLogMonitor] Stored Discord message ID 1417359019214897303 for auction #29","timestamp":"2025-09-16T03:58:41.445Z"}
{"level":"info","message":"[AuctionLogMonitor] Sent auction notification for item: Heart of the Red Zone","timestamp":"2025-09-16T03:58:41.446Z"}
{"level":"info","message":"[AuctionLogMonitor] Successfully processed all entries; auction log truncated.","timestamp":"2025-09-16T03:58:42.373Z"}
{"level":"info","message":"[AuctionLogMonitor] Found 1 new auction entries","timestamp":"2025-09-16T04:08:10.869Z"}
{"level":"info","message":"[AuctionLogMonitor] Processing CREATE_AUCTION at 2025-09-16T04:07:46Z","timestamp":"2025-09-16T04:08:10.871Z"}
{"level":"info","message":"[AuctionLogMonitor] ✅ Created auction #30: Mystic Orb Weapon by admin","timestamp":"2025-09-16T04:08:11.158Z"}
{"level":"info","message":"[AuctionLogMonitor] Stored Discord message ID 1417361410710573089 for auction #30","timestamp":"2025-09-16T04:08:11.644Z"}
{"level":"info","message":"[AuctionLogMonitor] Sent auction notification for item: Mystic Orb Weapon","timestamp":"2025-09-16T04:08:11.644Z"}
{"level":"info","message":"[AuctionLogMonitor] Successfully processed all entries; auction log truncated.","timestamp":"2025-09-16T04:08:12.494Z"}
{"level":"info","message":"External knowledge base loaded successfully","timestamp":"2025-09-16T04:23:15.240Z"}
{"level":"info","message":"[AuctionLogMonitor] Starting auction log monitoring...","timestamp":"2025-09-16T04:23:17.037Z"}
{"level":"info","message":"[AuctionLogMonitor] Starting from position: 0","timestamp":"2025-09-16T04:23:17.038Z"}
{"level":"info","message":"[AuctionLogMonitor] Monitoring started with 30s interval","timestamp":"2025-09-16T04:23:17.038Z"}
{"level":"info","message":"External knowledge base loaded successfully","timestamp":"2025-09-16T04:23:31.496Z"}
{"level":"info","message":"[AuctionLogMonitor] Starting auction log monitoring...","timestamp":"2025-09-16T04:23:32.994Z"}
{"level":"info","message":"[AuctionLogMonitor] Starting from position: 0","timestamp":"2025-09-16T04:23:32.994Z"}
{"level":"info","message":"[AuctionLogMonitor] Monitoring started with 30s interval","timestamp":"2025-09-16T04:23:32.994Z"}
{"level":"info","message":"External knowledge base loaded successfully","timestamp":"2025-09-16T04:23:51.344Z"}
{"level":"info","message":"[AuctionLogMonitor] Starting auction log monitoring...","timestamp":"2025-09-16T04:23:52.862Z"}
{"level":"info","message":"[AuctionLogMonitor] Starting from position: 0","timestamp":"2025-09-16T04:23:52.863Z"}
{"level":"info","message":"[AuctionLogMonitor] Monitoring started with 30s interval","timestamp":"2025-09-16T04:23:52.863Z"}
{"level":"info","message":"External knowledge base loaded successfully","timestamp":"2025-09-16T04:29:37.285Z"}
{"level":"info","message":"[AuctionLogMonitor] Starting auction log monitoring...","timestamp":"2025-09-16T04:29:41.677Z"}
{"level":"info","message":"[AuctionLogMonitor] Starting from position: 0","timestamp":"2025-09-16T04:29:41.677Z"}
{"level":"info","message":"[AuctionLogMonitor] Monitoring started with 30s interval","timestamp":"2025-09-16T04:29:41.678Z"}
{"level":"info","message":"External knowledge base loaded successfully","timestamp":"2025-09-18T00:58:45.888Z"}
{"level":"info","message":"[AuctionLogMonitor] Starting auction log monitoring...","timestamp":"2025-09-18T00:58:47.808Z"}
{"level":"info","message":"[AuctionLogMonitor] Starting from position: 0","timestamp":"2025-09-18T00:58:47.809Z"}
{"level":"info","message":"[AuctionLogMonitor] Monitoring started with 30s interval","timestamp":"2025-09-18T00:58:47.809Z"}
{"level":"info","message":"[AuctionLogMonitor] Found 1 new auction entries","timestamp":"2025-09-18T00:59:18.924Z"}
{"level":"info","message":"[AuctionLogMonitor] Processing CREATE_AUCTION at 2025-09-18T00:55:57Z","timestamp":"2025-09-18T00:59:18.924Z"}
{"level":"info","message":"[AuctionLogMonitor] ✅ Created auction #31: M4A1 Assault Rifle (Enhanced)_admin_+8 by admin","timestamp":"2025-09-18T00:59:19.283Z"}
{"level":"info","message":"[AuctionLogMonitor] Stored Discord message ID 1418038650523881502 for auction #31","timestamp":"2025-09-18T00:59:19.708Z"}
{"level":"info","message":"[AuctionLogMonitor] Sent auction notification for item: M4A1 Assault Rifle (Enhanced)_admin_+8","timestamp":"2025-09-18T00:59:19.708Z"}
{"level":"info","message":"[AuctionLogMonitor] Successfully processed all entries; auction log truncated.","timestamp":"2025-09-18T00:59:20.618Z"}
{"level":"info","message":"[AuctionLogMonitor] Found 1 new auction entries","timestamp":"2025-09-18T01:25:19.262Z"}
{"level":"info","message":"[AuctionLogMonitor] Processing CREATE_AUCTION at 2025-09-18T01:23:50Z","timestamp":"2025-09-18T01:25:19.269Z"}
{"level":"info","message":"[AuctionLogMonitor] ✅ Created auction #32: M4A1 Assault Rifle (Enhanced) by admin","timestamp":"2025-09-18T01:25:19.624Z"}
{"level":"info","message":"[AuctionLogMonitor] Stored Discord message ID 1418045195165110303 for auction #32","timestamp":"2025-09-18T01:25:20.145Z"}
{"level":"info","message":"[AuctionLogMonitor] Sent auction notification for item: M4A1 Assault Rifle (Enhanced)","timestamp":"2025-09-18T01:25:20.145Z"}
{"level":"info","message":"[AuctionLogMonitor] Successfully processed all entries; auction log truncated.","timestamp":"2025-09-18T01:25:21.048Z"}
{"level":"error","message":"[AuctionLogMonitor] Failed to scan auction logs:","timestamp":"2025-09-18T01:45:48.603Z"}
{"level":"error","message":"[AuctionLogMonitor] Failed to scan auction logs:","timestamp":"2025-09-18T01:46:18.561Z"}
{"level":"error","message":"[AuctionLogMonitor] Failed to scan auction logs:","timestamp":"2025-09-18T01:49:18.600Z"}
{"level":"error","message":"[AuctionLogMonitor] Failed to scan auction logs:","timestamp":"2025-09-18T03:01:09.699Z"}
{"level":"error","message":"[AuctionLogMonitor] Failed to scan auction logs:","timestamp":"2025-09-18T03:54:51.723Z"}
{"level":"error","message":"[AuctionLogMonitor] Failed to scan auction logs:","timestamp":"2025-09-18T03:55:40.576Z"}
{"level":"info","message":"[AuctionLogMonitor] Stopping auction log monitoring...","timestamp":"2025-09-18T07:20:21.854Z"}
{"level":"info","message":"External knowledge base loaded successfully","timestamp":"2025-09-22T08:44:34.005Z"}
{"level":"info","message":"[AuctionLogMonitor] Starting auction log monitoring...","timestamp":"2025-09-22T08:44:38.337Z"}
{"level":"info","message":"[AuctionLogMonitor] Starting from position: 0","timestamp":"2025-09-22T08:44:38.338Z"}
{"level":"info","message":"[AuctionLogMonitor] Monitoring started with 30s interval","timestamp":"2025-09-22T08:44:38.339Z"}
{"level":"info","message":"External knowledge base loaded successfully","timestamp":"2025-09-22T08:44:43.913Z"}
{"level":"info","message":"[AuctionLogMonitor] Starting auction log monitoring...","timestamp":"2025-09-22T08:44:50.195Z"}
{"level":"info","message":"[AuctionLogMonitor] Starting from position: 0","timestamp":"2025-09-22T08:44:50.195Z"}
{"level":"info","message":"[AuctionLogMonitor] Monitoring started with 30s interval","timestamp":"2025-09-22T08:44:50.195Z"}
{"level":"info","message":"External knowledge base loaded successfully","timestamp":"2025-09-22T08:45:33.750Z"}
{"level":"info","message":"[AuctionLogMonitor] Starting auction log monitoring...","timestamp":"2025-09-22T08:45:36.605Z"}
{"level":"info","message":"[AuctionLogMonitor] Starting from position: 0","timestamp":"2025-09-22T08:45:36.605Z"}
{"level":"info","message":"[AuctionLogMonitor] Monitoring started with 30s interval","timestamp":"2025-09-22T08:45:36.606Z"}
{"level":"info","message":"External knowledge base loaded successfully","timestamp":"2025-09-22T08:46:28.635Z"}
{"level":"info","message":"[AuctionLogMonitor] Starting auction log monitoring...","timestamp":"2025-09-22T08:46:31.788Z"}
{"level":"info","message":"[AuctionLogMonitor] Starting from position: 0","timestamp":"2025-09-22T08:46:31.789Z"}
{"level":"info","message":"[AuctionLogMonitor] Monitoring started with 30s interval","timestamp":"2025-09-22T08:46:31.789Z"}
{"level":"info","message":"[AuctionLogMonitor] Found 1 new auction entries","timestamp":"2025-09-22T08:51:33.354Z"}
{"level":"info","message":"[AuctionLogMonitor] Processing CREATE_AUCTION at 2025-09-22T08:49:50Z","timestamp":"2025-09-22T08:51:33.355Z"}
{"level":"info","message":"[AuctionLogMonitor] ✅ Created auction #36: Shoes by Schweiper","timestamp":"2025-09-22T08:51:33.957Z"}
{"level":"info","message":"[AuctionLogMonitor] Stored Discord message ID 1419607051180576849 for auction #36","timestamp":"2025-09-22T08:51:34.427Z"}
{"level":"info","message":"[AuctionLogMonitor] Sent auction notification for item: Shoes","timestamp":"2025-09-22T08:51:34.427Z"}
{"level":"info","message":"[AuctionLogMonitor] Successfully processed all entries; auction log truncated.","timestamp":"2025-09-22T08:51:35.382Z"}
{"level":"info","message":"External knowledge base loaded successfully","timestamp":"2025-09-22T08:52:14.750Z"}
{"level":"info","message":"[AuctionLogMonitor] Starting auction log monitoring...","timestamp":"2025-09-22T08:52:16.332Z"}
{"level":"info","message":"[AuctionLogMonitor] Starting from position: 0","timestamp":"2025-09-22T08:52:16.333Z"}
{"level":"info","message":"[AuctionLogMonitor] Monitoring started with 30s interval","timestamp":"2025-09-22T08:52:16.333Z"}
{"level":"info","message":"External knowledge base loaded successfully","timestamp":"2025-09-22T08:57:52.684Z"}
{"level":"info","message":"[AuctionLogMonitor] Starting auction log monitoring...","timestamp":"2025-09-22T08:57:56.794Z"}
{"level":"info","message":"[AuctionLogMonitor] Starting from position: 0","timestamp":"2025-09-22T08:57:56.794Z"}
{"level":"info","message":"[AuctionLogMonitor] Monitoring started with 30s interval","timestamp":"2025-09-22T08:57:56.795Z"}
{"level":"info","message":"External knowledge base loaded successfully","timestamp":"2025-09-22T08:57:58.415Z"}
{"level":"info","message":"[AuctionLogMonitor] Starting auction log monitoring...","timestamp":"2025-09-22T08:58:00.977Z"}
{"level":"info","message":"[AuctionLogMonitor] Starting from position: 0","timestamp":"2025-09-22T08:58:00.978Z"}
{"level":"info","message":"[AuctionLogMonitor] Monitoring started with 30s interval","timestamp":"2025-09-22T08:58:00.978Z"}
{"level":"info","message":"External knowledge base loaded successfully","timestamp":"2025-09-22T08:58:20.913Z"}
{"level":"info","message":"[AuctionLogMonitor] Starting auction log monitoring...","timestamp":"2025-09-22T08:58:23.529Z"}
{"level":"info","message":"[AuctionLogMonitor] Starting from position: 0","timestamp":"2025-09-22T08:58:23.530Z"}
{"level":"info","message":"[AuctionLogMonitor] Monitoring started with 30s interval","timestamp":"2025-09-22T08:58:23.531Z"}
{"level":"info","message":"External knowledge base loaded successfully","timestamp":"2025-09-22T08:59:52.127Z"}
{"level":"info","message":"[AuctionLogMonitor] Starting auction log monitoring...","timestamp":"2025-09-22T08:59:54.748Z"}
{"level":"info","message":"[AuctionLogMonitor] Starting from position: 0","timestamp":"2025-09-22T08:59:54.749Z"}
{"level":"info","message":"[AuctionLogMonitor] Monitoring started with 30s interval","timestamp":"2025-09-22T08:59:54.749Z"}
{"level":"info","message":"External knowledge base loaded successfully","timestamp":"2025-09-22T09:00:34.453Z"}
{"level":"info","message":"[AuctionLogMonitor] Starting auction log monitoring...","timestamp":"2025-09-22T09:00:36.719Z"}
{"level":"info","message":"[AuctionLogMonitor] Starting from position: 0","timestamp":"2025-09-22T09:00:36.720Z"}
{"level":"info","message":"[AuctionLogMonitor] Monitoring started with 30s interval","timestamp":"2025-09-22T09:00:36.720Z"}
{"level":"info","message":"External knowledge base loaded successfully","timestamp":"2025-09-22T09:00:40.248Z"}
{"level":"info","message":"[AuctionLogMonitor] Starting auction log monitoring...","timestamp":"2025-09-22T09:00:42.724Z"}
{"level":"info","message":"[AuctionLogMonitor] Starting from position: 0","timestamp":"2025-09-22T09:00:42.724Z"}
{"level":"info","message":"[AuctionLogMonitor] Monitoring started with 30s interval","timestamp":"2025-09-22T09:00:42.725Z"}
{"level":"info","message":"External knowledge base loaded successfully","timestamp":"2025-09-22T09:01:45.079Z"}
{"level":"info","message":"[AuctionLogMonitor] Starting auction log monitoring...","timestamp":"2025-09-22T09:01:47.865Z"}
{"level":"info","message":"[AuctionLogMonitor] Starting from position: 0","timestamp":"2025-09-22T09:01:47.865Z"}
{"level":"info","message":"[AuctionLogMonitor] Monitoring started with 30s interval","timestamp":"2025-09-22T09:01:47.866Z"}
{"level":"info","message":"External knowledge base loaded successfully","timestamp":"2025-09-22T09:03:24.955Z"}
{"level":"info","message":"[AuctionLogMonitor] Starting auction log monitoring...","timestamp":"2025-09-22T09:03:27.559Z"}
{"level":"info","message":"[AuctionLogMonitor] Starting from position: 0","timestamp":"2025-09-22T09:03:27.559Z"}
{"level":"info","message":"[AuctionLogMonitor] Monitoring started with 30s interval","timestamp":"2025-09-22T09:03:27.560Z"}
{"level":"info","message":"External knowledge base loaded successfully","timestamp":"2025-09-22T09:03:39.088Z"}
{"level":"info","message":"External knowledge base loaded successfully","timestamp":"2025-09-22T09:03:40.873Z"}
{"level":"info","message":"[AuctionLogMonitor] Starting auction log monitoring...","timestamp":"2025-09-22T09:03:43.092Z"}
{"level":"info","message":"[AuctionLogMonitor] Starting from position: 0","timestamp":"2025-09-22T09:03:43.093Z"}
{"level":"info","message":"[AuctionLogMonitor] Monitoring started with 30s interval","timestamp":"2025-09-22T09:03:43.093Z"}
{"level":"info","message":"[AuctionLogMonitor] Stopping auction log monitoring...","timestamp":"2025-09-22T09:05:06.590Z"}
{"level":"info","message":"External knowledge base loaded successfully","timestamp":"2025-09-22T12:04:53.572Z"}
{"level":"info","message":"[AuctionLogMonitor] Starting auction log monitoring...","timestamp":"2025-09-22T12:04:55.884Z"}
{"level":"info","message":"[AuctionLogMonitor] Starting from position: 0","timestamp":"2025-09-22T12:04:55.885Z"}
{"level":"info","message":"[AuctionLogMonitor] Monitoring started with 30s interval","timestamp":"2025-09-22T12:04:55.885Z"}
{"level":"info","message":"External knowledge base loaded successfully","timestamp":"2025-09-22T12:06:13.291Z"}
{"level":"info","message":"[AuctionLogMonitor] Starting auction log monitoring...","timestamp":"2025-09-22T12:06:14.932Z"}
{"level":"info","message":"[AuctionLogMonitor] Starting from position: 0","timestamp":"2025-09-22T12:06:14.932Z"}
{"level":"info","message":"[AuctionLogMonitor] Monitoring started with 30s interval","timestamp":"2025-09-22T12:06:14.933Z"}
{"level":"error","message":"[AuctionLogMonitor] Failed to scan auction logs:","timestamp":"2025-09-22T12:09:45.039Z"}
{"level":"info","message":"External knowledge base loaded successfully","timestamp":"2025-09-22T12:10:51.272Z"}
{"level":"info","message":"[AuctionLogMonitor] Starting auction log monitoring...","timestamp":"2025-09-22T12:10:52.896Z"}
{"level":"info","message":"[AuctionLogMonitor] Starting from position: 0","timestamp":"2025-09-22T12:10:52.897Z"}
{"level":"info","message":"[AuctionLogMonitor] Monitoring started with 30s interval","timestamp":"2025-09-22T12:10:52.897Z"}
{"level":"info","message":"External knowledge base loaded successfully","timestamp":"2025-09-22T12:11:00.397Z"}
{"level":"info","message":"[AuctionLogMonitor] Starting auction log monitoring...","timestamp":"2025-09-22T12:11:03.149Z"}
{"level":"info","message":"[AuctionLogMonitor] Starting from position: 0","timestamp":"2025-09-22T12:11:03.149Z"}
{"level":"info","message":"[AuctionLogMonitor] Monitoring started with 30s interval","timestamp":"2025-09-22T12:11:03.150Z"}
{"level":"info","message":"External knowledge base loaded successfully","timestamp":"2025-09-22T12:14:14.865Z"}
{"level":"info","message":"[AuctionLogMonitor] Starting auction log monitoring...","timestamp":"2025-09-22T12:14:17.096Z"}
{"level":"info","message":"[AuctionLogMonitor] Starting from position: 0","timestamp":"2025-09-22T12:14:17.096Z"}
{"level":"info","message":"[AuctionLogMonitor] Monitoring started with 30s interval","timestamp":"2025-09-22T12:14:17.096Z"}
{"level":"info","message":"External knowledge base loaded successfully","timestamp":"2025-09-22T12:14:41.607Z"}
{"level":"info","message":"[AuctionLogMonitor] Starting auction log monitoring...","timestamp":"2025-09-22T12:14:43.152Z"}
{"level":"info","message":"[AuctionLogMonitor] Starting from position: 0","timestamp":"2025-09-22T12:14:43.153Z"}
{"level":"info","message":"[AuctionLogMonitor] Monitoring started with 30s interval","timestamp":"2025-09-22T12:14:43.153Z"}
{"level":"info","message":"External knowledge base loaded successfully","timestamp":"2025-09-22T12:17:37.765Z"}
{"level":"info","message":"[AuctionLogMonitor] Starting auction log monitoring...","timestamp":"2025-09-22T12:17:39.445Z"}
{"level":"info","message":"[AuctionLogMonitor] Starting from position: 0","timestamp":"2025-09-22T12:17:39.446Z"}
{"level":"info","message":"[AuctionLogMonitor] Monitoring started with 30s interval","timestamp":"2025-09-22T12:17:39.446Z"}
{"level":"info","message":"External knowledge base loaded successfully","timestamp":"2025-09-22T12:24:28.778Z"}
{"level":"info","message":"[AuctionLogMonitor] Starting auction log monitoring...","timestamp":"2025-09-22T12:24:30.353Z"}
{"level":"info","message":"[AuctionLogMonitor] Starting from position: 0","timestamp":"2025-09-22T12:24:30.353Z"}
{"level":"info","message":"[AuctionLogMonitor] Monitoring started with 30s interval","timestamp":"2025-09-22T12:24:30.353Z"}
{"level":"info","message":"External knowledge base loaded successfully","timestamp":"2025-09-22T12:24:40.751Z"}
{"level":"info","message":"[AuctionLogMonitor] Starting auction log monitoring...","timestamp":"2025-09-22T12:24:42.379Z"}
{"level":"info","message":"[AuctionLogMonitor] Starting from position: 0","timestamp":"2025-09-22T12:24:42.379Z"}
{"level":"info","message":"[AuctionLogMonitor] Monitoring started with 30s interval","timestamp":"2025-09-22T12:24:42.380Z"}
{"level":"info","message":"[AuctionLogMonitor] Stopping auction log monitoring...","timestamp":"2025-09-22T12:46:13.121Z"}
{"level":"info","message":"External knowledge base loaded successfully","timestamp":"2025-09-23T08:22:47.914Z"}
{"level":"info","message":"[AuctionLogMonitor] Starting auction log monitoring...","timestamp":"2025-09-23T08:22:49.595Z"}
{"level":"info","message":"[AuctionLogMonitor] Starting from position: 0","timestamp":"2025-09-23T08:22:49.595Z"}
{"level":"info","message":"[AuctionLogMonitor] Monitoring started with 30s interval","timestamp":"2025-09-23T08:22:49.596Z"}
{"level":"info","message":"[AuctionLogMonitor] Already running","timestamp":"2025-09-23T08:25:24.419Z"}
{"level":"info","message":"[AuctionLogMonitor] Found 1 new auction entries","timestamp":"2025-09-23T08:32:20.660Z"}
{"level":"info","message":"[AuctionLogMonitor] Processing CREATE_AUCTION at 2025-09-23T08:32:06Z","timestamp":"2025-09-23T08:32:20.661Z"}
{"level":"info","message":"[AuctionLogMonitor] ✅ Created auction #40: Hand Scythe by Vefulz","timestamp":"2025-09-23T08:32:21.053Z"}
{"level":"info","message":"[AuctionLogMonitor] Stored Discord message ID 1419964597997146192 for auction #40","timestamp":"2025-09-23T08:32:21.465Z"}
{"level":"info","message":"[AuctionLogMonitor] Sent auction notification for item: Hand Scythe","timestamp":"2025-09-23T08:32:21.466Z"}
{"level":"info","message":"[AuctionLogMonitor] Successfully processed all entries; auction log truncated.","timestamp":"2025-09-23T08:32:22.367Z"}
{"level":"info","message":"[AuctionLogMonitor] Found 1 new auction entries","timestamp":"2025-09-23T08:33:50.763Z"}
{"level":"info","message":"[AuctionLogMonitor] Processing CREATE_AUCTION at 2025-09-23T08:33:26Z","timestamp":"2025-09-23T08:33:50.763Z"}
{"level":"info","message":"[AuctionLogMonitor] ✅ Created auction #41: Crowbar by Vefulz","timestamp":"2025-09-23T08:33:51.093Z"}
{"level":"info","message":"[AuctionLogMonitor] Stored Discord message ID 1419964975622918175 for auction #41","timestamp":"2025-09-23T08:33:51.498Z"}
{"level":"info","message":"[AuctionLogMonitor] Sent auction notification for item: Crowbar","timestamp":"2025-09-23T08:33:51.499Z"}
{"level":"info","message":"[AuctionLogMonitor] Successfully processed all entries; auction log truncated.","timestamp":"2025-09-23T08:33:52.414Z"}
{"level":"info","message":"[AuctionLogMonitor] Found 1 new auction entries","timestamp":"2025-09-23T08:34:50.797Z"}
{"level":"info","message":"[AuctionLogMonitor] Processing CREATE_AUCTION at 2025-09-23T08:34:28Z","timestamp":"2025-09-23T08:34:50.797Z"}
{"level":"info","message":"[AuctionLogMonitor] ✅ Created auction #42: Spiffo by Vefulz","timestamp":"2025-09-23T08:34:51.081Z"}
{"level":"info","message":"[AuctionLogMonitor] Stored Discord message ID 1419965227281289327 for auction #42","timestamp":"2025-09-23T08:34:51.483Z"}
{"level":"info","message":"[AuctionLogMonitor] Sent auction notification for item: Spiffo","timestamp":"2025-09-23T08:34:51.483Z"}
{"level":"info","message":"[AuctionLogMonitor] Successfully processed all entries; auction log truncated.","timestamp":"2025-09-23T08:34:52.393Z"}
{"level":"info","message":"[AuctionLogMonitor] Found 1 new auction entries","timestamp":"2025-09-23T08:58:22.324Z"}
{"level":"info","message":"[AuctionLogMonitor] Processing CREATE_AUCTION at 2025-09-23T08:58:21Z","timestamp":"2025-09-23T08:58:22.328Z"}
{"level":"info","message":"[AuctionLogMonitor] Created new ZMUser: Schweiper","timestamp":"2025-09-23T08:58:23.183Z"}
{"level":"info","message":"[AuctionLogMonitor] ✅ Created auction #43: School Bag by Schweiper","timestamp":"2025-09-23T08:58:23.225Z"}
{"level":"info","message":"[AuctionLogMonitor] Stored Discord message ID 1419971151114797066 for auction #43","timestamp":"2025-09-23T08:58:24.277Z"}
{"level":"info","message":"[AuctionLogMonitor] Sent auction notification for item: School Bag","timestamp":"2025-09-23T08:58:24.278Z"}
{"level":"info","message":"[AuctionLogMonitor] Successfully processed all entries; auction log truncated.","timestamp":"2025-09-23T08:58:26.249Z"}
{"level":"info","message":"External knowledge base loaded successfully","timestamp":"2025-09-24T01:11:20.144Z"}
{"level":"info","message":"[AuctionLogMonitor] Starting auction log monitoring...","timestamp":"2025-09-24T01:11:21.828Z"}
{"level":"info","message":"[AuctionLogMonitor] Starting from position: 0","timestamp":"2025-09-24T01:11:21.828Z"}
{"level":"info","message":"[AuctionLogMonitor] Monitoring started with 30s interval","timestamp":"2025-09-24T01:11:21.829Z"}
{"level":"info","message":"[AuctionLogMonitor] Found 1 new auction entries","timestamp":"2025-09-24T01:11:53.491Z"}
{"level":"info","message":"[AuctionLogMonitor] Processing SYSTEM_TEST at 2025-09-23T18:02:33Z","timestamp":"2025-09-24T01:11:53.491Z"}
{"level":"info","message":"[AuctionLogMonitor] System test entry received: Auction logging system test","server":"pzserver","test":true,"timestamp":"2025-09-24T01:11:53.492Z"}
{"level":"info","message":"[AuctionLogMonitor] Successfully processed all entries; auction log truncated.","timestamp":"2025-09-24T01:11:55.787Z"}
{"level":"error","message":"[AuctionLogMonitor] Failed to scan auction logs:","timestamp":"2025-09-24T02:17:22.852Z"}
{"level":"error","message":"[AuctionLogMonitor] Failed to scan auction logs:","timestamp":"2025-09-24T02:18:22.842Z"}
{"level":"error","message":"[AuctionLogMonitor] Failed to scan auction logs:","timestamp":"2025-09-24T02:18:52.833Z"}
{"level":"info","message":"[AuctionLogMonitor] Found 1 new auction entries","timestamp":"2025-09-24T02:37:54.022Z"}
{"level":"info","message":"[AuctionLogMonitor] Processing CREATE_AUCTION at 2025-09-24T02:37:05Z","timestamp":"2025-09-24T02:37:54.024Z"}
{"level":"info","message":"[AuctionLogMonitor] ✅ Created auction #44: M4A1 Assault Rifle (Enhanced) by admin","timestamp":"2025-09-24T02:37:54.442Z"}
{"level":"info","message":"[AuctionLogMonitor] Stored Discord message ID 1420237789781426197 for auction #44","timestamp":"2025-09-24T02:37:54.997Z"}
{"level":"info","message":"[AuctionLogMonitor] Sent auction notification for item: M4A1 Assault Rifle (Enhanced)","timestamp":"2025-09-24T02:37:54.997Z"}
{"level":"info","message":"[AuctionLogMonitor] Successfully processed all entries; auction log truncated.","timestamp":"2025-09-24T02:37:55.946Z"}
{"level":"error","message":"[AuctionLogMonitor] Failed to scan auction logs:","timestamp":"2025-09-24T02:39:13.113Z"}
{"level":"error","message":"[AuctionLogMonitor] Failed to scan auction logs:","timestamp":"2025-09-24T03:26:53.910Z"}
{"level":"error","message":"[AuctionLogMonitor] Failed to scan auction logs:","timestamp":"2025-09-24T03:27:53.911Z"}
{"level":"error","message":"[AuctionLogMonitor] Failed to scan auction logs:","timestamp":"2025-09-24T03:28:53.944Z"}
{"level":"error","message":"[AuctionLogMonitor] Failed to scan auction logs:","timestamp":"2025-09-24T03:30:23.934Z"}
{"level":"info","message":"[AuctionLogMonitor] Found 1 new auction entries","timestamp":"2025-09-24T04:01:55.362Z"}
{"level":"info","message":"[AuctionLogMonitor] Processing CREATE_AUCTION at 2025-09-24T04:01:29Z","timestamp":"2025-09-24T04:01:55.365Z"}
{"level":"info","message":"[AuctionLogMonitor] ✅ Created auction #45: M4A1 Assault Rifle by admin","timestamp":"2025-09-24T04:01:55.726Z"}
{"level":"info","message":"[AuctionLogMonitor] Stored Discord message ID 1420258934752546887 for auction #45","timestamp":"2025-09-24T04:01:56.220Z"}
{"level":"info","message":"[AuctionLogMonitor] Sent auction notification for item: M4A1 Assault Rifle","timestamp":"2025-09-24T04:01:56.221Z"}
{"level":"info","message":"[AuctionLogMonitor] Successfully processed all entries; auction log truncated.","timestamp":"2025-09-24T04:01:57.109Z"}
{"level":"info","message":"[AuctionLogMonitor] Found 1 new auction entries","timestamp":"2025-09-24T06:36:30.815Z"}
{"level":"info","message":"[AuctionLogMonitor] Processing CREATE_AUCTION at 2025-09-24T06:35:50Z","timestamp":"2025-09-24T06:36:30.826Z"}
{"level":"info","message":"[AuctionLogMonitor] ✅ Created auction #46: M4A1 Assault Rifle (Enhanced) by admin","timestamp":"2025-09-24T06:36:33.745Z"}
{"level":"info","message":"[AuctionLogMonitor] Stored Discord message ID 1420297850146914385 for auction #46","timestamp":"2025-09-24T06:36:34.310Z"}
{"level":"info","message":"[AuctionLogMonitor] Sent auction notification for item: M4A1 Assault Rifle (Enhanced)","timestamp":"2025-09-24T06:36:34.310Z"}
{"level":"info","message":"[AuctionLogMonitor] Successfully processed all entries; auction log truncated.","timestamp":"2025-09-24T06:36:36.579Z"}
{"level":"info","message":"External knowledge base loaded successfully","timestamp":"2025-09-24T06:43:24.445Z"}
{"level":"info","message":"[AuctionLogMonitor] Starting auction log monitoring...","timestamp":"2025-09-24T06:43:26.337Z"}
{"level":"info","message":"[AuctionLogMonitor] Starting from position: 0","timestamp":"2025-09-24T06:43:26.338Z"}
{"level":"info","message":"[AuctionLogMonitor] Monitoring started with 30s interval","timestamp":"2025-09-24T06:43:26.338Z"}
{"level":"info","message":"External knowledge base loaded successfully","timestamp":"2025-09-24T06:44:37.755Z"}
{"level":"info","message":"[AuctionLogMonitor] Starting auction log monitoring...","timestamp":"2025-09-24T06:44:40.672Z"}
{"level":"info","message":"[AuctionLogMonitor] Starting from position: 0","timestamp":"2025-09-24T06:44:40.672Z"}
{"level":"info","message":"[AuctionLogMonitor] Monitoring started with 30s interval","timestamp":"2025-09-24T06:44:40.673Z"}
{"level":"info","message":"External knowledge base loaded successfully","timestamp":"2025-09-24T06:56:29.925Z"}
{"level":"info","message":"External knowledge base loaded successfully","timestamp":"2025-09-24T06:56:35.153Z"}
{"level":"info","message":"[AuctionLogMonitor] Starting auction log monitoring...","timestamp":"2025-09-24T06:56:38.213Z"}
{"level":"info","message":"[AuctionLogMonitor] Starting from position: 0","timestamp":"2025-09-24T06:56:38.214Z"}
{"level":"info","message":"[AuctionLogMonitor] Monitoring started with 30s interval","timestamp":"2025-09-24T06:56:38.214Z"}
{"level":"info","message":"[AuctionLogMonitor] Found 1 new auction entries","timestamp":"2025-09-24T06:57:09.974Z"}
{"level":"info","message":"[AuctionLogMonitor] Processing SYSTEM_TEST at 2025-09-24T06:56:17Z","timestamp":"2025-09-24T06:57:09.975Z"}
{"level":"info","message":"[AuctionLogMonitor] System test entry received: Auction logging system test","server":"pzserver","test":true,"timestamp":"2025-09-24T06:57:09.975Z"}
{"level":"info","message":"[AuctionLogMonitor] Successfully processed all entries; auction log truncated.","timestamp":"2025-09-24T06:57:12.320Z"}
{"level":"info","message":"External knowledge base loaded successfully","timestamp":"2025-09-24T07:01:29.474Z"}
{"level":"info","message":"[AuctionLogMonitor] Starting auction log monitoring...","timestamp":"2025-09-24T07:01:32.411Z"}
{"level":"info","message":"[AuctionLogMonitor] Starting from position: 0","timestamp":"2025-09-24T07:01:32.412Z"}
{"level":"info","message":"[AuctionLogMonitor] Monitoring started with 30s interval","timestamp":"2025-09-24T07:01:32.412Z"}
{"level":"info","message":"External knowledge base loaded successfully","timestamp":"2025-09-24T07:03:52.380Z"}
{"level":"info","message":"[AuctionLogMonitor] Starting auction log monitoring...","timestamp":"2025-09-24T07:03:54.449Z"}
{"level":"info","message":"[AuctionLogMonitor] Starting from position: 0","timestamp":"2025-09-24T07:03:54.449Z"}
{"level":"info","message":"[AuctionLogMonitor] Monitoring started with 30s interval","timestamp":"2025-09-24T07:03:54.449Z"}
{"level":"info","message":"External knowledge base loaded successfully","timestamp":"2025-09-24T07:06:09.146Z"}
{"level":"info","message":"[AuctionLogMonitor] Starting auction log monitoring...","timestamp":"2025-09-24T07:06:10.985Z"}
{"level":"info","message":"[AuctionLogMonitor] Starting from position: 0","timestamp":"2025-09-24T07:06:10.985Z"}
{"level":"info","message":"[AuctionLogMonitor] Monitoring started with 30s interval","timestamp":"2025-09-24T07:06:10.985Z"}
{"level":"info","message":"[AuctionLogMonitor] Stopping auction log monitoring...","timestamp":"2025-09-24T07:13:57.908Z"}
{"level":"info","message":"External knowledge base loaded successfully","timestamp":"2025-09-24T07:14:03.077Z"}
{"level":"info","message":"[AuctionLogMonitor] Starting auction log monitoring...","timestamp":"2025-09-24T07:14:08.810Z"}
{"level":"info","message":"[AuctionLogMonitor] Starting from position: 0","timestamp":"2025-09-24T07:14:08.810Z"}
{"level":"info","message":"[AuctionLogMonitor] Monitoring started with 30s interval","timestamp":"2025-09-24T07:14:08.810Z"}
{"level":"info","message":"[AuctionLogMonitor] Stopping auction log monitoring...","timestamp":"2025-09-24T07:17:16.903Z"}
